,x_opt,x_sim,u0,u1,u2,u3,PV,PV_pred,PL,PL_pred
0,0.7,0.7,0.0,149.99146035303409,0.16798935396933576,1.6704779438076223e-52,1.267140625,1.0414012238016943,92.68445979958712,113.43693701691677
1,0.6726409980196364,0.6833557817932225,3.3409558876152446e-52,90.21820464519475,0.1926761715623341,0.0,1.2360078125,1.0148380734429197,99.18871756580387,114.6189846233996
2,0.6668996446655278,0.6655239869292482,0.0,97.36363741437398,0.23665450545508918,0.0,1.204875,0.9882749230841456,98.55876738936813,115.5110669812978
3,0.6477644962051394,0.6477644962051394,1.2006560221117285e-52,100.93571209675925,0.27984332402883266,0.0,1.1737421875,0.9629426261170558,100.60101325556921,112.61847977407758
4,0.6293534457316998,0.6296796354696512,5.4290533173747724e-52,100.88898724064913,0.31559090153830865,0.0,1.142609375,0.9377470906379312,100.0478170552385,111.41318327200187
5,0.6112771077842946,0.6116965215354104,8.352389719038111e-52,96.65168238306642,0.36845427465324015,0.0,1.1114765624999998,0.9125515551588068,105.42654668367823,111.75141579075951
6,0.5940668940652871,0.5927362709844555,2.61012178719941e-53,104.60824292224646,0.4054762224268833,0.0,1.08034375,0.8873560196796823,101.48449166037821,111.88220007267263
7,0.5736553371863853,0.5744961401776416,4.8939783509988934e-55,103.28158696840208,0.4298464756689836,0.0,1.0492109374999998,0.8621604842005576,96.36084544764154,110.79251775317806
8,0.5556571933752517,0.5571893480401047,2.871133965919351e-53,95.28016534060758,0.46392475594820837,0.0,1.018078125,0.8369649487214329,95.56972312927248,110.19463703237189
9,0.5398098903955992,0.5400273968293956,0.0,94.08568189577248,0.5019225582029858,0.0,0.9869453124999998,0.8117694132423086,94.90017420217535,111.52264332815191
10,0.522865817421797,0.5229888260407927,0.0,97.20332694793026,5.22024357439882e-54,2.2444360073133623e-08,0.9558125,0.7865738777631839,97.45045622339792,109.73272601440478
11,0.5052585765438751,0.5053878430040035,3.1554436208840472e-30,94.67912853339617,4.23549022776723,0.0,0.9246796874999998,0.762043918959336,93.99230718612672,111.04045897531314
12,0.48811801671557714,0.48918452973674786,0.0,78.9985034669141,14.435892770970657,0.0,0.893546875,0.7375254511063648,96.15414357922741,110.05900110369758
13,0.4747749079642151,0.47444180218567533,6.726232628759122e-44,77.54933323927052,19.188440675453258,0.0,0.8624140624999999,0.7130069832533934,93.22428801349388,109.75608143872036
14,0.46029651446945924,0.46109469494914657,2.7369110631344083e-48,71.5593772039243,24.083669165781288,1.5425493495287586e-41,0.83128125,0.6884885154004221,93.65556371100595,108.87933253994456
15,0.44804199756205726,0.4485561506156963,6.126729119751679e-40,64.2949458667483,30.078491605727432,4.2473916973070935e-40,0.8001484374999999,0.6639700475474506,94.13349259574457,108.43346085574122
16,0.43682851260780264,0.4370182295088636,0.0,56.54984616655777,37.543328255546164,2.5014298626969445e-40,0.769015625,0.6394515796944791,95.96698128640115,109.6383947631864
17,0.426703326582933,0.4265018085389545,3.518200560005303e-43,55.697593497251624,41.797774584382715,2.87760550438425e-43,0.7378828124999999,0.6149331118415077,95.99679398970171,109.63401121870858
18,0.4163423596796249,0.41675029776312233,3.408120696748616e-45,50.32662925697616,47.116092695211904,0.0,0.70675,0.5924549271285205,98.04539828030569,111.25305095774958
19,0.40757053282006583,0.40757053282006583,1.401298464324817e-45,46.54694212412633,51.38099410096519,0.0,0.6756171874999999,0.5699931619188608,97.62834291004,110.24058829479894
20,0.39908019691189844,0.39925807894603405,0.0,38.55667227851241,59.61616928192313,0.0,0.644484375,0.5475328428658952,102.98114096901631,110.36118627016195
21,0.3922251980690747,0.39146570267192704,1.401298464324817e-45,53.39923577406198,50.67609968758808,0.0,0.6133515624999999,0.5250725238129293,89.1430451979331,111.09168206854748
22,0.38172548283638563,0.38456106590563777,7.006492321624085e-46,33.69675825103825,56.56604437110238,0.0,0.58221875,0.5026122047599638,94.85817109554188,109.30878861670773
23,0.3784146514794291,0.3776826379969842,0.0,38.566028058006204,55.861333803546714,9.088621100130529e-34,0.5510859374999999,0.480151885706998,89.86634463016121,109.41788501859486
24,0.3706480505909393,0.3715805172819917,9.860761315259869e-32,31.53302951706852,59.51174320635516,0.0,0.5199531249999998,0.4576915666540322,92.81720359108664,109.73756578204828
25,0.36582877504964206,0.36560031843643737,2.802596928649634e-45,23.220730593627035,70.40866686450894,1.0509738482436128e-45,0.4888203124999997,0.4352312476010666,103.40664284045886,110.24145091709377
26,0.36136477054056887,0.3596705271531013,6.842277657836021e-49,33.874058257904295,68.27588402258014,0.0,0.4576875,0.4127709285481007,96.52788514911005,109.36887225925858
27,0.35349177254414127,0.35460074064818126,2.3076317680088458e-32,3.468932364901762e-08,96.29021884703695,0.0,0.4265546874999999,0.39031060949513496,127.52345988906436,113.2739702086933
28,0.3546007406418539,0.3546007406418539,0.0,39.14869428637541,86.63082601498591,0.0,0.3954218749999998,0.3678502904421693,112.36682070777529,119.85545693466206
29,0.34745987274185053,0.3499785256152541,0.0,24.97032323927764,87.37023000083745,0.0,0.3642890624999997,0.3453899713892035,113.08436676307959,119.01478315467436
30,0.3454238454931608,0.34542384549316085,0.0,0.0,111.48109749417844,5.605193857299268e-45,0.33315625000000004,0.3229296523362379,154.10595810204222,132.127853911324
31,0.34542384549212735,0.34542384549316085,0.0,30.69152595306951,120.28290634258781,1.154288956583661e-41,0.30202343749999994,0.3004693332832721,141.92795789563974,137.48990045133675
32,0.3398255966504998,0.341530797534924,0.0,16.909317806956683,126.05439291161633,5.169837599554355e-26,0.27089062499999983,0.27800901423030633,149.46725920204798,140.25696133222152
33,0.33844647487896573,0.3373096148317898,2.0367771486363416e-21,0.0,146.87439554481094,0.0,0.2397578124999997,0.2555486951773406,182.87464297259288,152.30437481223709
34,0.3373096148333681,0.3373096148317898,0.0,21.647586447219997,156.6212530387168,0.0,0.2086250000000001,0.2330883761243749,173.6638073002526,158.84736264088374
35,0.33336101429756204,0.334239043327788,0.0,17.68726628786213,157.31272227158524,1.4950376682371706e-46,0.17749218749999995,0.21062805707140925,175.623057047526,164.95212823123794
36,0.33101281996641885,0.33101281996641885,0.0,10.335273290831013,164.0867697029576,0.0,0.14635937499999985,0.1881677380184434,181.77231842880943,174.29781471999237
37,0.3291276275576917,0.32781360639082924,1.3783211622161001e-11,0.0,178.07992457454299,0.0,0.11522656249999975,0.16570741896547767,195.2160062436704,181.0253751385817
38,0.32781360639106727,0.32781360639083124,0.0,6.32442508945685,188.7302818561992,0.0,0.08409375000000008,0.14324709991251194,204.6713270707564,182.4482957848684
39,0.3266600076583444,0.3249212392820622,0.0,24.393827925372474,180.45199052855588,1.1489246108999175e-41,0.05296093749999997,0.12078678085954625,194.2780541614093,191.2710514325148
40,0.3204717140561055,0.32240897396355006,0.0,6.960557402895039,184.61490906303558,0.0,0.021828124999999858,0.10592422466208172,197.5791710895041,201.15063052176623
41,0.32113934232370867,0.3200482257322337,0.0,9.40348043092125,185.7193860645947,5.345529420184391e-51,1.3333333333333337,0.3040211919101102,196.8490399447355,219.13454049392067
42,0.3183329958176349,0.31833299581763486,0.0,6.487169961952783,190.7980927409608,1.401298464324817e-45,7.5,1.0872368851122487,208.31524991122157,235.26902449886106
43,0.31714971181321033,0.31650582897617796,2.1236958486535468e-40,6.044494339148769,196.56039749918406,0.0,15.0,2.7263827058385552,220.24083225543686,240.0497844027476
44,0.3154032906569575,0.3149224852902923,4.484155085839415e-44,15.532152872544497,190.39915312630362,0.0,23.4375,5.240566969598643,217.5066259474981,247.278674836781
45,0.31208936265651666,0.31425306855518875,0.0,14.809182483791224,183.40382226002066,0.0,31.499999994412065,8.957494277881379,218.18432916659057,244.66315502515565
46,0.31155181841769447,0.31365469185497474,0.0,17.703453582497147,174.16109166010278,0.0,46.99999999953434,11.627115640605126,221.7870185158469,249.05175607435157
47,0.31042551587066997,0.3135405204610948,8.96831017167883e-44,10.13778740046911,171.34997162790802,0.0,54.74999999860302,15.717244925780307,228.94174801861809,258.38544458501264
48,0.3116913502155813,0.3130221698446236,0.0,20.94800513079267,158.7613973799113,0.0,66.75000000279397,20.62407683004988,225.83552483149936,267.85963663689097
49,0.3092011755526214,0.31296304778865736,0.0,4.755501434461902,161.64439943588093,0.0,75.0,29.02656305459585,241.17878013744686,269.55716858485835
50,0.31209562658443124,0.31209562658443124,4.03896783473204e-28,13.704690149743085,156.98452601735482,3.503246160812043e-46,93.00000000279395,33.85208333358169,249.23196567998875,258.59460755191947
51,0.3095958399694827,0.3095958399694827,9.528829557408756e-44,18.805343078035214,145.2880762086571,4.519187547447535e-44,108.00000000279395,35.71458333334885,249.5550303988987,259.1193560724158
52,0.3061656752300874,0.3061656752300874,0.0,26.11084646106555,124.70466731622618,0.0,132.24999996833506,44.887500001350425,246.17390782624767,262.1405655320053
53,0.3014029594170947,0.30140295941709483,0.0,6.85061917011456,120.01246705013527,4.441420895975138e-25,135.74999999720603,56.32916666520761,249.546271647882,276.8054400252008
54,0.3001533809210873,0.30015338092108745,0.0,0.8409417917948573,119.48640375800005,0.0,163.49999999860304,62.59166666911915,248.1891585705328,280.85712037659766
55,0.3,0.29999999000074484,0.0037444577242434943,1.178858528466751e-15,97.80836240214435,1.7277965186231796e-24,162.74999999441206,61.88749999902211,242.13621125397862,283.98445803216566
56,0.30000056023422644,0.3000005602342264,1.3925866907271514e-24,0.003125279400070217,85.58631909004448,3.4211388289180104e-49,175.50000000279397,70.34583333041519,232.3472941262381,283.599246027906
57,0.3,0.2999999901716035,0.0,9.447785187256121e-07,62.798117486597356,4.9044155171326875e-20,189.74999999860302,81.0874999987427,236.65882845014056,283.1727250079054
58,0.3,0.29999998999927247,0.0,0.00022417774772987334,53.76981917404656,0.0,205.500000002794,87.08125000074507,245.18053168581247,279.0907100683044
59,0.3,0.2999999491084149,0.00026851596217891303,1.5278818422630356e-16,50.198052278944864,0.0,215.25000000139698,99.31041666748932,236.18005030495775,273.574908300887
60,0.3,0.2999999899999948,0.0,7.795853389271963e-85,27.18799853691101,0.0,228.75,103.34166666842066,225.46155307911064,272.34158606260826
61,0.3,0.2999999899999948,9.715288901476263e-09,0.0,3.2959712869682822,5.22024357439882e-54,262.2500000218861,105.847916665487,230.55147937335803,266.96531816019814
62,0.3,0.29999999000147426,15.365653306928468,0.0,0.0,1.858325672581214e-08,244.49999999720603,101.70208333269692,248.15226121382275,275.1172269631032
63,0.30233998436851084,0.30233998436851084,0.0,3.2429330083940626,0.694398918160845,2.1382117680737565e-50,288.49999998696154,114.68958333064802,232.2691844838911,278.6732885532199
64,0.30174846128853017,0.30174846128853017,41.833729881555016,0.0,0.0,2.1075118229506816e-08,264.00000000139704,130.45833333139308,241.87737940882786,271.3206525018095
65,0.3081192084555793,0.30511745618170805,26.174838229272034,5.18932777305773e-63,0.5229838104472062,8.552847072295026e-50,299.250000002794,125.63958333223127,231.04513832374846,270.15312124379346
66,0.3091035524960752,0.31558383649704824,57.00487606228799,0.0,0.0,2.4011968299555703e-08,271.50000000139704,118.55833333474584,235.89382531507962,280.8263121594754
67,0.32426495705957126,0.3210062058865717,40.90449053699611,0.0,0.0,2.389556496458402e-08,275.99999999860296,137.93125000130385,241.78181776566944,275.42801303872034
68,0.3272354416718093,0.3262172016067002,36.55464022153408,0.0,0.0,2.5733671012721513e-08,281.25,132.11250000121072,229.38943578546693,271.4666848709311
69,0.3317840102869971,0.33411490863217463,54.359098244342434,2.1115676086466202e-113,0.436401852015927,0.0,314.3749999883585,123.50833333097398,220.7963124868033,271.8963574689945
70,0.34239311074621015,0.34843221588292494,77.56177988255726,0.0,0.0,3.185525643521082e-08,301.875,119.22500000125729,233.79878924443167,269.57522931105655
71,0.3602438925098266,0.3587993604774773,66.47851342749003,4.109642529390756e-194,0.0,3.528768259476424e-08,305.99999999860296,119.11041666613892,224.7708831251712,273.3484399118205
72,0.36892319601131396,0.37116952606978004,81.1853198005223,0.0,0.0,3.8125562673446005e-08,290.99999999860296,105.9770833349321,217.10964344666058,277.41027607936053
73,0.3835330219280155,0.3824220914223184,77.22705662962463,0.0,0.0,3.481295330807141e-08,237.7499999944121,116.73749999864958,216.227769064247,270.99097329217324
74,0.39418279393762634,0.3856996545727558,45.478275183839166,0.0,0.0,3.4337998225316063e-08,259.49999999720603,121.88749999972059,215.3702409978498,270.94252256560225
75,0.39262541982510224,0.3924200578861812,49.42797718073408,0.0,0.0,3.364003819488486e-08,283.3749999850988,122.54791666404344,240.069628466357,265.13599399708164
76,0.3999473127230959,0.3990149174286568,31.56767520709676,0.0,2.269035022127156e-41,3.167856997903193e-08,235.500000002794,129.92189018386986,235.9610324124677,270.1827253162334
77,0.40382227450547825,0.40382227450547825,12.910675043025963,0.0,0.0,3.3226377648059065e-08,283.6250000121072,131.1062499990221,247.2376237349077,264.0510806485503
78,0.4057884067793138,0.40936361100066954,30.01621307280593,0.0,0.0,3.750107695743113e-08,288.75,123.92708333116023,233.8727956040997,270.5033539041401
79,0.4139347000462923,0.41772071411319844,39.072432377488724,0.0,0.0,7.2072919535423075e-09,245.25000000139698,123.34045782179471,228.6820567363017,271.7184499253028
80,0.42367095064681326,0.42024380201076017,27.368365719432628,0.0,1.282927060844254e-49,3.8389232942193765e-08,234.74999999860302,117.09845678946637,209.62565304817414,270.8174814310001
81,0.4244116574438639,0.42406992180373626,37.916717942233234,0.0,0.0,2.9445477943910924e-08,173.24999999720603,105.11062242891144,223.85432822487567,262.1609960620484
82,0.42984415766791106,0.42984415766791106,1.305060893599705e-53,29.524185863808828,0.5508502980496911,0.0,207.375000002794,111.39166666613892,219.60810067720504,261.4802038782049
83,0.42445883601282897,0.427713271613267,0.0,10.863156114487412,5.87747175410605e-39,9.435414235843125e-10,175.50000000279397,102.05208333255725,213.5980139216153,265.4289847050998
84,0.4257317914079959,0.4207640517321787,8.974757618703758e-25,2.5814031429767063e-08,30.725178481892005,0.0,101.99999999720605,100.8395833335817,212.24196766541075,260.8451563346408
85,0.42076405172747,0.42076405172747,0.0,29.77282239861103,53.50582605048313,2.1895288505075267e-47,101.99999999720605,95.67083333292976,212.6828313506809,259.9777040353217
86,0.4153333778407875,0.41033475263514907,0.0,30.647507315019826,58.68560475895701,1.793662034335766e-43,118.49999999860302,100.65416666818784,206.3898138823333,254.47428319726563
87,0.4047445329563,0.40500779593108716,9.546345788212816e-45,48.801447988063366,50.28684942932466,0.0,120.62500001164152,102.10208333563057,199.0809374208804,253.0010862159482
88,0.39610622974186893,0.399869649185842,0.0,31.988045676398453,53.51297724322921,3.733482770529237e-40,89.25000000279395,94.00416666393478,183.41617787212414,241.26413935301326
89,0.39403491030838406,0.3924543537162215,3.587324068671532e-43,2.8461423146878384,78.97318643515149,0.0,93.00000000279395,84.98020833202949,200.95967701503213,237.00254379110612
90,0.3919352067391824,0.38716710968755663,0.0,53.70292699512351,61.443145695073255,3.3409558876152446e-52,94.49999999720605,81.83489583432673,178.09919098445343,233.85514596010472
91,0.3773714954402341,0.3831257643629702,1.401298464324817e-45,30.754810519258008,55.79237395596936,1.6704779438076223e-52,87.00000000419097,70.20069444630708,167.738453770543,224.39871681981728
92,0.3775159721793242,0.3785755063327585,0.0,25.482930268293153,55.41709497258903,0.0,82.5,63.37499999813736,160.34983458342376,226.06279131512542
93,0.37392732477605706,0.3744836909321132,0.0,30.599209952304314,53.12825030867576,1.3205379609180206e-42,78.25000000884756,51.98282313015198,154.6562721321175,230.01354691885945
94,0.36890228087241905,0.37023769290378916,1.2397791981328814e-39,13.743694657937903,62.709515517173834,0.0,53.25000000419095,52.06458333320915,147.4025432658645,223.1590911699298
95,0.3677307917210218,0.36450236733054897,0.0,0.09456666206955075,90.1880294125918,0.0,37.5,43.507257574288474,161.11819238061312,221.97353956678936
96,0.3644851180185632,0.3644851180185631,6.7674868555488446e-40,7.131549532479223,107.83700993956356,0.0,30.0,34.707281534599986,166.6846525958765,224.60507788975934
97,0.3631842967763208,0.35922320036868327,1.1523151483435632e-26,0.0,129.68325048971153,5.607413922486589e-45,23.4375,28.38880397483436,180.53187590663867,217.06906018118562
98,0.35922320036945976,0.35922320036868327,0.0,1.6873689182921785,156.36994517550676,1.1210387714598537e-44,24.375,20.34293557307056,204.88688986642026,229.40501213626166
99,0.3589154179824828,0.35481961958445796,0.0,15.519278090622095,161.63026083559168,0.0,17.50000003259629,14.591086238690432,197.76412132808144,229.0044318468077
100,0.3519888453589401,0.3514207339144064,0.0,11.889398370326083,167.07790687761224,6.681911775230489e-52,17.500000018626448,10.827794175698097,199.67493616977586,228.5207603372969
101,0.3492520632928027,0.348666979448518,0.0,34.28539190754122,152.22483034158427,0.0,11.25,5.945156455135192,178.47682446631316,232.25455815707488
102,0.3424131960471952,0.3459305597483444,0.0,0.0,165.818081703627,7.006492321624085e-46,3.75,4.385979995949609,214.1894416809081,237.94310292074044
103,0.34593055975003706,0.3459305597483444,0.0,10.130278154205573,198.8596339598101,7.174661821898379e-43,2.4969970067814438,3.059981320879437,219.8238729749408,238.12937971073663
104,0.3440827592173661,0.3425620659055011,6.348130194397319e-45,30.818190842494953,188.16905867930328,0.0,2.466967074595872,2.6134711476332217,206.2322148993464,228.15641606371798
105,0.3369407129144275,0.33971726281663117,0.0,13.353403309949853,190.15006266958963,2.8698592549372254e-42,2.436937142410301,2.2956635328919734,208.47299824285943,229.13881011119568
106,0.3372815522318977,0.3368195974328356,1.1210387714598537e-44,19.737588119662018,187.709851089759,0.0,2.4069072102247304,2.0518525209962517,204.4166382110872,230.10024328596745
107,0.3332193877196797,0.3342112459847866,0.0,42.253089996623366,162.08241666852055,2.8019127008838505e-45,2.37687727803916,2.025664936195022,177.08028570211155,230.11599685979184
108,0.32650412472486146,0.33190913000017264,0.0,19.690156472417158,159.0797318113278,0.0,2.346847345853589,1.999477351393793,180.33818219159105,217.69916825786203
109,0.3283175719964397,0.32845958304828304,1.1697282964357895e-45,23.845873703266154,155.00373416416738,0.0,2.316817413668017,1.9732897665925648,175.88608264048165,215.3816857868631
110,0.32411000671683327,0.32507316091522354,0.0,10.592812632067503,162.204429926949,2.5755376735190176e-51,2.2867874814824467,1.947102181791336,184.6118345714751,220.6532782884967
111,0.3231409923697861,0.3214030852754892,0.0,25.38192211099163,158.7022038503238,2.3577607572244166e-47,2.256757549296876,1.9209145969901065,181.3935632879084,221.81745579455227
112,0.31677332798353686,0.31767573765040624,3.8908271123783996e-47,21.801578564865565,156.13323790805674,3.339585573676965e-50,2.226727617111305,1.8947270121888768,178.0602942572699,216.4601531164096
113,0.31369904837938184,0.31408232418855464,0.0,23.55989468205986,147.533751154141,0.0,2.1966976849257343,1.8685394273876483,164.16765037742826,211.2452687576577
114,0.30978491149754817,0.3114489247633523,4.260474726260609e-22,12.223630018149398,149.7664950476712,0.0,2.1666677527401634,1.8423518425864198,169.283530181309,212.82814390378164
115,0.30921928904218193,0.30828415301956946,0.0,20.627674931983115,144.43960095232745,0.0,2.1366378205545926,1.8161642577851904,160.18718267644502,203.51432030677051
116,0.30452158815096897,0.3058014660696877,5.621309668713372e-07,5.9582959742639955e-52,154.02368918657868,0.0,2.106607888369022,1.7899766729839617,176.44746412924664,197.21448007600202
117,0.30580146615529324,0.30580146615529324,0.0,3.44542622153538,166.6510827797049,0.0,2.076577956183451,1.7637890881827332,185.8908244639904,181.2836974790744
118,0.3051730075577417,0.3026708410562293,6.481005397502279e-44,5.067046280078081,173.86111682324827,3.4211388289180104e-49,2.0465480239978797,1.7376015033815042,187.83848472877784,180.78254159644055
119,0.3017465929098019,0.3004946149964396,0.0,2.711704369127245,178.04484929314415,0.0,2.016518091812309,1.7114139185802746,169.47692145190192,177.9022203749674
120,0.3,0.2999999900022532,0.0,5.498581366514744e-16,162.25764311324542,0.0,1.986488159626738,1.6852263337790454,155.96272333318538,170.0546338942392
121,0.3,0.2999999900022532,4.351110909029111e-06,0.0,148.83012396103993,1.7055579806275823e-49,1.956458227441168,1.6590387489778164,166.39098245126223,164.7109028687745
122,0.3,0.29999999066487226,0.0,3.6419689640192006e-06,160.87034383791496,0.0,1.9264282952555964,1.6328511641765882,137.64019312177388,160.6236262205105
123,0.3,0.29999999000056343,3.3588695272387105e-07,3.299725056862022e-07,132.43910520586178,0.0,1.8963983630700256,1.6066635793753588,132.3989615484115,158.5173102702661
124,0.3,0.29999998999152644,8.619387155966113e-08,0.0,123.52914783414617,1.4600368747146699e-53,1.8663684308844548,1.5804759945741298,151.2575887977529,156.74847199359976
125,0.3,0.2999999900046526,0.0,3.6971747926361883e-13,143.48127785455267,0.0,1.836338498698884,1.5542884097729006,152.3562013144806,143.14263742032216
126,0.3,0.2999999900046526,1.1430958957249056e-06,1.1584059819016727e-28,146.02185928017045,7.912930854694873e-51,1.8063085665133132,1.528100824971672,142.81954022111566,138.76662468716168
127,0.3,0.2999999901787316,0.0,0.0,133.68917862023318,0.0,1.776278634327742,1.5019132401704431,144.11468228426844,136.95094711327084
128,0.3,0.2999999901787316,4.353316123328321e-33,9.646212214469228e-07,134.18610300574895,0.0,1.7462487021421709,1.4757256553692135,132.73849566477648,131.2783774967102
129,0.3,0.299999990002781,0.0,0.0,126.87111292205294,1.3850844414283332e-17,1.7162187699566005,1.4495380705679852,140.1351013183594,131.42984283749078
130,0.3,0.299999990002781,0.0,0.0,133.71261003128456,0.0,1.6861888377710297,1.4233504857667565,131.98149365450425,129.2569474931145
131,0.3,0.299999990002781,1.422870104596458e-10,0.0,123.3707404217315,0.0,1.6561589055854586,1.3971629009655264,129.17900877453042,127.33345697281084
132,0.3,0.29999999000280275,0.0,0.0,121.41258941672066,0.0,1.6261289733998878,1.3709753161642977,150.45273655482697,128.6341190352129
133,0.3,0.29999999000280275,0.003743030412092086,1.179731306758108e-15,144.05910993390037,7.964584712160875e-25,1.5960990412143168,1.3447877313630694,138.86780412620473,125.29225050614471
134,0.3000005600189228,0.30000056001892283,0.0,0.0,132.66444444928308,0.0,1.5660691090287462,1.3186001465618398,148.6274580397047,125.03347835797214
135,0.3000005600175102,0.30000056001892283,0.0,0.0,139.88811266369046,0.0,1.5360391768431751,1.2924125617606108,144.58455706072286,123.66040227459546
136,0.3000005600175004,0.30000056001892283,0.0,0.0031249606847426675,139.05219263874824,0.0,1.5060092446576043,1.266224976959382,137.23143162237147,122.39675428308723
137,0.3,0.2999999900144348,0.0,0.0,133.4995502417851,0.0,1.4759793124720335,1.2400373921581531,134.11367055910438,121.24375482153464
138,0.3,0.2999999900144348,0.0,0.0,128.84547305081884,0.0,1.4459493802864625,1.2138498073569235,131.72953717953692,123.53604980984659
139,0.3,0.2999999900144348,0.0,0.0,127.09473586442654,0.0,1.4159194481008917,1.1876622225556948,139.08433208634372,119.67752788852782
140,0.3,0.2999999900144348,0.0,0.0,135.88821117708093,0.0,1.3858895159153208,1.1614746377544658,145.09041827065604,121.54778568761593
141,0.3,0.2999999900144348,0.0,6.588192819980372e-29,141.74375261405405,0.0,1.35585958372975,1.135287052953237,119.37208702780985,118.50520286970344
142,0.3,0.2999999900144348,4.2128272836313736e-05,3.278572831899424e-11,116.4395291540672,0.0,1.325829651544179,1.109099468152008,116.34672239784877,117.75686499511863
143,0.3,0.29999999643003106,2.870257453851192e-17,0.0,113.71430420330596,3.4883210271580884e-23,1.2957997193586082,1.0829118833507791,124.15846542075829,116.37379992679384
144,0.3,0.29999999643003106,,,,,1.2657697871730371,1.0414012238016943,121.48210200038523,113.43693701691677
145,,,,,,,1.2357398549874663,1.0148380734429197,148.1533767280229,114.6189846233996
146,,,,,,,1.2057099228018957,0.9882749230841456,128.1956983904972,115.5110669812978
147,,,,,,,1.1756799906163249,0.9629426261170558,121.79122025626046,112.61847977407758
148,,,,,,,1.1456500584307538,0.9377470906379312,95.32753355009056,111.41318327200187
149,,,,,,,1.1156201262451828,0.9125515551588068,101.80448029104588,111.75141579075951
150,,,,,,,1.0855901940596122,0.8873560196796823,96.07227303641184,111.88220007267263
151,,,,,,,1.0555602618740412,0.8621604842005576,99.90448942971884,110.79251775317806
152,,,,,,,1.0255303296884704,0.8369649487214329,106.3606404484929,110.19463703237189
153,,,,,,,0.9955003975028996,0.8117694132423086,103.73095480319674,111.52264332815191
154,,,,,,,0.9654704653173288,0.7865738777631839,96.71744572674784,109.73272601440478
155,,,,,,,0.935440533131758,0.762043918959336,99.91640664929537,111.04045897531314
156,,,,,,,0.9054106009461867,0.7375254511063648,93.80848768779205,110.05900110369758
157,,,,,,,0.875380668760616,0.7130069832533934,97.17907286526865,109.75608143872036
158,,,,,,,0.8453507365750452,0.6884885154004221,98.48057810465497,108.87933253994456
159,,,,,,,0.8153208043894744,0.6639700475474506,96.16406038072374,108.43346085574122
160,,,,,,,0.7852908722039034,0.6394515796944791,96.2382950252957,109.6383947631864
161,,,,,,,0.7552609400183325,0.6149331118415077,94.14119041512863,109.63401121870858
162,,,,,,,0.7252310078327617,0.5924549271285205,98.33939946254841,111.25305095774958
163,,,,,,,0.6952010756471909,0.5699931619188608,103.20184172184095,110.24058829479894
164,,,,,,,0.6651711434616201,0.5475328428658952,97.06441518610173,110.36118627016195
165,,,,,,,0.6351412112760491,0.5250725238129293,106.90824883200905,111.09168206854748
166,,,,,,,0.6051112790904782,0.5026122047599638,111.46674458914936,109.30878861670773
167,,,,,,,0.5750813469049074,0.480151885706998,100.51008706343805,109.41788501859486
168,,,,,,,0.5450514147193366,0.4576915666540322,106.54172294830609,109.73756578204828
169,,,,,,,0.5150214825337656,0.4352312476010666,102.40173922844656,110.24145091709377
170,,,,,,,0.48499155034819497,0.4127709285481007,116.8099363794867,109.36887225925858
171,,,,,,,0.4549616181626242,0.39031060949513496,108.13201181512129,113.2739702086933
172,,,,,,,0.4249316859770529,0.3678502904421693,96.51943926541307,119.85545693466206
173,,,,,,,0.3949017537914821,0.3453899713892035,99.71720228282685,119.01478315467436
174,,,,,,,0.3648718216059113,0.3229296523362379,100.97638231794407,132.127853911324
175,,,,,,,0.33484188942034043,0.3004693332832721,94.83476146351208,137.48990045133675
176,,,,,,,0.3048119572347696,0.27800901423030633,96.94469402908182,140.25696133222152
177,,,,,,,0.2747820250491988,0.2555486951773406,93.55455438523063,152.30437481223709
178,,,,,,,0.244752092863628,0.2330883761243749,98.16784409114292,158.84736264088374
179,,,,,,,0.2147221606780572,0.21062805707140925,99.48866954985121,164.95212823123794
180,,,,,,,0.18469222849248634,0.1881677380184434,101.46823584816677,174.29781471999237
181,,,,,,,0.15466229630691508,0.16570741896547767,100.71352904183529,181.0253751385817
182,,,,,,,0.12463236412134425,0.14324709991251194,106.56115036010745,182.4482957848684
183,,,,,,,0.09460243193577343,0.12078678085954625,97.53171087468708,191.2710514325148
184,,,,,,,0.06457249975020263,0.10592422466208172,97.55925431685014,201.15063052176623
185,,,,,,,0.03454256756463181,0.3040211919101102,98.16873133293936,219.13454049392067
186,,,,,,,0.0045126353790610006,1.0872368851122487,92.55680014234072,235.26902449886106
187,,,,,,,7.5,2.7263827058385552,101.34328247620178,240.0497844027476
188,,,,,,,3.75,5.240566969598643,97.31951697518892,247.278674836781
189,,,,,,,15.624999997671695,8.957494277881379,101.34140857897309,244.66315502515565
190,,,,,,,20.937500016298145,11.627115640605126,103.81614525534886,249.05175607435157
191,,,,,,,20.31249998370185,15.717244925780307,95.52726951012244,258.38544458501264
192,,,,,,,30.0,20.62407683004988,131.61398572119595,267.85963663689097
193,,,,,,,40.249999996740364,29.02656305459585,120.59141203073357,269.55716858485835
194,,,,,,,40.50000000279397,33.85208333358169,111.26486975806101,258.59460755191947
195,,,,,,,35.999999998603016,35.71458333334885,107.58826006640184,259.1193560724158
196,,,,,,,86.12500000745058,44.887500001350425,144.87960565740408,262.1405655320053
197,,,,,,,53.50000001024455,56.32916666520761,120.51607786934328,276.8054400252008
198,,,,,,,68.87499998789279,62.59166666911915,147.92876265534255,280.85712037659766
199,,,,,,,95.99999999860302,61.88749999902211,173.1539915665336,283.98445803216566
200,,,,,,,143.99999999441206,70.34583333041519,254.71232064846345,283.599246027906
201,,,,,,,106.49999999441206,81.0874999987427,241.1091198620496,283.1727250079054
202,,,,,,,192.75000000139698,87.08125000074507,193.4439554387873,279.0907100683044
203,,,,,,,147.75000000139696,99.31041666748932,186.10191922574433,273.574908300887
204,,,,,,,185.99999999860302,103.34166666842066,166.72353113477482,272.34158606260826
205,,,,,,,241.75000000745052,105.847916665487,170.67821914537814,266.96531816019814
206,,,,,,,57.00000000419095,101.70208333269692,205.05625453564,275.1172269631032
207,,,,,,,156.87499998137355,114.68958333064802,189.18444168233424,278.6732885532199
208,,,,,,,300.0,130.45833333139308,194.8041280110677,271.3206525018095
209,,,,,,,255.0,125.63958333223127,181.80273836153046,270.15312124379346
210,,,,,,,156.25000001164153,118.55833333474584,244.29537936123933,280.8263121594754
211,,,,,,,359.50000000186265,137.93125000130385,171.82284474595693,275.42801303872034
212,,,,,,,245.8750000130385,132.11250000121072,170.75387845720562,271.4666848709311
213,,,,,,,227.99999999580902,123.50833333097398,160.32019414128482,271.8963574689945
214,,,,,,,226.50000000139698,119.22500000125729,163.75583062853124,269.57522931105655
215,,,,,,,176.25,119.11041666613892,163.6177975741299,273.3484399118205
216,,,,,,,185.25000000139698,105.9770833349321,177.61243944970246,277.41027607936053
217,,,,,,,216.1250000121072,116.73749999864958,191.05113697052,270.99097329217324
218,,,,,,,270.74999999720603,121.88749999972059,184.02574821140442,270.94252256560225
219,,,,,,,317.3749999841675,122.54791666404344,185.41095936626468,265.13599399708164
220,,,,,,,218.24999999720603,129.92189018386986,173.5600632676133,270.1827253162334
221,,,,,,,219.74999999860302,131.1062499990221,177.6816888982599,264.0510806485503
222,,,,,,,295.500000002794,123.92708333116023,173.5373010197911,270.5033539041401
223,,,,,,,280.500000002794,123.34045782179471,177.4575928544576,271.7184499253028
224,,,,,,,224.24999999580902,117.09845678946637,175.12746490208443,270.8174814310001
225,,,,,,,200.25000000139698,105.11062242891144,176.98558155406604,262.1609960620484
226,,,,,,,179.25000000279397,111.39166666613892,194.3101956479184,261.4802038782049
227,,,,,,,218.24999999720603,102.05208333255725,185.45226870450105,265.4289847050998
228,,,,,,,96.75000000279395,100.8395833335817,178.4639678955078,260.8451563346408
229,,,,,,,135.74999999720603,95.67083333292976,171.5733143841779,259.9777040353217
230,,,,,,,122.24999999860302,100.65416666818784,149.41509421812285,254.47428319726563
231,,,,,,,165.0,102.10208333563057,161.90419477982957,253.0010862159482
232,,,,,,,159.49999999953434,94.00416666393478,158.08135420700603,241.26413935301326
233,,,,,,,153.50000000093132,84.98020833202949,159.62874134308692,237.00254379110612
234,,,,,,,120.74999999720605,81.83489583432673,194.95528066383216,233.85514596010472
235,,,,,,,170.25000000139696,70.20069444630708,163.92298306551848,224.39871681981728
236,,,,,,,148.125,63.37499999813736,155.2868751243309,226.06279131512542
237,,,,,,,125.25000000139698,51.98282313015198,140.4152872337485,230.01354691885945
238,,,,,,,127.5,52.06458333320915,136.05643309079684,223.1590911699298
239,,,,,,,128.62500000279397,43.507257574288474,121.0995018698952,221.97353956678936
240,,,,,,,60.0,34.707281534599986,125.98605449779612,224.60507788975934
241,,,,,,,41.25,28.38880397483436,132.13027246648613,217.06906018118562
242,,,,,,,21.249999976716925,20.34293557307056,113.6735697332418,229.40501213626166
243,,,,,,,17.500000004656613,14.591086238690432,141.25721712465642,229.0044318468077
244,,,,,,,13.125,10.827794175698097,136.75181308639378,228.5207603372969
245,,,,,,,9.375,5.945156455135192,146.24745757491502,232.25455815707488
246,,,,,,,3.75,4.385979995949609,153.5833984924866,237.94310292074044
247,,,,,,,3.75,3.059981320879437,155.68406463337837,238.12937971073663
248,,,,,,,3.75,2.6134711476332217,138.98370982982496,228.15641606371798
249,,,,,,,1.8682066818267509,2.2956635328919734,127.83951647036542,229.13881011119568
250,,,,,,,1.8455622879159204,2.0518525209962517,138.5247098905546,230.10024328596745
251,,,,,,,1.82291789400509,2.025664936195022,133.72913585844498,230.11599685979184
252,,,,,,,1.8002735000942596,1.999477351393793,129.93495135440998,217.69916825786203
253,,,,,,,1.777629106183429,1.9732897665925648,127.77507298333305,215.3816857868631
254,,,,,,,1.7549847122725988,1.947102181791336,137.56295472604256,220.6532782884967
255,,,,,,,1.7323403183617685,1.9209145969901065,139.28367092734885,221.81745579455227
256,,,,,,,1.7096959244509378,1.8947270121888768,128.4582136550752,216.4601531164096
257,,,,,,,1.6870515305401073,1.8685394273876483,128.14271486722507,211.2452687576577
258,,,,,,,1.664407136629277,1.8423518425864198,126.46986890722201,212.82814390378164
259,,,,,,,1.6417627427184465,1.8161642577851904,128.82724176134388,203.51432030677051
260,,,,,,,1.619118348807616,1.7899766729839617,135.79327703155252,197.21448007600202
261,,,,,,,1.5964739548967857,1.7637890881827332,120.48566781103085,181.2836974790744
262,,,,,,,1.5738295609859552,1.7376015033815042,133.34610046116654,180.78254159644055
263,,,,,,,1.5511851670751249,1.7114139185802746,128.25828187959692,177.9022203749674
264,,,,,,,1.5285407731642944,1.6852263337790454,122.8120142143464,170.0546338942392
265,,,,,,,1.505896379253464,1.6590387489778164,132.00474321520002,164.7109028687745
266,,,,,,,1.4832519853426334,1.6328511641765882,122.996737234933,160.6236262205105
267,,,,,,,1.460607591431803,1.6066635793753588,132.1916163033301,158.5173102702661
268,,,,,,,1.4379631975209726,1.5804759945741298,123.2012207757859,156.74847199359976
269,,,,,,,1.4153188036101418,1.5542884097729006,117.6544613704503,143.14263742032216
270,,,,,,,1.3926744096993118,1.528100824971672,121.88373167020777,138.76662468716168
271,,,,,,,1.3700300157884813,1.5019132401704431,118.02255006269978,136.95094711327084
272,,,,,,,1.3473856218776508,1.4757256553692135,119.53430407387869,131.2783774967102
273,,,,,,,1.3247412279668205,1.4495380705679852,119.2296102648584,131.42984283749078
274,,,,,,,1.30209683405599,1.4233504857667565,122.84638891487478,129.2569474931145
275,,,,,,,1.2794524401451597,1.3971629009655264,123.65291733514694,127.33345697281084
276,,,,,,,1.2568080462343292,1.3709753161642977,122.81532372368707,128.6341190352129
277,,,,,,,1.2341636523234991,1.3447877313630694,115.87721994760868,125.29225050614471
278,,,,,,,1.2115192584126682,1.3186001465618398,115.87056429751286,125.03347835797214
279,,,,,,,1.1888748645018379,1.2924125617606108,121.48579203754393,123.66040227459546
280,,,,,,,1.1662304705910074,1.266224976959382,114.61522310916507,122.39675428308723
281,,,,,,,1.1435860766801769,1.2400373921581531,110.8772449493408,121.24375482153464
282,,,,,,,1.1209416827693466,1.2138498073569235,153.52599611535538,123.53604980984659
283,,,,,,,1.098297288858516,1.1876622225556948,114.34631478249487,119.67752788852782
284,,,,,,,1.0756528949476856,1.1614746377544658,115.90146137843622,121.54778568761593
285,,,,,,,1.0530085010368553,1.135287052953237,111.35464118892315,118.50520286970344
286,,,,,,,1.0303641071260248,1.109099468152008,117.37581294666636,117.75686499511863
287,,,,,,,1.0077197132151945,1.0829118833507791,114.87095142232964,116.37379992679384
288,,,,,,,0.985075319304364,1.0414012238016943,119.06165774363392,113.43693701691677
289,,,,,,,0.9624309253935336,1.0148380734429197,119.93184318892452,114.6189846233996
290,,,,,,,0.939786531482703,0.9882749230841456,113.9211791003192,115.5110669812978
291,,,,,,,0.9171421375718726,0.9629426261170558,118.630350626432,112.61847977407758
292,,,,,,,0.8944977436610422,0.9377470906379312,109.64268053494966,111.41318327200187
293,,,,,,,0.8718533497502117,0.9125515551588068,115.49614940824965,111.75141579075951
294,,,,,,,0.8492089558393812,0.8873560196796823,116.94051453777566,111.88220007267263
295,,,,,,,0.8265645619285509,0.8621604842005576,104.1072428721302,110.79251775317806
296,,,,,,,0.8039201680177204,0.8369649487214329,110.59431650036964,110.19463703237189
297,,,,,,,0.7812757741068899,0.8117694132423086,105.24244301274138,111.52264332815191
298,,,,,,,0.7586313801960596,0.7865738777631839,107.83710033488724,109.73272601440478
299,,,,,,,0.7359869862852291,0.762043918959336,107.71750003919693,111.04045897531314
300,,,,,,,0.7133425923743986,0.7375254511063648,107.4709784962306,110.05900110369758
301,,,,,,,0.6906981984635683,0.7130069832533934,111.86229520423392,109.75608143872036
302,,,,,,,0.6680538045527378,0.6884885154004221,110.69320106506352,108.87933253994456
303,,,,,,,0.6454094106419073,0.6639700475474506,115.02806637265266,108.43346085574122
304,,,,,,,0.6227650167310771,0.6394515796944791,110.2705569486006,109.6383947631864
305,,,,,,,0.6001206228202465,0.6149331118415077,105.808603520979,109.63401121870858
306,,,,,,,0.5774762289094161,0.5924549271285205,104.98069735185815,111.25305095774958
307,,,,,,,0.5548318349985857,0.5699931619188608,110.29901214882177,110.24058829479894
308,,,,,,,0.5321874410877552,0.5475328428658952,110.48514760335286,110.36118627016195
309,,,,,,,0.5095430471769247,0.5250725238129293,102.62229408474144,111.09168206854748
310,,,,,,,0.4868986532660944,0.5026122047599638,109.62421609629759,109.30878861670773
311,,,,,,,0.4642542593552639,0.480151885706998,117.82500984885479,109.41788501859486
312,,,,,,,0.44160986544443337,0.4576915666540322,121.31504219055176,109.73756578204828
313,,,,,,,0.4189654715336029,0.4352312476010666,117.97934401662728,110.24145091709377
314,,,,,,,0.3963210776227726,0.4127709285481007,106.53707089044356,109.36887225925858
315,,,,,,,0.3736766837119421,0.39031060949513496,107.87184794014743,113.2739702086933
316,,,,,,,0.3510322898011116,0.3678502904421693,109.50721653529577,119.85545693466206
317,,,,,,,0.3283878958902813,0.3453899713892035,107.39230402166193,119.01478315467436
318,,,,,,,0.3057435019794508,0.3229296523362379,118.13606076627165,132.127853911324
319,,,,,,,0.28309910806862026,0.3004693332832721,108.83114163510434,137.48990045133675
320,,,,,,,0.26045471415779003,0.27800901423030633,104.29193128619279,140.25696133222152
321,,,,,,,0.2378103202469595,0.2555486951773406,112.57078697898173,152.30437481223709
322,,,,,,,0.21516592633612894,0.2330883761243749,107.89400815963751,158.84736264088374
323,,,,,,,0.19252153242529868,0.21062805707140925,110.05863864864924,164.95212823123794
324,,,,,,,0.16987713851446815,0.1881677380184434,116.03014422329993,174.29781471999237
325,,,,,,,0.14723274460363767,0.16570741896547767,125.79016919817242,181.0253751385817
326,,,,,,,0.12458835069280738,0.14324709991251194,121.57812613028072,182.4482957848684
327,,,,,,,0.10194395678197687,0.12078678085954625,117.35534016002312,191.2710514325148
328,,,,,,,0.07929956287114638,0.10592422466208172,113.06841475622994,201.15063052176623
329,,,,,,,0.056655168960316075,0.3040211919101102,113.27666053422004,219.13454049392067
330,,,,,,,0.034010775049485575,1.0872368851122487,111.58899536132814,235.26902449886106
331,,,,,,,0.011366381138655068,2.7263827058385552,115.18245846757263,240.0497844027476
332,,,,,,,9.375,5.240566969598643,120.2129743457895,247.278674836781
333,,,,,,,16.249999995343387,8.957494277881379,106.02050488908712,244.66315502515565
334,,,,,,,21.875000016298145,11.627115640605126,113.75657214758532,249.05175607435157
335,,,,,,,30.0,15.717244925780307,117.70248987040388,258.38544458501264
336,,,,,,,55.50000000279397,20.62407683004988,114.08749830613442,267.85963663689097
337,,,,,,,46.50000000139698,29.02656305459585,124.69230700851578,269.55716858485835
338,,,,,,,48.25000000884757,33.85208333358169,117.58729519464269,258.59460755191947
339,,,,,,,56.25,35.71458333334885,112.85942533974337,259.1193560724158
340,,,,,,,41.25,44.887500001350425,114.29705258778162,262.1405655320053
341,,,,,,,69.75000000558794,56.32916666520761,109.35986259391716,276.8054400252008
342,,,,,,,60.0,62.59166666911915,127.44275361520272,280.85712037659766
343,,,,,,,124.87500000279395,61.88749999902211,149.03880181713637,283.98445803216566
344,,,,,,,98.25000000419097,70.34583333041519,154.11868823823474,283.599246027906
345,,,,,,,225.0,81.0874999987427,153.63280119719323,283.1727250079054
346,,,,,,,226.4999999944121,87.08125000074507,137.46900204249786,279.0907100683044
347,,,,,,,311.9999999972061,99.31041666748932,127.29502272172407,273.574908300887
348,,,,,,,314.24999999580905,103.34166666842066,122.77867700419293,272.34158606260826
349,,,,,,,159.24999998649582,105.847916665487,135.53364178081893,266.96531816019814
350,,,,,,,144.74999999860304,101.70208333269692,138.57040599476207,275.1172269631032
351,,,,,,,180.25000002700835,114.68958333064802,129.96250087379386,278.6732885532199
352,,,,,,,209.250000002794,130.45833333139308,132.57399259794738,271.3206525018095
353,,,,,,,248.87500000186265,125.63958333223127,130.70447204309863,270.15312124379346
354,,,,,,,225.74999999720603,118.55833333474584,232.62330598377056,280.8263121594754
355,,,,,,,255.74999999720603,137.93125000130385,149.8450584761593,275.42801303872034
356,,,,,,,186.24999998370185,132.11250000121072,158.3514818663991,271.4666848709311
357,,,,,,,155.99999999860304,123.50833333097398,158.4736139885733,271.8963574689945
358,,,,,,,154.50000000419095,119.22500000125729,175.72845486232208,269.57522931105655
359,,,,,,,108.00000000279395,119.11041666613892,162.91925548206672,273.3484399118205
360,,,,,,,99.74999999860302,105.9770833349321,168.7404753251509,277.41027607936053
361,,,,,,,258.75,116.73749999864958,170.65995774179132,270.99097329217324
362,,,,,,,278.2500000041909,121.88749999972059,200.1094030431799,270.94252256560225
363,,,,,,,332.99999999580905,122.54791666404344,184.03917846679684,265.13599399708164
364,,,,,,,103.49999999860302,129.92189018386986,175.13657129221954,270.1827253162334
365,,,,,,,380.2500000013969,131.1062499990221,142.0330553556743,264.0510806485503
366,,,,,,,131.25,123.92708333116023,135.35352004577064,270.5033539041401
367,,,,,,,104.24999999580903,123.34045782179471,135.42151064486117,271.7184499253028
368,,,,,,,354.7499999986029,117.09845678946637,134.52754247077144,270.8174814310001
369,,,,,,,349.7499999892898,105.11062242891144,148.56763181433217,262.1609960620484
370,,,,,,,237.75000000139698,111.39166666613892,142.3503321521687,261.4802038782049
371,,,,,,,89.12500001024452,102.05208333255725,179.68423589070642,265.4289847050998
372,,,,,,,276.74999999580905,100.8395833335817,150.45025620637117,260.8451563346408
373,,,,,,,326.9999999972061,95.67083333292976,149.38737162837282,259.9777040353217
374,,,,,,,285.0,100.65416666818784,163.20398453178757,254.47428319726563
375,,,,,,,105.74999999720605,102.10208333563057,169.54782482586072,253.0010862159482
376,,,,,,,265.3750000381842,94.00416666393478,164.273912359167,241.26413935301326
377,,,,,,,108.00000000279395,84.98020833202949,169.94044538644647,237.00254379110612
378,,,,,,,115.12499999720605,81.83489583432673,141.53011744362968,233.85514596010472
379,,,,,,,94.87500000279395,70.20069444630708,151.6713809260616,224.39871681981728
380,,,,,,,82.37499998649581,63.37499999813736,144.7604394135651,226.06279131512542
381,,,,,,,37.812500009313226,51.98282313015198,141.3746300756403,230.01354691885945
382,,,,,,,111.75000000279395,52.06458333320915,143.26672703879225,223.1590911699298
383,,,,,,,90.0,43.507257574288474,130.42588330190114,221.97353956678936
384,,,,,,,86.37499996460974,34.707281534599986,171.34856295804366,224.60507788975934
385,,,,,,,69.74999999860302,28.38880397483436,170.33321677313904,217.06906018118562
386,,,,,,,56.99999999720603,20.34293557307056,168.0671357374925,229.40501213626166
387,,,,,,,40.49999999580904,14.591086238690432,176.9665575829621,229.0044318468077
388,,,,,,,34.50000000419095,10.827794175698097,181.79089198602688,228.5207603372969
389,,,,,,,11.25,5.945156455135192,167.82660536332563,232.25455815707488
390,,,,,,,3.75,4.385979995949609,192.8671114809879,237.94310292074044
391,,,,,,,1.875,3.059981320879437,231.91470805385663,238.12937971073663
392,,,,,,,1.875,2.6134711476332217,213.3394648234049,228.15641606371798
393,,,,,,,1.8518233809188192,2.2956635328919734,220.69718369492537,229.13881011119568
394,,,,,,,1.8286467618376383,2.0518525209962517,223.4004861337167,230.10024328596745
395,,,,,,,1.8054701427564568,2.025664936195022,270.2157327157481,230.11599685979184
396,,,,,,,1.7822935236752762,1.999477351393793,260.1631897260557,217.69916825786203
397,,,,,,,1.7591169045940953,1.9732897665925648,262.2090632345824,215.3816857868631
398,,,,,,,1.7359402855129145,1.947102181791336,159.42942516620346,220.6532782884967
399,,,,,,,1.7127636664317334,1.9209145969901065,185.0439826602027,221.81745579455227
400,,,,,,,1.6895870473505523,1.8947270121888768,182.2937381503818,216.4601531164096
401,,,,,,,1.6664104282693717,1.8685394273876483,174.38356270046418,211.2452687576577
402,,,,,,,1.6432338091881906,1.8423518425864198,164.92432502464013,212.82814390378164
403,,,,,,,1.6200571901070098,1.8161642577851904,151.86852773030603,203.51432030677051
404,,,,,,,1.5968805710258287,1.7899766729839617,147.0424062746381,197.21448007600202
405,,,,,,,1.5737039519446476,1.7637890881827332,174.7372024956099,181.2836974790744
406,,,,,,,1.5505273328634668,1.7376015033815042,193.74400300799675,180.78254159644055
407,,,,,,,1.5273507137822857,1.7114139185802746,160.70709310995562,177.9022203749674
408,,,,,,,1.504174094701105,1.6852263337790454,147.22306178166318,170.0546338942392
409,,,,,,,1.480997475619924,1.6590387489778164,145.0770242864435,164.7109028687745
410,,,,,,,1.4578208565387432,1.6328511641765882,149.88200850053266,160.6236262205105
411,,,,,,,1.434644237457562,1.6066635793753588,141.90929777128196,158.5173102702661
412,,,,,,,1.4114676183763812,1.5804759945741298,141.19254755090782,156.74847199359976
413,,,,,,,1.3882909992952002,1.5542884097729006,136.4771845037287,143.14263742032216
414,,,,,,,1.365114380214019,1.528100824971672,130.9577404490688,138.76662468716168
415,,,,,,,1.3419377611328382,1.5019132401704431,134.7156250279977,136.95094711327084
416,,,,,,,1.3187611420516574,1.4757256553692135,107.40337214960121,131.2783774967102
417,,,,,,,1.2955845229704763,1.4495380705679852,108.02881844260477,131.42984283749078
418,,,,,,,1.2724079038892957,1.4233504857667565,107.27463582845829,129.2569474931145
419,,,,,,,1.2492312848081146,1.3971629009655264,101.80689396177021,127.33345697281084
420,,,,,,,1.2260546657269336,1.3709753161642977,107.56167206109741,128.6341190352129
421,,,,,,,1.2028780466457527,1.3447877313630694,109.90529328805424,125.29225050614471
422,,,,,,,1.179701427564572,1.3186001465618398,109.38022847218559,125.03347835797214
423,,,,,,,1.1565248084833908,1.2924125617606108,113.23747940063477,123.66040227459546
424,,,,,,,1.13334818940221,1.266224976959382,102.33237276944249,122.39675428308723
425,,,,,,,1.1101715703210289,1.2400373921581531,106.73269097158844,121.24375482153464
426,,,,,,,1.086994951239848,1.2138498073569235,157.61653501178145,123.53604980984659
427,,,,,,,1.0638183321586672,1.1876622225556948,103.52479416469356,119.67752788852782
428,,,,,,,1.040641713077486,1.1614746377544658,104.94286976385551,121.54778568761593
429,,,,,,,1.017465093996305,1.135287052953237,100.81145950599957,118.50520286970344
430,,,,,,,0.9942884749151244,1.109099468152008,107.97483569058504,117.75686499511863
431,,,,,,,0.9711118558339432,1.0829118833507791,108.2335951371626,116.37379992679384
432,,,,,,,0.9479352367527624,1.0414012238016943,100.84358805530475,113.43693701691677
433,,,,,,,0.9247586176715814,1.0148380734429197,105.727322603749,114.6189846233996
434,,,,,,,0.9015819985904004,0.9882749230841456,108.19367924961477,115.5110669812978
435,,,,,,,0.8784053795092195,0.9629426261170558,106.08435961522095,112.61847977407758
436,,,,,,,0.8552287604280386,0.9377470906379312,104.64430604157623,111.41318327200187
437,,,,,,,0.8320521413468576,0.9125515551588068,104.34839786802021,111.75141579075951
438,,,,,,,0.8088755222656767,0.8873560196796823,102.27211206001148,111.88220007267263
439,,,,,,,0.7856989031844959,0.8621604842005576,106.2707586372848,110.79251775317806
440,,,,,,,0.7625222841033148,0.8369649487214329,100.94572938163324,110.19463703237189
441,,,,,,,0.7393456650221341,0.8117694132423086,108.10402066239685,111.52264332815191
442,,,,,,,0.7161690459409529,0.7865738777631839,103.25034129291504,109.73272601440478
443,,,,,,,0.6929924268597719,0.762043918959336,101.8521537417457,111.04045897531314
444,,,,,,,0.6698158077785911,0.7375254511063648,103.62146710482507,110.05900110369758
445,,,,,,,0.6466391886974101,0.7130069832533934,104.64171699241358,109.75608143872036
446,,,,,,,0.6234625696162293,0.6884885154004221,102.86046565662727,108.87933253994456
447,,,,,,,0.6002859505350482,0.6639700475474506,107.44639952286434,108.43346085574122
448,,,,,,,0.5771093314538673,0.6394515796944791,102.21488042463335,109.6383947631864
449,,,,,,,0.5539327123726863,0.6149331118415077,112.25357524626841,109.63401121870858
450,,,,,,,0.5307560932915054,0.5924549271285205,106.26001224002322,111.25305095774958
451,,,,,,,0.5075794742103246,0.5699931619188608,96.15316677937464,110.24058829479894
452,,,,,,,0.4844028551291435,0.5475328428658952,106.69912785121376,110.36118627016195
453,,,,,,,0.4612262360479626,0.5250725238129293,105.94015543801443,111.09168206854748
454,,,,,,,0.4380496169667816,0.5026122047599638,93.75241559465351,109.30878861670773
455,,,,,,,0.4148729978856007,0.480151885706998,105.69836350174637,109.41788501859486
456,,,,,,,0.3916963788044199,0.4576915666540322,92.5105896702519,109.73756578204828
457,,,,,,,0.3685197597232388,0.4352312476010666,103.12210951911078,110.24145091709377
458,,,,,,,0.34534314064205796,0.4127709285481007,109.11205516996834,109.36887225925858
459,,,,,,,0.3221665215608769,0.39031060949513496,126.96783797237856,113.2739702086933
460,,,,,,,0.29898990247969603,0.3678502904421693,122.6324346597912,119.85545693466206
461,,,,,,,0.27581328339851496,0.3453899713892035,119.63525856490685,119.01478315467436
462,,,,,,,0.2526366643173341,0.3229296523362379,149.86558691060768,132.127853911324
463,,,,,,,0.2294600452361533,0.3004693332832721,153.2714458041721,137.48990045133675
464,,,,,,,0.2062834261549722,0.27800901423030633,153.75937859365868,140.25696133222152
465,,,,,,,0.18310680707379126,0.2555486951773406,175.1136250129113,152.30437481223709
466,,,,,,,0.15993018799261027,0.2330883761243749,183.65277527926258,158.84736264088374
467,,,,,,,0.13675356891142942,0.21062805707140925,184.4814523767542,164.95212823123794
468,,,,,,,0.11357694983024855,0.1881677380184434,191.50775980066368,174.29781471999237
469,,,,,,,0.0904003307490675,0.16570741896547767,203.68072884299545,181.0253751385817
470,,,,,,,0.06722371166788665,0.14324709991251194,212.62898914234054,182.4482957848684
471,,,,,,,0.04404709258670558,0.12078678085954625,222.28585173704914,191.2710514325148
472,,,,,,,0.02087047350552473,0.10592422466208172,218.80740776411992,201.15063052176623
473,,,,,,,0.280875671210243,0.3040211919101102,229.2487999168601,219.13454049392067
474,,,,,,,2.5,1.0872368851122487,270.8000892432961,235.26902449886106
475,,,,,,,7.5,2.7263827058385552,290.0430044498084,240.0497844027476
476,,,,,,,17.500000004656613,5.240566969598643,335.14788707386367,247.278674836781
477,,,,,,,30.0,8.957494277881379,363.0449142456054,244.66315502515565
478,,,,,,,40.625000009313226,11.627115640605126,354.1773745450108,249.05175607435157
479,,,,,,,48.00000000279397,15.717244925780307,375.0873198332609,258.38544458501264
480,,,,,,,58.49999999860302,20.62407683004988,317.8829060307256,267.85963663689097
481,,,,,,,70.50000000279397,29.02656305459585,320.0068570223722,269.55716858485835
482,,,,,,,86.99999999720605,33.85208333358169,346.7019628351385,258.59460755191947
483,,,,,,,98.99999999441206,35.71458333334885,278.9090732883763,259.1193560724158
484,,,,,,,110.25000000139698,44.887500001350425,318.44723034779963,262.1405655320053
485,,,,,,,125.25000000139698,56.32916666520761,291.3738896735361,276.8054400252008
486,,,,,,,151.37499999487773,62.59166666911915,298.62494564964663,280.85712037659766
487,,,,,,,150.0,61.88749999902211,297.77767083583734,283.98445803216566
488,,,,,,,161.99999999720603,70.34583333041519,297.21320201232373,283.599246027906
489,,,,,,,193.49999999860302,81.0874999987427,295.16105095694,283.1727250079054
490,,,,,,,206.1250000004657,87.08125000074507,274.802632845365,279.0907100683044
491,,,,,,,196.50000000139698,99.31041666748932,294.548695789684,273.574908300887
492,,,,,,,212.24999999860302,103.34166666842066,294.323531971807,272.34158606260826
493,,,,,,,221.99999999720603,105.847916665487,293.5719340796608,266.96531816019814
494,,,,,,,227.24999999860302,101.70208333269692,284.8970160851112,275.1172269631032
495,,,,,,,237.75000000139698,114.68958333064802,295.5556819810779,278.6732885532199
496,,,,,,,270.8750000176952,130.45833333139308,294.38850069912996,271.3206525018095
497,,,,,,,275.99999999860296,125.63958333223127,299.34432135687933,270.15312124379346
498,,,,,,,255.74999999720603,118.55833333474584,299.11938588553613,280.8263121594754
499,,,,,,,285.99999999627465,137.93125000130385,311.6554620131007,275.42801303872034
500,,,,,,,292.2499999939464,132.11250000121072,294.81828266108806,271.4666848709311
501,,,,,,,270.7500000041909,123.50833333097398,292.7076745284231,271.8963574689945
502,,,,,,,276.750000002794,119.22500000125729,282.8876687509042,269.57522931105655
503,,,,,,,275.99999999860296,119.11041666613892,297.80463861786166,273.3484399118205
504,,,,,,,276.750000002794,105.9770833349321,295.01559273856026,277.41027607936053
505,,,,,,,271.50000000139704,116.73749999864958,333.3817082157844,270.99097329217324
506,,,,,,,271.50000000139704,121.88749999972059,295.8403894266952,270.94252256560225
507,,,,,,,278.99999999441206,122.54791666404344,271.7560450236001,265.13599399708164
508,,,,,,,271.50000000139704,129.92189018386986,268.160970899794,270.1827253162334
509,,,,,,,267.75000000139704,131.1062499990221,264.97874026828356,264.0510806485503
510,,,,,,,269.250000002794,123.92708333116023,286.6439324838144,270.5033539041401
511,,,,,,,289.3750000116416,123.34045782179471,286.5940763685438,271.7184499253028
512,,,,,,,279.74999999860296,117.09845678946637,267.0168949672153,270.8174814310001
513,,,,,,,243.75,105.11062242891144,286.9960871282613,262.1609960620484
514,,,,,,,242.99999999580902,111.39166666613892,263.49406016956664,261.4802038782049
515,,,,,,,258.37500000139704,102.05208333255725,280.2216850563333,265.4289847050998
516,,,,,,,217.5,100.8395833335817,289.9221924398546,260.8451563346408
517,,,,,,,217.5,95.67083333292976,326.0407129923504,259.9777040353217
518,,,,,,,204.74999999860302,100.65416666818784,302.38199907819785,254.47428319726563
519,,,,,,,210.87499999674046,102.10208333563057,268.77989620632593,253.0010862159482
520,,,,,,,200.49999997951093,94.00416666393478,248.150539125715,241.26413935301326
521,,,,,,,165.74999999720603,84.98020833202949,241.0900730556912,237.00254379110612
522,,,,,,,152.99999999580905,81.83489583432673,236.63516766684398,233.85514596010472
523,,,,,,,143.99999999441206,70.20069444630708,220.14953804016116,224.39871681981728
524,,,,,,,128.25000000419095,63.37499999813736,243.74098948250838,226.06279131512542
525,,,,,,,113.24999999720605,51.98282313015198,214.6775904475032,230.01354691885945
526,,,,,,,106.50000000139698,52.06458333320915,204.27959503998628,223.1590911699298
527,,,,,,,86.99999999720605,43.507257574288474,221.36299646680604,221.97353956678936
528,,,,,,,75.0,34.707281534599986,219.7374572753907,224.60507788975934
529,,,,,,,66.75000000279397,28.38880397483436,236.86534978693183,217.06906018118562
530,,,,,,,50.24999999441207,20.34293557307056,242.85283357194328,229.40501213626166
531,,,,,,,38.25000000419096,14.591086238690432,222.09475442028926,229.0044318468077
532,,,,,,,30.0,10.827794175698097,190.65527695875903,228.5207603372969
533,,,,,,,11.25,5.945156455135192,208.06489178081887,232.25455815707488
534,,,,,,,7.5,4.385979995949609,236.40083722715028,237.94310292074044
535,,,,,,,3.75,3.059981320879437,212.68363638904614,238.12937971073663
536,,,,,,,0.6242507592306463,2.6134711476332217,192.08457678335682,228.15641606371798
537,,,,,,,0.616758351537109,2.2956635328919734,210.12119412203447,229.13881011119568
538,,,,,,,0.6092659438435718,2.0518525209962517,218.39819728306355,230.10024328596745
539,,,,,,,0.6017735361500346,2.025664936195022,208.69936454079368,230.11599685979184
540,,,,,,,0.5942811284564974,1.999477351393793,229.3515718792557,217.69916825786203
541,,,,,,,0.5867887207629602,1.9732897665925648,221.06930095744582,215.3816857868631
542,,,,,,,0.5792963130694229,1.947102181791336,235.95118897049514,220.6532782884967
543,,,,,,,0.5718039053758857,1.9209145969901065,236.8298205288974,221.81745579455227
544,,,,,,,0.5643114976823485,1.8947270121888768,224.13125508626305,216.4601531164096
545,,,,,,,0.5568190899888112,1.8685394273876483,219.37960986556286,211.2452687576577
546,,,,,,,0.549326682295274,1.8423518425864198,217.35371978194615,212.82814390378164
547,,,,,,,0.5418342746017368,1.8161642577851904,244.7204760798702,203.51432030677051
548,,,,,,,0.5343418669081995,1.7899766729839617,206.8205083673651,197.21448007600202
549,,,,,,,0.5268494592146623,1.7637890881827332,177.56338736794208,181.2836974790744
550,,,,,,,0.5193570515211251,1.7376015033815042,170.73191819235544,180.78254159644055
551,,,,,,,0.5118646438275879,1.7114139185802746,181.7463286513583,177.9022203749674
552,,,,,,,0.5043722361340506,1.6852263337790454,161.5934167309343,170.0546338942392
553,,,,,,,0.4968798284405134,1.6590387489778164,157.57878168788537,164.7109028687745
554,,,,,,,0.4893874207469762,1.6328511641765882,161.35401729367803,160.6236262205105
555,,,,,,,0.48189501305343896,1.6066635793753588,164.98164016588598,158.5173102702661
556,,,,,,,0.4744026053599018,1.5804759945741298,178.5822356337801,156.74847199359976
557,,,,,,,0.4669101976663645,1.5542884097729006,166.1122376328215,143.14263742032216
558,,,,,,,0.4594177899728273,1.528100824971672,169.11063662442282,138.76662468716168
559,,,,,,,0.45192538227929,1.5019132401704431,167.50437468132083,136.95094711327084
560,,,,,,,0.4444329745857528,1.4757256553692135,144.73545379638662,131.2783774967102
561,,,,,,,0.4369405668922156,1.4495380705679852,139.67610653963956,131.42984283749078
562,,,,,,,0.4294481591986784,1.4233504857667565,135.77272348666418,129.2569474931145
563,,,,,,,0.4219557515051411,1.3971629009655264,118.77052668162754,127.33345697281084
564,,,,,,,0.4144633438116039,1.3709753161642977,116.57572250366213,128.6341190352129
565,,,,,,,0.4069709361180667,1.3447877313630694,113.77302408218388,125.29225050614471
566,,,,,,,0.3994785284245295,1.3186001465618398,120.9833053874078,125.03347835797214
567,,,,,,,0.39198612073099226,1.2924125617606108,118.90019482832687,123.66040227459546
568,,,,,,,0.384493713037455,1.266224976959382,111.86673304719746,122.39675428308723
569,,,,,,,0.37700130534391774,1.2400373921581531,117.25745183116987,121.24375482153464
570,,,,,,,0.3695088976503805,1.2138498073569235,117.93381036776243,123.53604980984659
571,,,,,,,0.3620164899568433,1.1876622225556948,98.81863155880491,119.67752788852782
572,,,,,,,0.3545240822633061,1.1614746377544658,114.47841070332657,121.54778568761593
573,,,,,,,0.3470316745697689,1.135287052953237,100.44470319835422,118.50520286970344
574,,,,,,,0.33953926687623165,1.109099468152008,104.49351296601476,117.75686499511863
575,,,,,,,0.3320468591826944,1.0829118833507791,103.28720121563605,116.37379992679384
