,PL,PV,date,PV_pred,PL_pred
0,92.68445979958712,1.267140625,2020-10-09 00:01:00,1.0414012238016943,113.43693701691677
1,99.18871756580387,1.2360078125,2020-10-09 00:11:00,1.0148380734429197,114.6189846233996
2,98.55876738936813,1.204875,2020-10-09 00:21:00,0.9882749230841456,115.5110669812978
3,100.60101325556921,1.1737421875,2020-10-09 00:31:00,0.9629426261170558,112.61847977407758
4,100.0478170552385,1.142609375,2020-10-09 00:41:00,0.9377470906379312,111.41318327200187
5,105.42654668367823,1.1114765624999998,2020-10-09 00:51:00,0.9125515551588068,111.75141579075951
6,101.48449166037821,1.08034375,2020-10-09 01:01:00,0.8873560196796823,111.88220007267263
7,96.36084544764154,1.0492109374999998,2020-10-09 01:11:00,0.8621604842005576,110.79251775317806
8,95.56972312927248,1.018078125,2020-10-09 01:21:00,0.8369649487214329,110.19463703237189
9,94.90017420217535,0.9869453124999998,2020-10-09 01:31:00,0.8117694132423086,111.52264332815193
10,97.45045622339791,0.9558125,2020-10-09 01:41:00,0.7865738777631839,109.73272601440478
11,93.99230718612672,0.9246796874999998,2020-10-09 01:51:00,0.762043918959336,111.04045897531314
12,96.15414357922741,0.893546875,2020-10-09 02:01:00,0.7375254511063648,110.05900110369758
13,93.22428801349388,0.8624140624999999,2020-10-09 02:11:00,0.7130069832533934,109.75608143872036
14,93.65556371100595,0.83128125,2020-10-09 02:21:00,0.6884885154004221,108.87933253994456
15,94.13349259574457,0.8001484374999999,2020-10-09 02:31:00,0.6639700475474506,108.43346085574122
16,95.96698128640115,0.769015625,2020-10-09 02:41:00,0.6394515796944791,109.6383947631864
17,95.99679398970171,0.7378828124999999,2020-10-09 02:51:00,0.6149331118415077,109.63401121870858
18,98.04539828030569,0.70675,2020-10-09 03:01:00,0.5924549271285205,111.25305095774958
19,97.62834291004,0.6756171874999999,2020-10-09 03:11:00,0.5699931619188608,110.24058829479894
20,102.98114096901631,0.644484375,2020-10-09 03:21:00,0.5475328428658952,110.36118627016195
21,89.1430451979331,0.6133515624999999,2020-10-09 03:31:00,0.5250725238129293,111.09168206854748
22,94.85817109554188,0.58221875,2020-10-09 03:41:00,0.5026122047599638,109.30878861670773
23,89.8663446301612,0.5510859374999999,2020-10-09 03:51:00,0.48015188570699796,109.41788501859486
24,92.81720359108664,0.5199531249999998,2020-10-09 04:01:00,0.4576915666540322,109.73756578204828
25,103.40664284045886,0.4888203124999997,2020-10-09 04:11:00,0.4352312476010666,110.24145091709377
26,96.52788514911005,0.4576875,2020-10-09 04:21:00,0.4127709285481007,109.36887225925858
27,127.52345988906436,0.4265546874999999,2020-10-09 04:31:00,0.39031060949513496,113.2739702086933
28,112.36682070777528,0.3954218749999998,2020-10-09 04:41:00,0.3678502904421693,119.85545693466206
29,113.08436676307959,0.3642890624999997,2020-10-09 04:51:00,0.3453899713892035,119.01478315467436
30,154.10595810204222,0.33315625000000004,2020-10-09 05:01:00,0.3229296523362379,132.127853911324
31,141.92795789563974,0.30202343749999994,2020-10-09 05:11:00,0.3004693332832721,137.48990045133675
32,149.46725920204798,0.27089062499999983,2020-10-09 05:21:00,0.27800901423030633,140.25696133222152
33,182.87464297259288,0.2397578124999997,2020-10-09 05:31:00,0.2555486951773406,152.30437481223709
34,173.6638073002526,0.2086250000000001,2020-10-09 05:41:00,0.2330883761243749,158.84736264088374
35,175.623057047526,0.17749218749999995,2020-10-09 05:51:00,0.21062805707140925,164.95212823123794
36,181.77231842880943,0.14635937499999985,2020-10-09 06:01:00,0.1881677380184434,174.29781471999237
37,195.2160062436704,0.11522656249999975,2020-10-09 06:11:00,0.16570741896547767,181.0253751385817
38,204.6713270707564,0.08409375000000008,2020-10-09 06:21:00,0.14324709991251194,182.4482957848684
39,194.2780541614093,0.05296093749999997,2020-10-09 06:31:00,0.12078678085954625,191.2710514325148
40,197.5791710895041,0.02182812499999986,2020-10-09 06:41:00,0.10592422466208172,201.15063052176623
41,196.8490399447355,1.3333333333333337,2020-10-09 06:51:00,0.3040211919101102,219.13454049392067
42,208.31524991122157,7.5,2020-10-09 07:01:00,1.0872368851122487,235.26902449886106
43,220.24083225543686,15.0,2020-10-09 07:11:00,2.7263827058385552,240.04978440274758
44,217.5066259474981,23.4375,2020-10-09 07:21:00,5.240566969598644,247.278674836781
45,218.18432916659057,31.499999994412065,2020-10-09 07:31:00,8.957494277881379,244.66315502515565
46,221.7870185158469,46.99999999953434,2020-10-09 07:41:00,11.627115640605126,249.05175607435157
47,228.94174801861809,54.74999999860302,2020-10-09 07:51:00,15.717244925780307,258.38544458501264
48,225.83552483149936,66.75000000279397,2020-10-09 08:01:00,20.62407683004988,267.85963663689097
49,241.17878013744686,75.0,2020-10-09 08:11:00,29.02656305459585,269.55716858485835
50,249.23196567998875,93.00000000279395,2020-10-09 08:21:00,33.85208333358169,258.59460755191947
51,249.5550303988987,108.00000000279395,2020-10-09 08:31:00,35.71458333334885,259.1193560724158
52,246.17390782624767,132.24999996833506,2020-10-09 08:41:00,44.887500001350425,262.1405655320053
53,249.546271647882,135.74999999720603,2020-10-09 08:51:00,56.32916666520761,276.8054400252008
54,248.1891585705328,163.49999999860304,2020-10-09 09:01:00,62.59166666911915,280.85712037659766
55,242.13621125397862,162.74999999441206,2020-10-09 09:11:00,61.88749999902211,283.98445803216566
56,232.3472941262381,175.50000000279397,2020-10-09 09:21:00,70.34583333041519,283.599246027906
57,236.65882845014056,189.74999999860302,2020-10-09 09:31:00,81.0874999987427,283.1727250079054
58,245.18053168581247,205.500000002794,2020-10-09 09:41:00,87.08125000074507,279.0907100683044
59,236.18005030495775,215.25000000139698,2020-10-09 09:51:00,99.31041666748932,273.574908300887
60,225.46155307911062,228.75,2020-10-09 10:01:00,103.34166666842066,272.34158606260826
61,230.55147937335803,262.2500000218861,2020-10-09 10:11:00,105.847916665487,266.96531816019814
62,248.15226121382275,244.49999999720603,2020-10-09 10:21:00,101.70208333269692,275.1172269631032
63,232.2691844838911,288.49999998696154,2020-10-09 10:31:00,114.68958333064802,278.6732885532199
64,241.87737940882786,264.00000000139704,2020-10-09 10:41:00,130.45833333139308,271.3206525018095
65,231.04513832374846,299.250000002794,2020-10-09 10:51:00,125.63958333223127,270.15312124379346
66,235.89382531507962,271.50000000139704,2020-10-09 11:01:00,118.55833333474584,280.8263121594754
67,241.78181776566944,275.99999999860296,2020-10-09 11:11:00,137.93125000130385,275.42801303872034
68,229.38943578546693,281.25,2020-10-09 11:21:00,132.11250000121072,271.4666848709311
69,220.79631248680326,314.3749999883585,2020-10-09 11:31:00,123.50833333097398,271.8963574689945
70,233.79878924443167,301.875,2020-10-09 11:41:00,119.22500000125729,269.57522931105655
71,224.7708831251712,305.99999999860296,2020-10-09 11:51:00,119.11041666613892,273.3484399118205
72,217.10964344666058,290.99999999860296,2020-10-09 12:01:00,105.9770833349321,277.41027607936053
73,216.227769064247,237.7499999944121,2020-10-09 12:11:00,116.73749999864958,270.99097329217324
74,215.3702409978498,259.49999999720603,2020-10-09 12:21:00,121.88749999972059,270.94252256560225
75,240.069628466357,283.3749999850988,2020-10-09 12:31:00,122.54791666404344,265.13599399708164
76,235.9610324124677,235.500000002794,2020-10-09 12:41:00,129.92189018386986,270.1827253162334
77,247.2376237349077,283.6250000121072,2020-10-09 12:51:00,131.1062499990221,264.0510806485503
78,233.8727956040997,288.75,2020-10-09 13:01:00,123.92708333116023,270.5033539041401
79,228.6820567363017,245.25000000139698,2020-10-09 13:11:00,123.34045782179471,271.7184499253028
80,209.62565304817414,234.74999999860302,2020-10-09 13:21:00,117.09845678946637,270.8174814310001
81,223.85432822487567,173.24999999720603,2020-10-09 13:31:00,105.11062242891144,262.1609960620484
82,219.60810067720504,207.375000002794,2020-10-09 13:41:00,111.39166666613892,261.4802038782049
83,213.5980139216153,175.50000000279397,2020-10-09 13:51:00,102.05208333255725,265.4289847050998
84,212.24196766541075,101.99999999720605,2020-10-09 14:01:00,100.8395833335817,260.8451563346408
85,212.6828313506809,101.99999999720605,2020-10-09 14:11:00,95.67083333292976,259.9777040353217
86,206.3898138823333,118.49999999860302,2020-10-09 14:21:00,100.65416666818784,254.47428319726563
87,199.0809374208804,120.62500001164152,2020-10-09 14:31:00,102.10208333563058,253.0010862159482
88,183.41617787212414,89.25000000279395,2020-10-09 14:41:00,94.00416666393478,241.26413935301326
89,200.95967701503213,93.00000000279395,2020-10-09 14:51:00,84.98020833202949,237.00254379110612
90,178.09919098445343,94.49999999720605,2020-10-09 15:01:00,81.83489583432673,233.85514596010472
91,167.738453770543,87.00000000419097,2020-10-09 15:11:00,70.20069444630708,224.39871681981728
92,160.34983458342376,82.5,2020-10-09 15:21:00,63.37499999813736,226.06279131512542
93,154.6562721321175,78.25000000884756,2020-10-09 15:31:00,51.98282313015198,230.01354691885945
94,147.4025432658645,53.25000000419095,2020-10-09 15:41:00,52.06458333320915,223.1590911699298
95,161.11819238061312,37.5,2020-10-09 15:51:00,43.507257574288474,221.97353956678936
96,166.6846525958765,30.0,2020-10-09 16:01:00,34.707281534599986,224.6050778897593
97,180.53187590663867,23.4375,2020-10-09 16:11:00,28.38880397483436,217.06906018118562
98,204.88688986642026,24.375,2020-10-09 16:21:00,20.34293557307056,229.40501213626166
99,197.76412132808144,17.50000003259629,2020-10-09 16:31:00,14.591086238690432,229.00443184680773
100,199.67493616977586,17.500000018626448,2020-10-09 16:41:00,10.827794175698097,228.5207603372969
101,178.47682446631316,11.25,2020-10-09 16:51:00,5.945156455135191,232.25455815707488
102,214.18944168090812,3.75,2020-10-09 17:01:00,4.385979995949609,237.94310292074044
103,219.8238729749408,2.4969970067814433,2020-10-09 17:11:00,3.059981320879437,238.12937971073663
104,206.2322148993464,2.466967074595872,2020-10-09 17:21:00,2.6134711476332217,228.15641606371798
105,208.47299824285943,2.436937142410301,2020-10-09 17:31:00,2.295663532891973,229.13881011119568
106,204.4166382110872,2.4069072102247304,2020-10-09 17:41:00,2.0518525209962513,230.10024328596745
107,177.08028570211155,2.37687727803916,2020-10-09 17:51:00,2.025664936195022,230.11599685979184
108,180.33818219159105,2.346847345853589,2020-10-09 18:01:00,1.9994773513937931,217.69916825786203
109,175.88608264048165,2.316817413668017,2020-10-09 18:11:00,1.9732897665925648,215.3816857868631
110,184.6118345714751,2.2867874814824467,2020-10-09 18:21:00,1.9471021817913357,220.6532782884967
111,181.3935632879084,2.256757549296876,2020-10-09 18:31:00,1.9209145969901065,221.81745579455227
112,178.0602942572699,2.2267276171113055,2020-10-09 18:41:00,1.8947270121888768,216.4601531164096
113,164.16765037742826,2.1966976849257343,2020-10-09 18:51:00,1.8685394273876483,211.2452687576577
114,169.283530181309,2.1666677527401634,2020-10-09 19:01:00,1.84235184258642,212.82814390378164
115,160.18718267644502,2.1366378205545926,2020-10-09 19:11:00,1.8161642577851904,203.51432030677054
116,176.44746412924664,2.106607888369022,2020-10-09 19:21:00,1.7899766729839617,197.21448007600196
117,185.8908244639904,2.076577956183451,2020-10-09 19:31:00,1.7637890881827332,181.2836974790744
118,187.83848472877784,2.04654802399788,2020-10-09 19:41:00,1.7376015033815042,180.78254159644055
119,169.47692145190192,2.016518091812309,2020-10-09 19:51:00,1.7114139185802746,177.9022203749674
120,155.96272333318538,1.986488159626738,2020-10-09 20:01:00,1.6852263337790454,170.0546338942392
121,166.39098245126223,1.9564582274411677,2020-10-09 20:11:00,1.6590387489778164,164.7109028687745
122,137.64019312177388,1.9264282952555964,2020-10-09 20:21:00,1.6328511641765882,160.6236262205105
123,132.3989615484115,1.8963983630700256,2020-10-09 20:31:00,1.6066635793753588,158.5173102702661
124,151.2575887977529,1.8663684308844548,2020-10-09 20:41:00,1.5804759945741298,156.74847199359976
125,152.3562013144806,1.836338498698884,2020-10-09 20:51:00,1.5542884097729006,143.14263742032216
126,142.81954022111566,1.8063085665133134,2020-10-09 21:01:00,1.528100824971672,138.76662468716168
127,144.11468228426844,1.776278634327742,2020-10-09 21:11:00,1.5019132401704431,136.95094711327084
128,132.73849566477648,1.7462487021421709,2020-10-09 21:21:00,1.4757256553692135,131.2783774967102
129,140.1351013183594,1.7162187699566005,2020-10-09 21:31:00,1.4495380705679852,131.42984283749078
130,131.98149365450425,1.6861888377710297,2020-10-09 21:41:00,1.4233504857667565,129.2569474931145
131,129.17900877453042,1.6561589055854586,2020-10-09 21:51:00,1.3971629009655264,127.33345697281084
132,150.45273655482697,1.6261289733998878,2020-10-09 22:01:00,1.3709753161642977,128.6341190352129
133,138.86780412620473,1.5960990412143168,2020-10-09 22:11:00,1.3447877313630694,125.29225050614471
134,148.6274580397047,1.5660691090287462,2020-10-09 22:21:00,1.3186001465618398,125.03347835797214
135,144.58455706072286,1.5360391768431751,2020-10-09 22:31:00,1.2924125617606108,123.66040227459546
136,137.23143162237147,1.5060092446576043,2020-10-09 22:41:00,1.266224976959382,122.39675428308723
137,134.11367055910438,1.4759793124720335,2020-10-09 22:51:00,1.2400373921581531,121.24375482153464
138,131.72953717953692,1.4459493802864625,2020-10-09 23:01:00,1.2138498073569235,123.53604980984659
139,139.08433208634372,1.4159194481008917,2020-10-09 23:11:00,1.1876622225556948,119.67752788852782
140,145.09041827065604,1.3858895159153208,2020-10-09 23:21:00,1.1614746377544658,121.54778568761593
141,119.37208702780985,1.35585958372975,2020-10-09 23:31:00,1.135287052953237,118.50520286970344
142,116.34672239784877,1.325829651544179,2020-10-09 23:41:00,1.109099468152008,117.75686499511863
143,124.15846542075829,1.2957997193586082,2020-10-09 23:51:00,1.0829118833507791,116.37379992679384
144,121.48210200038523,1.2657697871730371,2020-10-10 00:01:00,1.0414012238016943,113.43693701691677
145,148.1533767280229,1.2357398549874663,2020-10-10 00:11:00,1.0148380734429197,114.6189846233996
146,128.1956983904972,1.2057099228018957,2020-10-10 00:21:00,0.9882749230841456,115.5110669812978
147,121.79122025626046,1.1756799906163249,2020-10-10 00:31:00,0.9629426261170558,112.61847977407758
148,95.32753355009056,1.1456500584307538,2020-10-10 00:41:00,0.9377470906379312,111.41318327200187
149,101.80448029104588,1.1156201262451828,2020-10-10 00:51:00,0.9125515551588068,111.75141579075951
150,96.07227303641184,1.0855901940596122,2020-10-10 01:01:00,0.8873560196796823,111.88220007267263
151,99.90448942971884,1.0555602618740412,2020-10-10 01:11:00,0.8621604842005576,110.79251775317806
152,106.3606404484929,1.0255303296884704,2020-10-10 01:21:00,0.8369649487214329,110.19463703237189
153,103.73095480319674,0.9955003975028996,2020-10-10 01:31:00,0.8117694132423086,111.52264332815193
154,96.71744572674784,0.9654704653173288,2020-10-10 01:41:00,0.7865738777631839,109.73272601440478
155,99.91640664929537,0.935440533131758,2020-10-10 01:51:00,0.762043918959336,111.04045897531314
156,93.80848768779205,0.9054106009461867,2020-10-10 02:01:00,0.7375254511063648,110.05900110369758
157,97.17907286526865,0.875380668760616,2020-10-10 02:11:00,0.7130069832533934,109.75608143872036
158,98.48057810465497,0.8453507365750452,2020-10-10 02:21:00,0.6884885154004221,108.87933253994456
159,96.16406038072374,0.8153208043894744,2020-10-10 02:31:00,0.6639700475474506,108.43346085574122
160,96.2382950252957,0.7852908722039034,2020-10-10 02:41:00,0.6394515796944791,109.6383947631864
161,94.14119041512863,0.7552609400183325,2020-10-10 02:51:00,0.6149331118415077,109.63401121870858
162,98.33939946254841,0.7252310078327617,2020-10-10 03:01:00,0.5924549271285205,111.25305095774958
163,103.20184172184095,0.6952010756471909,2020-10-10 03:11:00,0.5699931619188608,110.24058829479894
164,97.06441518610173,0.6651711434616201,2020-10-10 03:21:00,0.5475328428658952,110.36118627016195
165,106.90824883200905,0.6351412112760491,2020-10-10 03:31:00,0.5250725238129293,111.09168206854748
166,111.46674458914936,0.6051112790904782,2020-10-10 03:41:00,0.5026122047599638,109.30878861670773
167,100.51008706343805,0.5750813469049074,2020-10-10 03:51:00,0.48015188570699796,109.41788501859486
168,106.54172294830609,0.5450514147193366,2020-10-10 04:01:00,0.4576915666540322,109.73756578204828
169,102.40173922844656,0.5150214825337656,2020-10-10 04:11:00,0.4352312476010666,110.24145091709377
170,116.8099363794867,0.484991550348195,2020-10-10 04:21:00,0.4127709285481007,109.36887225925858
171,108.13201181512129,0.4549616181626242,2020-10-10 04:31:00,0.39031060949513496,113.2739702086933
172,96.51943926541307,0.4249316859770529,2020-10-10 04:41:00,0.3678502904421693,119.85545693466206
173,99.71720228282685,0.3949017537914821,2020-10-10 04:51:00,0.3453899713892035,119.01478315467436
174,100.97638231794409,0.3648718216059113,2020-10-10 05:01:00,0.3229296523362379,132.127853911324
175,94.83476146351208,0.33484188942034043,2020-10-10 05:11:00,0.3004693332832721,137.48990045133675
176,96.94469402908182,0.3048119572347696,2020-10-10 05:21:00,0.27800901423030633,140.25696133222152
177,93.55455438523063,0.2747820250491988,2020-10-10 05:31:00,0.2555486951773406,152.30437481223709
178,98.16784409114292,0.244752092863628,2020-10-10 05:41:00,0.2330883761243749,158.84736264088374
179,99.48866954985121,0.2147221606780572,2020-10-10 05:51:00,0.21062805707140925,164.95212823123794
180,101.46823584816677,0.18469222849248634,2020-10-10 06:01:00,0.1881677380184434,174.29781471999237
181,100.71352904183529,0.15466229630691508,2020-10-10 06:11:00,0.16570741896547767,181.0253751385817
182,106.56115036010745,0.12463236412134425,2020-10-10 06:21:00,0.14324709991251194,182.4482957848684
183,97.53171087468708,0.09460243193577343,2020-10-10 06:31:00,0.12078678085954625,191.2710514325148
184,97.55925431685014,0.06457249975020263,2020-10-10 06:41:00,0.10592422466208172,201.15063052176623
185,98.16873133293936,0.03454256756463181,2020-10-10 06:51:00,0.3040211919101102,219.13454049392067
186,92.55680014234072,0.0045126353790610006,2020-10-10 07:01:00,1.0872368851122487,235.26902449886106
187,101.34328247620178,7.5,2020-10-10 07:11:00,2.7263827058385552,240.04978440274758
188,97.31951697518892,3.75,2020-10-10 07:21:00,5.240566969598644,247.278674836781
189,101.34140857897309,15.624999997671695,2020-10-10 07:31:00,8.957494277881379,244.66315502515565
190,103.81614525534886,20.937500016298145,2020-10-10 07:41:00,11.627115640605126,249.05175607435157
191,95.52726951012244,20.31249998370185,2020-10-10 07:51:00,15.717244925780307,258.38544458501264
192,131.61398572119595,30.0,2020-10-10 08:01:00,20.62407683004988,267.85963663689097
193,120.59141203073355,40.249999996740364,2020-10-10 08:11:00,29.02656305459585,269.55716858485835
194,111.264869758061,40.50000000279397,2020-10-10 08:21:00,33.85208333358169,258.59460755191947
195,107.58826006640184,35.999999998603016,2020-10-10 08:31:00,35.71458333334885,259.1193560724158
196,144.8796056574041,86.12500000745058,2020-10-10 08:41:00,44.887500001350425,262.1405655320053
197,120.51607786934328,53.50000001024455,2020-10-10 08:51:00,56.32916666520761,276.8054400252008
198,147.92876265534255,68.87499998789279,2020-10-10 09:01:00,62.59166666911915,280.85712037659766
199,173.1539915665336,95.99999999860302,2020-10-10 09:11:00,61.88749999902211,283.98445803216566
200,254.71232064846345,143.99999999441206,2020-10-10 09:21:00,70.34583333041519,283.599246027906
201,241.1091198620496,106.49999999441206,2020-10-10 09:31:00,81.0874999987427,283.1727250079054
202,193.4439554387873,192.75000000139698,2020-10-10 09:41:00,87.08125000074507,279.0907100683044
203,186.1019192257443,147.75000000139696,2020-10-10 09:51:00,99.31041666748932,273.574908300887
204,166.72353113477482,185.99999999860302,2020-10-10 10:01:00,103.34166666842066,272.34158606260826
205,170.67821914537814,241.75000000745055,2020-10-10 10:11:00,105.847916665487,266.96531816019814
206,205.05625453564,57.00000000419095,2020-10-10 10:21:00,101.70208333269692,275.1172269631032
207,189.18444168233424,156.87499998137355,2020-10-10 10:31:00,114.68958333064802,278.6732885532199
208,194.8041280110677,300.0,2020-10-10 10:41:00,130.45833333139308,271.3206525018095
209,181.80273836153046,255.0,2020-10-10 10:51:00,125.63958333223127,270.15312124379346
210,244.29537936123933,156.25000001164153,2020-10-10 11:01:00,118.55833333474584,280.8263121594754
211,171.82284474595693,359.50000000186265,2020-10-10 11:11:00,137.93125000130385,275.42801303872034
212,170.75387845720562,245.8750000130385,2020-10-10 11:21:00,132.11250000121072,271.4666848709311
213,160.32019414128482,227.99999999580902,2020-10-10 11:31:00,123.50833333097398,271.8963574689945
214,163.75583062853124,226.50000000139698,2020-10-10 11:41:00,119.22500000125729,269.57522931105655
215,163.6177975741299,176.25,2020-10-10 11:51:00,119.11041666613892,273.3484399118205
216,177.61243944970246,185.25000000139698,2020-10-10 12:01:00,105.9770833349321,277.41027607936053
217,191.05113697052,216.1250000121072,2020-10-10 12:11:00,116.73749999864958,270.99097329217324
218,184.02574821140445,270.74999999720603,2020-10-10 12:21:00,121.88749999972059,270.94252256560225
219,185.41095936626468,317.3749999841675,2020-10-10 12:31:00,122.54791666404344,265.13599399708164
220,173.5600632676133,218.24999999720603,2020-10-10 12:41:00,129.92189018386986,270.1827253162334
221,177.6816888982599,219.74999999860302,2020-10-10 12:51:00,131.1062499990221,264.0510806485503
222,173.5373010197911,295.500000002794,2020-10-10 13:01:00,123.92708333116023,270.5033539041401
223,177.4575928544576,280.500000002794,2020-10-10 13:11:00,123.34045782179471,271.7184499253028
224,175.12746490208445,224.24999999580902,2020-10-10 13:21:00,117.09845678946637,270.8174814310001
225,176.98558155406602,200.25000000139698,2020-10-10 13:31:00,105.11062242891144,262.1609960620484
226,194.3101956479184,179.25000000279397,2020-10-10 13:41:00,111.39166666613892,261.4802038782049
227,185.45226870450105,218.24999999720603,2020-10-10 13:51:00,102.05208333255725,265.4289847050998
228,178.4639678955078,96.75000000279395,2020-10-10 14:01:00,100.8395833335817,260.8451563346408
229,171.5733143841779,135.74999999720603,2020-10-10 14:11:00,95.67083333292976,259.9777040353217
230,149.41509421812285,122.24999999860302,2020-10-10 14:21:00,100.65416666818784,254.47428319726563
231,161.90419477982957,165.0,2020-10-10 14:31:00,102.10208333563058,253.0010862159482
232,158.08135420700603,159.49999999953434,2020-10-10 14:41:00,94.00416666393478,241.26413935301326
233,159.62874134308692,153.50000000093132,2020-10-10 14:51:00,84.98020833202949,237.00254379110612
234,194.95528066383216,120.74999999720605,2020-10-10 15:01:00,81.83489583432673,233.85514596010472
235,163.92298306551848,170.25000000139696,2020-10-10 15:11:00,70.20069444630708,224.39871681981728
236,155.2868751243309,148.125,2020-10-10 15:21:00,63.37499999813736,226.06279131512542
237,140.4152872337485,125.25000000139698,2020-10-10 15:31:00,51.98282313015198,230.01354691885945
238,136.05643309079684,127.5,2020-10-10 15:41:00,52.06458333320915,223.1590911699298
239,121.0995018698952,128.62500000279397,2020-10-10 15:51:00,43.507257574288474,221.97353956678936
240,125.98605449779612,60.0,2020-10-10 16:01:00,34.707281534599986,224.6050778897593
241,132.13027246648613,41.25,2020-10-10 16:11:00,28.38880397483436,217.06906018118562
242,113.6735697332418,21.249999976716932,2020-10-10 16:21:00,20.34293557307056,229.40501213626166
243,141.25721712465642,17.500000004656613,2020-10-10 16:31:00,14.591086238690432,229.00443184680773
244,136.75181308639378,13.125,2020-10-10 16:41:00,10.827794175698097,228.5207603372969
245,146.24745757491502,9.375,2020-10-10 16:51:00,5.945156455135191,232.25455815707488
246,153.5833984924866,3.75,2020-10-10 17:01:00,4.385979995949609,237.94310292074044
247,155.68406463337837,3.75,2020-10-10 17:11:00,3.059981320879437,238.12937971073663
248,138.98370982982496,3.75,2020-10-10 17:21:00,2.6134711476332217,228.15641606371798
249,127.83951647036542,1.8682066818267509,2020-10-10 17:31:00,2.295663532891973,229.13881011119568
250,138.5247098905546,1.8455622879159204,2020-10-10 17:41:00,2.0518525209962513,230.10024328596745
251,133.72913585844498,1.82291789400509,2020-10-10 17:51:00,2.025664936195022,230.11599685979184
252,129.93495135440998,1.8002735000942596,2020-10-10 18:01:00,1.9994773513937931,217.69916825786203
253,127.77507298333305,1.777629106183429,2020-10-10 18:11:00,1.9732897665925648,215.3816857868631
254,137.56295472604256,1.7549847122725988,2020-10-10 18:21:00,1.9471021817913357,220.6532782884967
255,139.28367092734885,1.7323403183617685,2020-10-10 18:31:00,1.9209145969901065,221.81745579455227
256,128.4582136550752,1.7096959244509378,2020-10-10 18:41:00,1.8947270121888768,216.4601531164096
257,128.14271486722507,1.6870515305401073,2020-10-10 18:51:00,1.8685394273876483,211.2452687576577
258,126.46986890722201,1.664407136629277,2020-10-10 19:01:00,1.84235184258642,212.82814390378164
259,128.82724176134388,1.6417627427184465,2020-10-10 19:11:00,1.8161642577851904,203.51432030677054
260,135.79327703155252,1.619118348807616,2020-10-10 19:21:00,1.7899766729839617,197.21448007600196
261,120.48566781103085,1.5964739548967857,2020-10-10 19:31:00,1.7637890881827332,181.2836974790744
262,133.34610046116654,1.5738295609859552,2020-10-10 19:41:00,1.7376015033815042,180.78254159644055
263,128.25828187959692,1.5511851670751249,2020-10-10 19:51:00,1.7114139185802746,177.9022203749674
264,122.8120142143464,1.5285407731642944,2020-10-10 20:01:00,1.6852263337790454,170.0546338942392
265,132.00474321520002,1.505896379253464,2020-10-10 20:11:00,1.6590387489778164,164.7109028687745
266,122.99673723493301,1.4832519853426334,2020-10-10 20:21:00,1.6328511641765882,160.6236262205105
267,132.1916163033301,1.460607591431803,2020-10-10 20:31:00,1.6066635793753588,158.5173102702661
268,123.2012207757859,1.4379631975209726,2020-10-10 20:41:00,1.5804759945741298,156.74847199359976
269,117.6544613704503,1.4153188036101418,2020-10-10 20:51:00,1.5542884097729006,143.14263742032216
270,121.88373167020777,1.3926744096993118,2020-10-10 21:01:00,1.528100824971672,138.76662468716168
271,118.02255006269978,1.3700300157884813,2020-10-10 21:11:00,1.5019132401704431,136.95094711327084
272,119.53430407387869,1.3473856218776508,2020-10-10 21:21:00,1.4757256553692135,131.2783774967102
273,119.2296102648584,1.3247412279668205,2020-10-10 21:31:00,1.4495380705679852,131.42984283749078
274,122.84638891487478,1.30209683405599,2020-10-10 21:41:00,1.4233504857667565,129.2569474931145
275,123.65291733514694,1.2794524401451597,2020-10-10 21:51:00,1.3971629009655264,127.33345697281084
276,122.81532372368707,1.2568080462343292,2020-10-10 22:01:00,1.3709753161642977,128.6341190352129
277,115.87721994760868,1.234163652323499,2020-10-10 22:11:00,1.3447877313630694,125.29225050614471
278,115.87056429751286,1.2115192584126682,2020-10-10 22:21:00,1.3186001465618398,125.03347835797214
279,121.48579203754393,1.188874864501838,2020-10-10 22:31:00,1.2924125617606108,123.66040227459546
280,114.61522310916507,1.1662304705910074,2020-10-10 22:41:00,1.266224976959382,122.39675428308723
281,110.8772449493408,1.1435860766801769,2020-10-10 22:51:00,1.2400373921581531,121.24375482153464
282,153.52599611535538,1.1209416827693466,2020-10-10 23:01:00,1.2138498073569235,123.53604980984659
283,114.34631478249487,1.0982972888585159,2020-10-10 23:11:00,1.1876622225556948,119.67752788852782
284,115.90146137843622,1.0756528949476856,2020-10-10 23:21:00,1.1614746377544658,121.54778568761593
285,111.35464118892315,1.0530085010368553,2020-10-10 23:31:00,1.135287052953237,118.50520286970344
286,117.37581294666636,1.0303641071260248,2020-10-10 23:41:00,1.109099468152008,117.75686499511863
287,114.87095142232964,1.0077197132151945,2020-10-10 23:51:00,1.0829118833507791,116.37379992679384
288,119.06165774363392,0.985075319304364,2020-10-11 00:01:00,1.0414012238016943,113.43693701691677
289,119.93184318892452,0.9624309253935336,2020-10-11 00:11:00,1.0148380734429197,114.6189846233996
290,113.92117910031921,0.939786531482703,2020-10-11 00:21:00,0.9882749230841456,115.5110669812978
291,118.630350626432,0.9171421375718726,2020-10-11 00:31:00,0.9629426261170558,112.61847977407758
292,109.64268053494966,0.8944977436610422,2020-10-11 00:41:00,0.9377470906379312,111.41318327200187
293,115.49614940824965,0.8718533497502117,2020-10-11 00:51:00,0.9125515551588068,111.75141579075951
294,116.94051453777566,0.8492089558393812,2020-10-11 01:01:00,0.8873560196796823,111.88220007267263
295,104.1072428721302,0.8265645619285509,2020-10-11 01:11:00,0.8621604842005576,110.79251775317806
296,110.59431650036963,0.8039201680177204,2020-10-11 01:21:00,0.8369649487214329,110.19463703237189
297,105.24244301274138,0.7812757741068899,2020-10-11 01:31:00,0.8117694132423086,111.52264332815193
298,107.83710033488724,0.7586313801960596,2020-10-11 01:41:00,0.7865738777631839,109.73272601440478
299,107.71750003919693,0.7359869862852291,2020-10-11 01:51:00,0.762043918959336,111.04045897531314
300,107.4709784962306,0.7133425923743986,2020-10-11 02:01:00,0.7375254511063648,110.05900110369758
301,111.86229520423392,0.6906981984635683,2020-10-11 02:11:00,0.7130069832533934,109.75608143872036
302,110.69320106506352,0.6680538045527378,2020-10-11 02:21:00,0.6884885154004221,108.87933253994456
303,115.02806637265266,0.6454094106419073,2020-10-11 02:31:00,0.6639700475474506,108.43346085574122
304,110.2705569486006,0.6227650167310771,2020-10-11 02:41:00,0.6394515796944791,109.6383947631864
305,105.808603520979,0.6001206228202465,2020-10-11 02:51:00,0.6149331118415077,109.63401121870858
306,104.98069735185815,0.5774762289094161,2020-10-11 03:01:00,0.5924549271285205,111.25305095774958
307,110.29901214882177,0.5548318349985857,2020-10-11 03:11:00,0.5699931619188608,110.24058829479894
308,110.48514760335286,0.5321874410877552,2020-10-11 03:21:00,0.5475328428658952,110.36118627016195
309,102.62229408474144,0.5095430471769247,2020-10-11 03:31:00,0.5250725238129293,111.09168206854748
310,109.62421609629759,0.4868986532660944,2020-10-11 03:41:00,0.5026122047599638,109.30878861670773
311,117.82500984885478,0.4642542593552639,2020-10-11 03:51:00,0.48015188570699796,109.41788501859486
312,121.31504219055176,0.44160986544443337,2020-10-11 04:01:00,0.4576915666540322,109.73756578204828
313,117.97934401662728,0.4189654715336029,2020-10-11 04:11:00,0.4352312476010666,110.24145091709377
314,106.53707089044356,0.3963210776227726,2020-10-11 04:21:00,0.4127709285481007,109.36887225925858
315,107.87184794014743,0.3736766837119421,2020-10-11 04:31:00,0.39031060949513496,113.2739702086933
316,109.50721653529577,0.3510322898011116,2020-10-11 04:41:00,0.3678502904421693,119.85545693466206
317,107.39230402166193,0.3283878958902813,2020-10-11 04:51:00,0.3453899713892035,119.01478315467436
318,118.13606076627165,0.3057435019794508,2020-10-11 05:01:00,0.3229296523362379,132.127853911324
319,108.83114163510434,0.28309910806862026,2020-10-11 05:11:00,0.3004693332832721,137.48990045133675
320,104.29193128619279,0.26045471415779003,2020-10-11 05:21:00,0.27800901423030633,140.25696133222152
321,112.57078697898173,0.2378103202469595,2020-10-11 05:31:00,0.2555486951773406,152.30437481223709
322,107.8940081596375,0.21516592633612894,2020-10-11 05:41:00,0.2330883761243749,158.84736264088374
323,110.05863864864924,0.19252153242529868,2020-10-11 05:51:00,0.21062805707140925,164.95212823123794
324,116.03014422329993,0.16987713851446815,2020-10-11 06:01:00,0.1881677380184434,174.29781471999237
325,125.79016919817242,0.14723274460363767,2020-10-11 06:11:00,0.16570741896547767,181.0253751385817
326,121.57812613028072,0.12458835069280738,2020-10-11 06:21:00,0.14324709991251194,182.4482957848684
327,117.35534016002312,0.10194395678197687,2020-10-11 06:31:00,0.12078678085954625,191.2710514325148
328,113.06841475622994,0.07929956287114638,2020-10-11 06:41:00,0.10592422466208172,201.15063052176623
329,113.27666053422004,0.056655168960316075,2020-10-11 06:51:00,0.3040211919101102,219.13454049392067
330,111.58899536132814,0.034010775049485575,2020-10-11 07:01:00,1.0872368851122487,235.26902449886106
331,115.18245846757264,0.011366381138655068,2020-10-11 07:11:00,2.7263827058385552,240.04978440274758
332,120.2129743457895,9.375,2020-10-11 07:21:00,5.240566969598644,247.278674836781
333,106.02050488908712,16.249999995343387,2020-10-11 07:31:00,8.957494277881379,244.66315502515565
334,113.75657214758532,21.875000016298145,2020-10-11 07:41:00,11.627115640605126,249.05175607435157
335,117.70248987040388,30.0,2020-10-11 07:51:00,15.717244925780307,258.38544458501264
336,114.08749830613442,55.50000000279397,2020-10-11 08:01:00,20.62407683004988,267.85963663689097
337,124.69230700851578,46.50000000139698,2020-10-11 08:11:00,29.02656305459585,269.55716858485835
338,117.58729519464269,48.25000000884757,2020-10-11 08:21:00,33.85208333358169,258.59460755191947
339,112.85942533974337,56.25,2020-10-11 08:31:00,35.71458333334885,259.1193560724158
340,114.29705258778162,41.25,2020-10-11 08:41:00,44.887500001350425,262.1405655320053
341,109.35986259391716,69.75000000558794,2020-10-11 08:51:00,56.32916666520761,276.8054400252008
342,127.44275361520272,60.0,2020-10-11 09:01:00,62.59166666911915,280.85712037659766
343,149.03880181713637,124.87500000279395,2020-10-11 09:11:00,61.88749999902211,283.98445803216566
344,154.11868823823474,98.25000000419097,2020-10-11 09:21:00,70.34583333041519,283.599246027906
345,153.63280119719323,225.0,2020-10-11 09:31:00,81.0874999987427,283.1727250079054
346,137.46900204249786,226.4999999944121,2020-10-11 09:41:00,87.08125000074507,279.0907100683044
347,127.29502272172407,311.9999999972061,2020-10-11 09:51:00,99.31041666748932,273.574908300887
348,122.77867700419293,314.24999999580905,2020-10-11 10:01:00,103.34166666842066,272.34158606260826
349,135.53364178081893,159.24999998649582,2020-10-11 10:11:00,105.847916665487,266.96531816019814
350,138.57040599476207,144.74999999860304,2020-10-11 10:21:00,101.70208333269692,275.1172269631032
351,129.96250087379386,180.25000002700835,2020-10-11 10:31:00,114.68958333064802,278.6732885532199
352,132.57399259794738,209.250000002794,2020-10-11 10:41:00,130.45833333139308,271.3206525018095
353,130.70447204309863,248.87500000186265,2020-10-11 10:51:00,125.63958333223127,270.15312124379346
354,232.62330598377056,225.74999999720603,2020-10-11 11:01:00,118.55833333474584,280.8263121594754
355,149.8450584761593,255.74999999720603,2020-10-11 11:11:00,137.93125000130385,275.42801303872034
356,158.3514818663991,186.24999998370185,2020-10-11 11:21:00,132.11250000121072,271.4666848709311
357,158.4736139885733,155.99999999860304,2020-10-11 11:31:00,123.50833333097398,271.8963574689945
358,175.72845486232208,154.50000000419095,2020-10-11 11:41:00,119.22500000125729,269.57522931105655
359,162.91925548206672,108.00000000279395,2020-10-11 11:51:00,119.11041666613892,273.3484399118205
360,168.7404753251509,99.74999999860302,2020-10-11 12:01:00,105.9770833349321,277.41027607936053
361,170.65995774179132,258.75,2020-10-11 12:11:00,116.73749999864958,270.99097329217324
362,200.1094030431799,278.2500000041909,2020-10-11 12:21:00,121.88749999972059,270.94252256560225
363,184.03917846679684,332.99999999580905,2020-10-11 12:31:00,122.54791666404344,265.13599399708164
364,175.13657129221951,103.49999999860302,2020-10-11 12:41:00,129.92189018386986,270.1827253162334
365,142.0330553556743,380.25000000139704,2020-10-11 12:51:00,131.1062499990221,264.0510806485503
366,135.35352004577064,131.25,2020-10-11 13:01:00,123.92708333116023,270.5033539041401
367,135.42151064486117,104.24999999580903,2020-10-11 13:11:00,123.34045782179471,271.7184499253028
368,134.52754247077144,354.74999999860296,2020-10-11 13:21:00,117.09845678946637,270.8174814310001
369,148.56763181433217,349.7499999892898,2020-10-11 13:31:00,105.11062242891144,262.1609960620484
370,142.3503321521687,237.75000000139698,2020-10-11 13:41:00,111.39166666613892,261.4802038782049
371,179.68423589070642,89.12500001024453,2020-10-11 13:51:00,102.05208333255725,265.4289847050998
372,150.45025620637117,276.74999999580905,2020-10-11 14:01:00,100.8395833335817,260.8451563346408
373,149.38737162837282,326.9999999972061,2020-10-11 14:11:00,95.67083333292976,259.9777040353217
374,163.20398453178757,285.0,2020-10-11 14:21:00,100.65416666818784,254.47428319726563
375,169.54782482586072,105.74999999720605,2020-10-11 14:31:00,102.10208333563058,253.0010862159482
376,164.273912359167,265.3750000381842,2020-10-11 14:41:00,94.00416666393478,241.26413935301326
377,169.94044538644647,108.00000000279395,2020-10-11 14:51:00,84.98020833202949,237.00254379110612
378,141.53011744362968,115.12499999720605,2020-10-11 15:01:00,81.83489583432673,233.85514596010472
379,151.6713809260616,94.87500000279395,2020-10-11 15:11:00,70.20069444630708,224.39871681981728
380,144.7604394135651,82.37499998649581,2020-10-11 15:21:00,63.37499999813736,226.06279131512542
381,141.3746300756403,37.812500009313226,2020-10-11 15:31:00,51.98282313015198,230.01354691885945
382,143.26672703879225,111.75000000279395,2020-10-11 15:41:00,52.06458333320915,223.1590911699298
383,130.42588330190114,90.0,2020-10-11 15:51:00,43.507257574288474,221.97353956678936
384,171.34856295804366,86.37499996460974,2020-10-11 16:01:00,34.707281534599986,224.6050778897593
385,170.33321677313904,69.74999999860302,2020-10-11 16:11:00,28.38880397483436,217.06906018118562
386,168.0671357374925,56.99999999720603,2020-10-11 16:21:00,20.34293557307056,229.40501213626166
387,176.9665575829621,40.49999999580904,2020-10-11 16:31:00,14.591086238690432,229.00443184680773
388,181.79089198602688,34.50000000419095,2020-10-11 16:41:00,10.827794175698097,228.5207603372969
389,167.82660536332563,11.25,2020-10-11 16:51:00,5.945156455135191,232.25455815707488
390,192.8671114809879,3.75,2020-10-11 17:01:00,4.385979995949609,237.94310292074044
391,231.91470805385663,1.875,2020-10-11 17:11:00,3.059981320879437,238.12937971073663
392,213.3394648234049,1.875,2020-10-11 17:21:00,2.6134711476332217,228.15641606371798
393,220.69718369492537,1.8518233809188192,2020-10-11 17:31:00,2.295663532891973,229.13881011119568
394,223.4004861337167,1.8286467618376383,2020-10-11 17:41:00,2.0518525209962513,230.10024328596745
395,270.2157327157481,1.8054701427564568,2020-10-11 17:51:00,2.025664936195022,230.11599685979184
396,260.1631897260557,1.7822935236752762,2020-10-11 18:01:00,1.9994773513937931,217.69916825786203
397,262.2090632345824,1.7591169045940953,2020-10-11 18:11:00,1.9732897665925648,215.3816857868631
398,159.42942516620346,1.7359402855129145,2020-10-11 18:21:00,1.9471021817913357,220.6532782884967
399,185.0439826602027,1.7127636664317334,2020-10-11 18:31:00,1.9209145969901065,221.81745579455227
400,182.2937381503818,1.6895870473505523,2020-10-11 18:41:00,1.8947270121888768,216.4601531164096
401,174.38356270046418,1.6664104282693717,2020-10-11 18:51:00,1.8685394273876483,211.2452687576577
402,164.92432502464013,1.6432338091881906,2020-10-11 19:01:00,1.84235184258642,212.82814390378164
403,151.86852773030603,1.6200571901070098,2020-10-11 19:11:00,1.8161642577851904,203.51432030677054
404,147.0424062746381,1.5968805710258287,2020-10-11 19:21:00,1.7899766729839617,197.21448007600196
405,174.7372024956099,1.5737039519446476,2020-10-11 19:31:00,1.7637890881827332,181.2836974790744
406,193.74400300799675,1.5505273328634668,2020-10-11 19:41:00,1.7376015033815042,180.78254159644055
407,160.70709310995562,1.5273507137822857,2020-10-11 19:51:00,1.7114139185802746,177.9022203749674
408,147.22306178166318,1.504174094701105,2020-10-11 20:01:00,1.6852263337790454,170.0546338942392
409,145.0770242864435,1.480997475619924,2020-10-11 20:11:00,1.6590387489778164,164.7109028687745
410,149.88200850053266,1.4578208565387432,2020-10-11 20:21:00,1.6328511641765882,160.6236262205105
411,141.90929777128196,1.4346442374575619,2020-10-11 20:31:00,1.6066635793753588,158.5173102702661
412,141.19254755090782,1.4114676183763812,2020-10-11 20:41:00,1.5804759945741298,156.74847199359976
413,136.4771845037287,1.3882909992952002,2020-10-11 20:51:00,1.5542884097729006,143.14263742032216
414,130.9577404490688,1.365114380214019,2020-10-11 21:01:00,1.528100824971672,138.76662468716168
415,134.7156250279977,1.3419377611328382,2020-10-11 21:11:00,1.5019132401704431,136.95094711327084
416,107.4033721496012,1.3187611420516574,2020-10-11 21:21:00,1.4757256553692135,131.2783774967102
417,108.02881844260477,1.2955845229704763,2020-10-11 21:31:00,1.4495380705679852,131.42984283749078
418,107.27463582845829,1.2724079038892957,2020-10-11 21:41:00,1.4233504857667565,129.2569474931145
419,101.80689396177021,1.2492312848081146,2020-10-11 21:51:00,1.3971629009655264,127.33345697281084
420,107.56167206109741,1.2260546657269336,2020-10-11 22:01:00,1.3709753161642977,128.6341190352129
421,109.90529328805424,1.2028780466457527,2020-10-11 22:11:00,1.3447877313630694,125.29225050614471
422,109.38022847218559,1.179701427564572,2020-10-11 22:21:00,1.3186001465618398,125.03347835797214
423,113.23747940063477,1.1565248084833908,2020-10-11 22:31:00,1.2924125617606108,123.66040227459546
424,102.33237276944249,1.13334818940221,2020-10-11 22:41:00,1.266224976959382,122.39675428308723
425,106.73269097158844,1.1101715703210289,2020-10-11 22:51:00,1.2400373921581531,121.24375482153464
426,157.61653501178145,1.086994951239848,2020-10-11 23:01:00,1.2138498073569235,123.53604980984659
427,103.52479416469356,1.0638183321586672,2020-10-11 23:11:00,1.1876622225556948,119.67752788852782
428,104.94286976385551,1.040641713077486,2020-10-11 23:21:00,1.1614746377544658,121.54778568761593
429,100.81145950599955,1.017465093996305,2020-10-11 23:31:00,1.135287052953237,118.50520286970344
430,107.97483569058504,0.9942884749151244,2020-10-11 23:41:00,1.109099468152008,117.75686499511863
431,108.2335951371626,0.9711118558339432,2020-10-11 23:51:00,1.0829118833507791,116.37379992679384
432,100.84358805530475,0.9479352367527624,2020-10-12 00:01:00,1.0414012238016943,113.43693701691677
433,105.727322603749,0.9247586176715814,2020-10-12 00:11:00,1.0148380734429197,114.6189846233996
434,108.19367924961477,0.9015819985904004,2020-10-12 00:21:00,0.9882749230841456,115.5110669812978
435,106.08435961522095,0.8784053795092195,2020-10-12 00:31:00,0.9629426261170558,112.61847977407758
436,104.64430604157623,0.8552287604280386,2020-10-12 00:41:00,0.9377470906379312,111.41318327200187
437,104.34839786802021,0.8320521413468576,2020-10-12 00:51:00,0.9125515551588068,111.75141579075951
438,102.27211206001148,0.8088755222656767,2020-10-12 01:01:00,0.8873560196796823,111.88220007267263
439,106.2707586372848,0.7856989031844959,2020-10-12 01:11:00,0.8621604842005576,110.79251775317806
440,100.94572938163324,0.7625222841033148,2020-10-12 01:21:00,0.8369649487214329,110.19463703237189
441,108.10402066239685,0.7393456650221341,2020-10-12 01:31:00,0.8117694132423086,111.52264332815193
442,103.25034129291504,0.7161690459409529,2020-10-12 01:41:00,0.7865738777631839,109.73272601440478
443,101.8521537417457,0.6929924268597719,2020-10-12 01:51:00,0.762043918959336,111.04045897531314
444,103.62146710482507,0.6698158077785911,2020-10-12 02:01:00,0.7375254511063648,110.05900110369758
445,104.64171699241358,0.6466391886974101,2020-10-12 02:11:00,0.7130069832533934,109.75608143872036
446,102.86046565662727,0.6234625696162293,2020-10-12 02:21:00,0.6884885154004221,108.87933253994456
447,107.44639952286434,0.6002859505350482,2020-10-12 02:31:00,0.6639700475474506,108.43346085574122
448,102.21488042463335,0.5771093314538673,2020-10-12 02:41:00,0.6394515796944791,109.6383947631864
449,112.25357524626841,0.5539327123726863,2020-10-12 02:51:00,0.6149331118415077,109.63401121870858
450,106.26001224002322,0.5307560932915054,2020-10-12 03:01:00,0.5924549271285205,111.25305095774958
451,96.15316677937464,0.5075794742103246,2020-10-12 03:11:00,0.5699931619188608,110.24058829479894
452,106.69912785121376,0.4844028551291435,2020-10-12 03:21:00,0.5475328428658952,110.36118627016195
453,105.94015543801444,0.4612262360479626,2020-10-12 03:31:00,0.5250725238129293,111.09168206854748
454,93.75241559465351,0.4380496169667816,2020-10-12 03:41:00,0.5026122047599638,109.30878861670773
455,105.69836350174637,0.4148729978856007,2020-10-12 03:51:00,0.48015188570699796,109.41788501859486
456,92.5105896702519,0.3916963788044199,2020-10-12 04:01:00,0.4576915666540322,109.73756578204828
457,103.12210951911078,0.3685197597232388,2020-10-12 04:11:00,0.4352312476010666,110.24145091709377
458,109.11205516996834,0.345343140642058,2020-10-12 04:21:00,0.4127709285481007,109.36887225925858
459,126.96783797237856,0.3221665215608769,2020-10-12 04:31:00,0.39031060949513496,113.2739702086933
460,122.6324346597912,0.29898990247969603,2020-10-12 04:41:00,0.3678502904421693,119.85545693466206
461,119.63525856490685,0.27581328339851496,2020-10-12 04:51:00,0.3453899713892035,119.01478315467436
462,149.86558691060768,0.2526366643173341,2020-10-12 05:01:00,0.3229296523362379,132.127853911324
463,153.2714458041721,0.2294600452361533,2020-10-12 05:11:00,0.3004693332832721,137.48990045133675
464,153.75937859365868,0.2062834261549722,2020-10-12 05:21:00,0.27800901423030633,140.25696133222152
465,175.1136250129113,0.18310680707379132,2020-10-12 05:31:00,0.2555486951773406,152.30437481223709
466,183.65277527926258,0.15993018799261027,2020-10-12 05:41:00,0.2330883761243749,158.84736264088374
467,184.4814523767542,0.13675356891142942,2020-10-12 05:51:00,0.21062805707140925,164.95212823123794
468,191.50775980066368,0.11357694983024855,2020-10-12 06:01:00,0.1881677380184434,174.29781471999237
469,203.68072884299545,0.0904003307490675,2020-10-12 06:11:00,0.16570741896547767,181.0253751385817
470,212.62898914234054,0.06722371166788665,2020-10-12 06:21:00,0.14324709991251194,182.4482957848684
471,222.28585173704911,0.04404709258670558,2020-10-12 06:31:00,0.12078678085954625,191.2710514325148
472,218.80740776411992,0.02087047350552473,2020-10-12 06:41:00,0.10592422466208172,201.15063052176623
473,229.2487999168601,0.280875671210243,2020-10-12 06:51:00,0.3040211919101102,219.13454049392067
474,270.8000892432961,2.5,2020-10-12 07:01:00,1.0872368851122487,235.26902449886106
475,290.0430044498084,7.5,2020-10-12 07:11:00,2.7263827058385552,240.04978440274758
476,335.14788707386367,17.500000004656613,2020-10-12 07:21:00,5.240566969598644,247.278674836781
477,363.0449142456054,30.0,2020-10-12 07:31:00,8.957494277881379,244.66315502515565
478,354.1773745450108,40.625000009313226,2020-10-12 07:41:00,11.627115640605126,249.05175607435157
479,375.0873198332609,48.00000000279397,2020-10-12 07:51:00,15.717244925780307,258.38544458501264
480,317.8829060307256,58.49999999860302,2020-10-12 08:01:00,20.62407683004988,267.85963663689097
481,320.0068570223722,70.50000000279397,2020-10-12 08:11:00,29.02656305459585,269.55716858485835
482,346.7019628351385,86.99999999720605,2020-10-12 08:21:00,33.85208333358169,258.59460755191947
483,278.9090732883763,98.99999999441206,2020-10-12 08:31:00,35.71458333334885,259.1193560724158
484,318.44723034779963,110.25000000139698,2020-10-12 08:41:00,44.887500001350425,262.1405655320053
485,291.3738896735361,125.25000000139698,2020-10-12 08:51:00,56.32916666520761,276.8054400252008
486,298.62494564964663,151.37499999487773,2020-10-12 09:01:00,62.59166666911915,280.85712037659766
487,297.77767083583734,150.0,2020-10-12 09:11:00,61.88749999902211,283.98445803216566
488,297.21320201232373,161.99999999720603,2020-10-12 09:21:00,70.34583333041519,283.599246027906
489,295.16105095694,193.49999999860302,2020-10-12 09:31:00,81.0874999987427,283.1727250079054
490,274.802632845365,206.1250000004657,2020-10-12 09:41:00,87.08125000074507,279.0907100683044
491,294.548695789684,196.50000000139698,2020-10-12 09:51:00,99.31041666748932,273.574908300887
492,294.323531971807,212.24999999860302,2020-10-12 10:01:00,103.34166666842066,272.34158606260826
493,293.5719340796608,221.99999999720603,2020-10-12 10:11:00,105.847916665487,266.96531816019814
494,284.8970160851112,227.24999999860302,2020-10-12 10:21:00,101.70208333269692,275.1172269631032
495,295.5556819810779,237.75000000139698,2020-10-12 10:31:00,114.68958333064802,278.6732885532199
496,294.38850069912996,270.8750000176952,2020-10-12 10:41:00,130.45833333139308,271.3206525018095
497,299.34432135687933,275.99999999860296,2020-10-12 10:51:00,125.63958333223127,270.15312124379346
498,299.11938588553613,255.74999999720603,2020-10-12 11:01:00,118.55833333474584,280.8263121594754
499,311.6554620131007,285.99999999627465,2020-10-12 11:11:00,137.93125000130385,275.42801303872034
500,294.81828266108806,292.2499999939464,2020-10-12 11:21:00,132.11250000121072,271.4666848709311
501,292.7076745284231,270.7500000041909,2020-10-12 11:31:00,123.50833333097398,271.8963574689945
502,282.8876687509042,276.750000002794,2020-10-12 11:41:00,119.22500000125729,269.57522931105655
503,297.80463861786166,275.99999999860296,2020-10-12 11:51:00,119.11041666613892,273.3484399118205
504,295.01559273856026,276.750000002794,2020-10-12 12:01:00,105.9770833349321,277.41027607936053
505,333.38170821578433,271.50000000139704,2020-10-12 12:11:00,116.73749999864958,270.99097329217324
506,295.8403894266952,271.50000000139704,2020-10-12 12:21:00,121.88749999972059,270.94252256560225
507,271.7560450236001,278.99999999441206,2020-10-12 12:31:00,122.54791666404344,265.13599399708164
508,268.160970899794,271.50000000139704,2020-10-12 12:41:00,129.92189018386986,270.1827253162334
509,264.97874026828356,267.75000000139704,2020-10-12 12:51:00,131.1062499990221,264.0510806485503
510,286.6439324838144,269.250000002794,2020-10-12 13:01:00,123.92708333116023,270.5033539041401
511,286.5940763685438,289.3750000116416,2020-10-12 13:11:00,123.34045782179471,271.7184499253028
512,267.0168949672153,279.74999999860296,2020-10-12 13:21:00,117.09845678946637,270.8174814310001
513,286.9960871282613,243.75,2020-10-12 13:31:00,105.11062242891144,262.1609960620484
514,263.49406016956664,242.99999999580902,2020-10-12 13:41:00,111.39166666613892,261.4802038782049
515,280.2216850563333,258.37500000139704,2020-10-12 13:51:00,102.05208333255725,265.4289847050998
516,289.9221924398546,217.5,2020-10-12 14:01:00,100.8395833335817,260.8451563346408
517,326.04071299235034,217.5,2020-10-12 14:11:00,95.67083333292976,259.9777040353217
518,302.38199907819785,204.74999999860302,2020-10-12 14:21:00,100.65416666818784,254.47428319726563
519,268.77989620632593,210.87499999674043,2020-10-12 14:31:00,102.10208333563058,253.0010862159482
520,248.150539125715,200.49999997951093,2020-10-12 14:41:00,94.00416666393478,241.26413935301326
521,241.0900730556912,165.74999999720603,2020-10-12 14:51:00,84.98020833202949,237.00254379110612
522,236.63516766684398,152.99999999580905,2020-10-12 15:01:00,81.83489583432673,233.85514596010472
523,220.14953804016116,143.99999999441206,2020-10-12 15:11:00,70.20069444630708,224.39871681981728
524,243.74098948250838,128.25000000419095,2020-10-12 15:21:00,63.37499999813736,226.06279131512542
525,214.67759044750318,113.24999999720605,2020-10-12 15:31:00,51.98282313015198,230.01354691885945
526,204.27959503998628,106.50000000139698,2020-10-12 15:41:00,52.06458333320915,223.1590911699298
527,221.36299646680604,86.99999999720605,2020-10-12 15:51:00,43.507257574288474,221.97353956678936
528,219.7374572753907,75.0,2020-10-12 16:01:00,34.707281534599986,224.6050778897593
529,236.86534978693183,66.75000000279397,2020-10-12 16:11:00,28.38880397483436,217.06906018118562
530,242.85283357194328,50.24999999441207,2020-10-12 16:21:00,20.34293557307056,229.40501213626166
531,222.09475442028926,38.25000000419096,2020-10-12 16:31:00,14.591086238690432,229.00443184680773
532,190.65527695875903,30.0,2020-10-12 16:41:00,10.827794175698097,228.5207603372969
533,208.06489178081887,11.25,2020-10-12 16:51:00,5.945156455135191,232.25455815707488
534,236.40083722715028,7.5,2020-10-12 17:01:00,4.385979995949609,237.94310292074044
535,212.68363638904614,3.75,2020-10-12 17:11:00,3.059981320879437,238.12937971073663
536,192.08457678335682,0.6242507592306463,2020-10-12 17:21:00,2.6134711476332217,228.15641606371798
537,210.12119412203447,0.616758351537109,2020-10-12 17:31:00,2.295663532891973,229.13881011119568
538,218.39819728306355,0.6092659438435718,2020-10-12 17:41:00,2.0518525209962513,230.10024328596745
539,208.69936454079368,0.6017735361500346,2020-10-12 17:51:00,2.025664936195022,230.11599685979184
540,229.3515718792557,0.5942811284564974,2020-10-12 18:01:00,1.9994773513937931,217.69916825786203
541,221.06930095744582,0.5867887207629602,2020-10-12 18:11:00,1.9732897665925648,215.3816857868631
542,235.95118897049514,0.5792963130694229,2020-10-12 18:21:00,1.9471021817913357,220.6532782884967
543,236.8298205288974,0.5718039053758857,2020-10-12 18:31:00,1.9209145969901065,221.81745579455227
544,224.13125508626305,0.5643114976823485,2020-10-12 18:41:00,1.8947270121888768,216.4601531164096
545,219.37960986556286,0.5568190899888112,2020-10-12 18:51:00,1.8685394273876483,211.2452687576577
546,217.35371978194618,0.549326682295274,2020-10-12 19:01:00,1.84235184258642,212.82814390378164
547,244.7204760798702,0.5418342746017368,2020-10-12 19:11:00,1.8161642577851904,203.51432030677054
548,206.8205083673651,0.5343418669081995,2020-10-12 19:21:00,1.7899766729839617,197.21448007600196
549,177.5633873679421,0.5268494592146623,2020-10-12 19:31:00,1.7637890881827332,181.2836974790744
550,170.73191819235544,0.5193570515211251,2020-10-12 19:41:00,1.7376015033815042,180.78254159644055
551,181.7463286513583,0.5118646438275879,2020-10-12 19:51:00,1.7114139185802746,177.9022203749674
552,161.5934167309343,0.5043722361340506,2020-10-12 20:01:00,1.6852263337790454,170.0546338942392
553,157.57878168788537,0.4968798284405134,2020-10-12 20:11:00,1.6590387489778164,164.7109028687745
554,161.35401729367803,0.4893874207469762,2020-10-12 20:21:00,1.6328511641765882,160.6236262205105
555,164.98164016588598,0.481895013053439,2020-10-12 20:31:00,1.6066635793753588,158.5173102702661
556,178.5822356337801,0.4744026053599018,2020-10-12 20:41:00,1.5804759945741298,156.74847199359976
557,166.1122376328215,0.4669101976663645,2020-10-12 20:51:00,1.5542884097729006,143.14263742032216
558,169.11063662442282,0.4594177899728273,2020-10-12 21:01:00,1.528100824971672,138.76662468716168
559,167.50437468132083,0.45192538227928997,2020-10-12 21:11:00,1.5019132401704431,136.95094711327084
560,144.73545379638662,0.4444329745857528,2020-10-12 21:21:00,1.4757256553692135,131.2783774967102
561,139.67610653963956,0.4369405668922156,2020-10-12 21:31:00,1.4495380705679852,131.42984283749078
562,135.77272348666418,0.4294481591986784,2020-10-12 21:41:00,1.4233504857667565,129.2569474931145
563,118.77052668162754,0.4219557515051411,2020-10-12 21:51:00,1.3971629009655264,127.33345697281084
564,116.57572250366213,0.4144633438116039,2020-10-12 22:01:00,1.3709753161642977,128.6341190352129
565,113.77302408218388,0.4069709361180667,2020-10-12 22:11:00,1.3447877313630694,125.29225050614471
566,120.9833053874078,0.3994785284245295,2020-10-12 22:21:00,1.3186001465618398,125.03347835797214
567,118.90019482832687,0.39198612073099226,2020-10-12 22:31:00,1.2924125617606108,123.66040227459546
568,111.86673304719746,0.384493713037455,2020-10-12 22:41:00,1.266224976959382,122.39675428308723
569,117.25745183116987,0.37700130534391774,2020-10-12 22:51:00,1.2400373921581531,121.24375482153464
570,117.93381036776245,0.3695088976503805,2020-10-12 23:01:00,1.2138498073569235,123.53604980984659
571,98.81863155880491,0.3620164899568433,2020-10-12 23:11:00,1.1876622225556948,119.67752788852782
572,114.47841070332657,0.3545240822633061,2020-10-12 23:21:00,1.1614746377544658,121.54778568761593
573,100.44470319835422,0.3470316745697689,2020-10-12 23:31:00,1.135287052953237,118.50520286970344
574,104.49351296601476,0.33953926687623165,2020-10-12 23:41:00,1.109099468152008,117.75686499511863
575,103.28720121563605,0.3320468591826944,2020-10-12 23:51:00,1.0829118833507791,116.37379992679384
