date,airTemp,GHI,PAI,L,PV
2021-03-18 00:00:00,,,,129.75,0.0
2021-03-18 00:10:00,,,,127.40625,0.0
2021-03-18 00:20:00,,,,132.84375,0.0
2021-03-18 00:30:00,,,,138.28125,0.0
2021-03-18 00:40:00,-0.700000007947286,,,139.78125,0.0
2021-03-18 00:50:00,-0.5333333412806193,,,133.96875,0.0
2021-03-18 01:00:00,-0.600000023841858,,,123.09375,0.0
2021-03-18 01:10:00,-0.800000011920929,,,131.0625,0.0
2021-03-18 01:20:00,-1.0500000119209298,,,129.75,0.0
2021-03-18 01:30:00,-1.0,,,128.34375,0.0
2021-03-18 01:40:00,-0.9500000178813934,,,127.78125,0.0
2021-03-18 01:50:00,-1.10000002384186,,,129.65625,0.0
2021-03-18 02:00:00,-1.3000000317891434,,,131.15625,0.0
2021-03-18 02:10:00,-1.5500000119209298,,,130.96875,0.0
2021-03-18 02:20:00,-1.750000059604645,,,135.09375,0.0
2021-03-18 02:30:00,,,,129.84375,0.0
2021-03-18 02:40:00,,,,129.375,0.0
2021-03-18 02:50:00,-2.00000003973643,,,132.46875,0.0
2021-03-18 03:00:00,-2.0,,,130.125,0.0
2021-03-18 03:10:00,-2.00000003973643,,,131.90625,0.0
2021-03-18 03:20:00,-2.0,,,135.9375,0.0
2021-03-18 03:30:00,-2.150000095367435,,,130.125,0.0
2021-03-18 03:40:00,-2.25,,,132.75,0.0
2021-03-18 03:50:00,-2.00000003973643,,,127.59375,0.0
2021-03-18 04:00:00,-1.850000023841855,,,123.46875,0.0
2021-03-18 04:10:00,-2.050000071525575,,,135.0,0.0
2021-03-18 04:20:00,-2.050000071525575,,,134.25,0.0
2021-03-18 04:30:00,-2.20000004768372,,,151.96875,0.0
2021-03-18 04:40:00,-2.10000014305115,,,151.125,0.0
2021-03-18 04:50:00,-2.050000071525575,,,145.40625,0.0
2021-03-18 05:00:00,-2.20000004768372,,,226.96875,0.0
2021-03-18 05:10:00,-2.29999995231628,5.333333333333333,5.5,246.5625,0.0
2021-03-18 05:20:00,-2.150000095367435,6.666666666666667,7.75,275.8125,0.0
2021-03-18 05:30:00,-1.9000000158945702,9.4,10.75,298.96875,0.0
2021-03-18 05:40:00,-2.00000003973643,23.0,20.285714285714285,284.4375,7.5
2021-03-18 05:50:00,-2.0,43.0,30.666666666666668,261.65625,16.125
2021-03-18 06:00:00,-1.850000023841855,33.666666666666664,36.166666666666664,266.71875,16.125
2021-03-18 06:10:00,-1.89999997615814,38.0,43.333333333333336,266.25,19.125
2021-03-18 06:20:00,-1.80000007152557,50.857142857142854,62.0,260.53125,27.0
2021-03-18 06:30:00,-1.65000003576279,82.28571428571429,101.71428571428571,278.625,46.875
2021-03-18 06:40:00,-1.3500000238418577,112.16666666666667,139.66666666666666,279.46875,67.875
2021-03-18 06:50:00,-0.9000000119209293,140.85714285714286,180.28571428571428,297.1875,83.25
2021-03-18 07:00:00,-0.5000000099341073,137.0,163.125,301.40625,86.625
2021-03-18 07:10:00,-0.20000000546375898,133.8,161.83333333333334,298.21875,81.0
2021-03-18 07:20:00,0.20000000447034819,182.42857142857142,239.85714285714286,310.6875,108.0
2021-03-18 07:30:00,0.700000011920929,265.2857142857143,353.7142857142857,291.5625,168.0
2021-03-18 07:40:00,1.5333333412806198,262.57142857142856,339.14285714285717,307.40625,157.125
2021-03-18 07:50:00,2.425000071525575,236.5,289.125,313.96875,155.25
2021-03-18 08:00:00,2.683333357175192,200.42857142857142,239.0,319.125,122.625
2021-03-18 08:10:00,2.6750000715255746,217.0,254.28571428571428,321.1875,135.0
2021-03-18 08:20:00,2.8000000476837164,258.57142857142856,307.57142857142856,249.9375,169.125
2021-03-18 08:30:00,3.360000038146972,242.71428571428572,292.5,247.40625,169.875
2021-03-18 08:40:00,3.7833333810170497,307.14285714285717,355.42857142857144,262.96875,189.375
2021-03-18 08:50:00,3.7800000667572022,261.57142857142856,306.7142857142857,274.125,172.125
2021-03-18 09:00:00,4.160000038146972,228.42857142857142,263.14285714285717,275.0625,163.5
2021-03-18 09:10:00,4.30000019073486,288.375,327.875,276.28125,182.25
2021-03-18 09:20:00,4.516666730244952,328.0,364.7142857142857,351.9375,214.875
2021-03-18 09:30:00,4.980000114440915,281.14285714285717,306.14285714285717,383.0625,186.375
2021-03-18 09:40:00,5.3142858232770624,249.33333333333334,269.3333333333333,376.40625,163.875
2021-03-18 09:50:00,4.675000071525572,353.125,373.375,408.5625,232.875
2021-03-18 10:00:00,4.933333476384478,485.7142857142857,508.7142857142857,352.40625,307.125
2021-03-18 10:10:00,5.966666777928668,462.14285714285717,479.14285714285717,393.28125,278.625
2021-03-18 10:20:00,6.240000057220458,364.8333333333333,370.85714285714283,344.4375,237.375
2021-03-18 10:30:00,6.250000079472858,344.85714285714283,356.85714285714283,332.34375,223.125
2021-03-18 10:40:00,6.614285877772738,281.85714285714283,293.875,256.40625,189.75
2021-03-18 10:50:00,6.350000143051145,309.7142857142857,313.57142857142856,393.1875,202.875
2021-03-18 11:00:00,6.380000114440916,349.57142857142856,345.85714285714283,349.78125,236.25
2021-03-18 11:10:00,6.300000111262001,370.0,358.14285714285717,335.4375,237.75
2021-03-18 11:20:00,6.485714299338205,290.14285714285717,281.0,297.28125,193.875
2021-03-18 11:30:00,6.65000009536743,261.42857142857144,255.71428571428572,341.25,172.125
2021-03-18 11:40:00,6.950000047683714,308.42857142857144,303.7142857142857,317.15625,204.0
2021-03-18 11:50:00,7.100000023841858,319.2857142857143,319.57142857142856,326.15625,219.375
2021-03-18 12:00:00,7.375000119209288,280.42857142857144,290.5,301.78125,186.0
2021-03-18 12:10:00,7.65000009536743,258.7142857142857,270.42857142857144,312.1875,169.5
2021-03-18 12:20:00,7.516666730244953,266.57142857142856,274.0,311.8125,179.25
2021-03-18 12:30:00,7.683333476384479,258.0,267.42857142857144,324.46875,172.875
2021-03-18 12:40:00,7.716666857401527,238.85714285714286,246.85714285714286,295.03125,160.125
2021-03-18 12:50:00,8.00000011920929,206.85714285714286,217.83333333333334,319.125,138.0
2021-03-18 13:00:00,8.40000025431315,190.83333333333334,201.42857142857142,301.96875,127.125
2021-03-18 13:10:00,8.480000114440918,190.83333333333334,200.57142857142858,281.4375,126.75
2021-03-18 13:20:00,8.350000143051147,193.0,201.4,293.0625,130.125
2021-03-18 13:30:00,8.275000095367432,191.0,198.5,294.65625,127.125
2021-03-18 13:40:00,8.100000143051151,180.5,188.57142857142858,309.1875,120.0
2021-03-18 13:50:00,8.03333346048991,180.57142857142858,188.6,324.09375,120.0
2021-03-18 14:00:00,8.020000171661378,189.28571428571428,192.66666666666666,303.75,124.125
2021-03-18 14:10:00,8.050000190734865,205.28571428571428,197.83333333333334,287.25,139.5
2021-03-18 14:20:00,8.16666666666667,225.5,193.25,263.0625,136.5
2021-03-18 14:30:00,8.666666984558105,297.14285714285717,232.28571428571428,253.03125,210.0
2021-03-18 14:40:00,8.750000158945719,203.57142857142858,177.85714285714286,282.28125,128.625
2021-03-18 14:50:00,8.783333619435629,149.83333333333334,138.83333333333334,261.9375,97.125
2021-03-18 15:00:00,8.700000047683718,134.57142857142858,115.25,256.78125,89.25
2021-03-18 15:10:00,8.633333524068197,181.42857142857142,111.28571428571429,249.1875,106.875
2021-03-18 15:20:00,8.950000286102295,221.28571428571428,130.0,237.0,139.125
2021-03-18 15:30:00,9.250000158945719,242.66666666666666,145.85714285714286,219.65625,151.5
2021-03-18 15:40:00,9.640000152587891,229.71428571428572,138.875,233.71875,138.375
2021-03-18 15:50:00,9.516666889190674,132.85714285714286,86.85714285714286,243.9375,81.0
2021-03-18 16:00:00,9.00000031789144,92.71428571428571,65.0,221.25,57.0
2021-03-18 16:10:00,8.75,83.125,66.375,210.1875,51.75
2021-03-18 16:20:00,8.50000031789144,55.714285714285715,48.285714285714285,193.59375,33.375
2021-03-18 16:30:00,8.266666730244953,53.0,35.857142857142854,188.34375,27.75
2021-03-18 16:40:00,8.40000057220459,73.14285714285714,31.8,201.0,33.75
2021-03-18 16:50:00,8.25,41.857142857142854,20.571428571428573,199.5,18.375
2021-03-18 17:00:00,8.000000158945719,29.857142857142858,12.0,201.9375,8.625
2021-03-18 17:10:00,7.500000136239185,10.5,8.5,208.40625,3.375
2021-03-18 17:20:00,6.90000009536743,6.0,3.6666666666666665,228.65625,0.75
2021-03-18 17:30:00,6.5,0.0,,295.59375,0.0
2021-03-18 17:40:00,6.30000019073486,,,318.65625,0.0
2021-03-18 17:50:00,5.9500001271565734,,,324.1875,0.0
2021-03-18 18:00:00,5.5,,,288.1875,0.0
2021-03-18 18:10:00,5.050000111262002,,,260.15625,0.0
2021-03-18 18:20:00,4.600000143051145,,,249.9375,0.0
2021-03-18 18:30:00,4.250000119209288,,,249.84375,0.0
2021-03-18 18:40:00,3.7500000397364297,,,241.3125,0.0
2021-03-18 18:50:00,3.200000047683716,,,233.8125,0.0
2021-03-18 19:00:00,2.7500000596046448,,,233.90625,0.0
2021-03-18 19:10:00,2.40000001589457,,,230.90625,0.0
2021-03-18 19:20:00,2.25,,,233.71875,0.0
2021-03-18 19:30:00,2.0500000417232527,,,247.78125,0.0
2021-03-18 19:40:00,1.6500000357627875,,,252.0,0.0
2021-03-18 19:50:00,1.3000000317891434,,,237.84375,0.0
2021-03-18 20:00:00,,,,217.59375,0.0
2021-03-18 20:10:00,1.350000023841855,,,212.71875,0.0
2021-03-18 20:20:00,1.60000002384186,,,209.90625,0.0
2021-03-18 20:30:00,,,,233.8125,0.0
2021-03-18 20:40:00,1.80000007152557,,,219.0,0.0
2021-03-18 20:50:00,2.0000000298023224,,,168.5625,0.0
2021-03-18 21:00:00,2.100000083446505,,,119.90625,0.0
2021-03-18 21:10:00,2.40000009536743,,,86.71875,0.0
2021-03-18 21:20:00,2.5000000596046448,,,114.375,0.0
2021-03-18 21:30:00,3.787500083446502,,,108.9375,0.0
2021-03-18 21:40:00,5.02500009536743,,,103.03125,0.0
2021-03-18 21:50:00,4.850000063578286,,,103.78125,0.0
2021-03-18 22:00:00,4.5,,,75.46875,0.0
2021-03-18 22:10:00,4.40000009536743,,,66.46875,0.0
2021-03-18 22:20:00,4.450000047683715,,,76.3125,0.0
2021-03-18 22:30:00,4.450000047683715,,,88.6875,0.0
2021-03-18 22:40:00,4.250000238418575,,,105.9375,0.0
2021-03-18 22:50:00,4.049999952316285,,,115.03125,0.0
2021-03-18 23:00:00,3.90000009536743,,,115.78125,0.0
2021-03-18 23:10:00,3.79999995231628,,,118.21875,0.0
2021-03-18 23:20:00,,,,110.625,0.0
2021-03-18 23:30:00,3.70000004768372,,,118.03125,0.0
2021-03-18 23:40:00,3.400000047683716,,,119.625,0.0
2021-03-18 23:50:00,3.0666667620341,,,123.1875,0.0
2021-03-19 00:00:00,3.25,,,128.0625,0.0
2021-03-19 00:10:00,3.5500000715255746,,,125.53125,0.0
2021-03-19 00:20:00,,,,129.65625,0.0
2021-03-19 00:30:00,3.550000071525575,,,130.6875,0.0
2021-03-19 00:40:00,3.550000071525575,,,133.03125,0.0
2021-03-19 00:50:00,3.2500000596046448,,,133.03125,0.0
2021-03-19 01:00:00,2.800000047683716,,,138.75,0.0
2021-03-19 01:10:00,2.75,,,138.09375,0.0
2021-03-19 01:20:00,3.0000000596046448,,,128.0625,0.0
2021-03-19 01:30:00,3.1800000667572044,,,125.8125,0.0
2021-03-19 01:40:00,3.29999995231628,,,135.46875,0.0
2021-03-19 01:50:00,3.150000095367435,,,128.71875,0.0
2021-03-19 02:00:00,3.150000095367435,,,126.5625,0.0
2021-03-19 02:10:00,2.950000047683715,,,123.5625,0.0
2021-03-19 02:20:00,2.6500000357627878,,,129.65625,0.0
2021-03-19 02:30:00,1.871428608894347,,,126.46875,0.0
2021-03-19 02:40:00,1.350000023841855,,,124.21875,0.0
2021-03-19 02:50:00,,,,129.65625,0.0
2021-03-19 03:00:00,1.30000007152557,,,120.9375,0.0
2021-03-19 03:10:00,1.36666667461395,,,135.5625,0.0
2021-03-19 03:20:00,,,,130.5,0.0
2021-03-19 03:30:00,1.5,,,132.84375,0.0
2021-03-19 03:40:00,1.4333333174387601,,,127.125,0.0
2021-03-19 03:50:00,,,,130.59375,0.0
2021-03-19 04:00:00,1.30000007152557,,,121.03125,0.0
2021-03-19 04:10:00,1.15000003576279,,,123.46875,0.0
2021-03-19 04:20:00,0.9500000178813934,,,134.15625,0.0
2021-03-19 04:30:00,0.800000011920929,,,148.40625,0.0
2021-03-19 04:40:00,0.900000035762787,,,146.15625,0.0
2021-03-19 04:50:00,,,,149.625,0.0
2021-03-19 05:00:00,0.8500000238418579,,,174.9375,0.0
2021-03-19 05:10:00,0.9500000178813934,,,179.34375,0.0
2021-03-19 05:20:00,,5.0,5.5,204.46875,0.0
2021-03-19 05:30:00,,6.0,7.0,214.21875,0.0
2021-03-19 05:40:00,0.800000011920929,7.0,8.0,215.25,1.5
2021-03-19 05:50:00,0.75,9.0,9.333333333333334,209.15625,1.5
2021-03-19 06:00:00,0.900000035762787,11.0,11.333333333333334,232.03125,3.0
2021-03-19 06:10:00,0.8333333532015482,13.8,14.75,239.34375,5.625
2021-03-19 06:20:00,0.699999988079071,16.25,18.0,240.84375,6.375
2021-03-19 06:30:00,,19.5,21.0,269.8125,9.75
2021-03-19 06:40:00,0.6333333452542623,17.285714285714285,19.0,253.96875,8.25
2021-03-19 06:50:00,0.6666666666666666,24.2,25.833333333333332,284.8125,12.75
2021-03-19 07:00:00,0.600000023841858,28.142857142857142,30.333333333333332,287.15625,15.75
2021-03-19 07:10:00,0.6500000059604645,32.5,34.57142857142857,310.6875,18.0
2021-03-19 07:20:00,0.7000000029802322,43.0,46.6,340.40625,24.0
2021-03-19 07:30:00,0.7333333293596903,45.166666666666664,49.42857142857143,340.96875,26.25
2021-03-19 07:40:00,0.8333333532015482,64.28571428571429,68.57142857142857,331.125,40.125
2021-03-19 07:50:00,0.9000000208616257,87.8,96.5,319.875,57.75
2021-03-19 08:00:00,0.9800000190734867,103.5,115.66666666666667,308.25,68.25
2021-03-19 08:10:00,1.0400000214576735,130.625,146.125,302.90625,85.875
2021-03-19 08:20:00,1.2250000536441799,203.71428571428572,226.5,305.15625,137.25
2021-03-19 08:30:00,1.1857143129621244,198.0,218.14285714285714,303.0,136.5
2021-03-19 08:40:00,1.22500003874302,175.0,194.42857142857142,307.40625,120.0
2021-03-19 08:50:00,1.400000010217937,261.25,289.75,296.625,181.125
2021-03-19 09:00:00,1.620000028610232,249.85714285714286,274.7142857142857,312.0,168.375
2021-03-19 09:10:00,1.55000001192093,235.42857142857142,259.7142857142857,324.9375,157.875
2021-03-19 09:20:00,1.55000001192093,143.625,155.125,347.34375,97.875
2021-03-19 09:30:00,1.350000023841855,130.85714285714286,141.4,319.3125,90.0
2021-03-19 09:40:00,1.5333333412806198,199.57142857142858,213.0,322.59375,139.125
2021-03-19 09:50:00,1.580000019073486,218.0,235.85714285714286,321.28125,151.875
2021-03-19 10:00:00,1.6875000447034838,181.25,196.375,295.125,125.25
2021-03-19 10:10:00,1.850000023841855,156.33333333333334,169.28571428571428,305.4375,108.0
2021-03-19 10:20:00,1.7500000298023226,166.33333333333334,179.85714285714286,309.1875,115.875
2021-03-19 10:30:00,1.7142857653754098,205.0,220.42857142857142,292.875,145.125
2021-03-19 10:40:00,1.9499999880790702,241.875,262.0,315.28125,168.0
2021-03-19 10:50:00,1.9333333969116202,220.14285714285714,235.71428571428572,310.78125,155.625
2021-03-19 11:00:00,1.9499999880790702,241.71428571428572,255.85714285714286,308.53125,168.0
2021-03-19 11:10:00,1.985714316368103,241.5,260.0,308.625,170.25
2021-03-19 11:20:00,2.1500000357627878,236.28571428571428,250.0,289.5,163.125
2021-03-19 11:30:00,2.4200000286102283,268.14285714285717,278.7142857142857,290.90625,188.625
2021-03-19 11:40:00,2.4000000357627878,263.1666666666667,267.57142857142856,293.4375,183.0
2021-03-19 11:50:00,2.5000000596046448,306.0,311.2857142857143,276.84375,206.25
2021-03-19 12:00:00,2.660000038146974,286.125,289.75,290.625,199.125
2021-03-19 12:10:00,2.7800000667572022,323.6666666666667,316.7142857142857,272.34375,222.75
2021-03-19 12:20:00,3.0400000572204595,382.85714285714283,370.2857142857143,264.9375,262.875
2021-03-19 12:30:00,3.1666667461395286,314.0,308.42857142857144,265.125,216.375
2021-03-19 12:40:00,3.5000000476837156,365.875,349.75,264.75,251.625
2021-03-19 12:50:00,3.6666666666666656,402.7142857142857,371.57142857142856,276.65625,274.875
2021-03-19 13:00:00,3.50000007947286,347.7142857142857,303.85714285714283,281.8125,235.125
2021-03-19 13:10:00,3.520000076293946,392.0,334.14285714285717,268.40625,273.375
2021-03-19 13:20:00,3.300000031789143,263.875,237.0,254.71875,176.625
2021-03-19 13:30:00,3.550000071525575,292.7142857142857,257.2857142857143,258.75,205.875
2021-03-19 13:40:00,3.550000071525575,297.2857142857143,266.7142857142857,274.6875,196.125
2021-03-19 13:50:00,3.5400000095367417,235.42857142857142,198.0,264.375,174.375
2021-03-19 14:00:00,3.700000047683716,308.125,247.125,261.375,223.875
2021-03-19 14:10:00,3.8333333333333317,242.85714285714286,204.57142857142858,248.15625,160.875
2021-03-19 14:20:00,3.8571428912026526,288.0,254.16666666666666,259.78125,208.875
2021-03-19 14:30:00,3.8500000238418575,213.75,178.16666666666666,253.96875,133.875
2021-03-19 14:40:00,3.800000031789143,171.42857142857142,160.5,250.3125,115.125
2021-03-19 14:50:00,3.6750000715255746,185.75,173.625,246.75,124.875
2021-03-19 15:00:00,3.400000035762785,168.28571428571428,143.71428571428572,207.84375,116.25
2021-03-19 15:10:00,3.280000019073486,134.0,125.57142857142857,210.09375,92.25
2021-03-19 15:20:00,3.1250000596046448,104.28571428571429,106.5,193.03125,68.625
2021-03-19 15:30:00,2.880000019073484,96.14285714285714,97.75,176.71875,64.125
2021-03-19 15:40:00,2.7333333492279066,70.16666666666667,72.33333333333333,183.75,46.125
2021-03-19 15:50:00,2.6000000834465054,58.8,63.8,178.5,39.0
2021-03-19 16:00:00,2.3500000238418552,56.5,59.0,153.0,35.625
2021-03-19 16:10:00,2.3500000238418552,45.166666666666664,48.0,161.4375,27.375
2021-03-19 16:20:00,,44.0,44.833333333333336,165.28125,25.875
2021-03-19 16:30:00,2.20000004768372,36.333333333333336,35.714285714285715,156.09375,20.25
2021-03-19 16:40:00,2.150000095367435,64.42857142857143,36.0,151.78125,30.0
2021-03-19 16:50:00,2.10000014305115,53.666666666666664,26.666666666666668,154.5,23.625
2021-03-19 17:00:00,2.0,48.75,21.8,148.6875,18.0
2021-03-19 17:10:00,1.8000000317891434,15.857142857142858,13.428571428571429,151.875,6.0
2021-03-19 17:20:00,1.5,7.5,7.5,143.4375,1.875
2021-03-19 17:30:00,1.30000007152557,2.5,2.5,141.375,0.0
2021-03-19 17:40:00,1.10000002384186,,,152.53125,0.0
2021-03-19 17:50:00,,,,148.21875,0.0
2021-03-19 18:00:00,0.900000035762787,,,153.0,0.0
2021-03-19 18:10:00,0.9500000178813934,,,184.21875,0.0
2021-03-19 18:20:00,0.8500000089406967,,,201.84375,0.0
2021-03-19 18:30:00,0.550000011920929,,,200.71875,0.0
2021-03-19 18:40:00,0.43333333730697604,,,213.28125,0.0
2021-03-19 18:50:00,0.450000002980232,,,204.46875,0.0
2021-03-19 19:00:00,0.300000011920929,,,213.75,0.0
2021-03-19 19:10:00,,,,208.875,0.0
2021-03-19 19:20:00,,,,203.90625,0.0
2021-03-19 19:30:00,,,,201.5625,0.0
2021-03-19 19:40:00,0.15000000223517398,,,207.65625,0.0
2021-03-19 19:50:00,-0.15000000409781925,,,197.4375,0.0
2021-03-19 20:00:00,-0.5000000099341073,,,205.875,0.0
2021-03-19 20:10:00,-0.800000011920929,,,193.40625,0.0
2021-03-19 20:20:00,-1.0500000119209298,,,196.96875,0.0
2021-03-19 20:30:00,-1.250000059604645,,,193.125,0.0
2021-03-19 20:40:00,-1.39999997615814,,,183.65625,0.0
2021-03-19 20:50:00,-1.5,,,146.90625,0.0
2021-03-19 21:00:00,-1.60000002384186,,,144.09375,0.0
2021-03-19 21:10:00,-1.70000004768372,,,140.53125,0.0
2021-03-19 21:20:00,-1.80000007152557,,,145.59375,0.0
2021-03-19 21:30:00,-1.9499999880790702,,,145.125,0.0
2021-03-19 21:40:00,-2.10000014305115,,,147.28125,0.0
2021-03-19 21:50:00,-2.20000004768372,,,143.53125,0.0
2021-03-19 22:00:00,-2.13333344459534,,,153.75,0.0
2021-03-19 22:10:00,-2.25,,,148.40625,0.0
2021-03-19 22:20:00,-2.20000004768372,,,140.34375,0.0
2021-03-19 22:30:00,-2.29999995231628,,,136.875,0.0
2021-03-19 22:40:00,,,,143.25,0.0
2021-03-19 22:50:00,,,,134.71875,0.0
2021-03-19 23:00:00,-2.450000047683715,,,146.71875,0.0
2021-03-19 23:10:00,-2.650000095367435,,,138.84375,0.0
2021-03-19 23:20:00,-2.5666667620341,,,146.90625,0.0
2021-03-19 23:30:00,-2.8500000238418575,,,130.125,0.0
2021-03-19 23:40:00,-3.200000047683717,,,137.34375,0.0
2021-03-19 23:50:00,-3.0500000715255746,,,141.1875,0.0
2021-03-20 00:00:00,-3.050000071525575,,,137.625,0.0
2021-03-20 00:10:00,-3.20000004768372,,,142.78125,0.0
2021-03-20 00:20:00,,,,136.21875,0.0
2021-03-20 00:30:00,-3.10000014305115,,,133.5,0.0
2021-03-20 00:40:00,-3.20000004768372,,,142.5,0.0
2021-03-20 00:50:00,-3.1333334445953405,,,137.0625,0.0
2021-03-20 01:00:00,-3.20000004768372,,,132.09375,0.0
2021-03-20 01:10:00,-3.150000095367435,,,134.0625,0.0
2021-03-20 01:20:00,-3.25,,,131.8125,0.0
2021-03-20 01:30:00,-3.25,,,138.5625,0.0
2021-03-20 01:40:00,-3.29999995231628,,,136.78125,0.0
2021-03-20 01:50:00,-3.25,,,132.9375,0.0
2021-03-20 02:00:00,-3.20000004768372,,,142.78125,0.0
2021-03-20 02:10:00,-3.10000014305115,,,144.9375,0.0
2021-03-20 02:20:00,,,,138.84375,0.0
2021-03-20 02:30:00,-3.25,,,140.625,0.0
2021-03-20 02:40:00,-3.450000047683715,,,131.90625,0.0
2021-03-20 02:50:00,-3.360000038146972,,,136.5,0.0
2021-03-20 03:00:00,-3.150000095367435,,,130.03125,0.0
2021-03-20 03:10:00,-3.1000000635782903,,,137.71875,0.0
2021-03-20 03:20:00,-3.3500000238418552,,,132.5625,0.0
2021-03-20 03:30:00,-3.5,,,133.59375,0.0
2021-03-20 03:40:00,-3.650000095367435,,,128.4375,0.0
2021-03-20 03:50:00,-3.79999995231628,,,139.40625,0.0
2021-03-20 04:00:00,-3.70000004768372,,,140.34375,0.0
2021-03-20 04:10:00,-3.79999995231628,,,137.15625,0.0
2021-03-20 04:20:00,-4.0,,,136.21875,0.0
2021-03-20 04:30:00,-4.049999952316285,,,134.4375,0.0
2021-03-20 04:40:00,-4.0,,,137.90625,0.0
2021-03-20 04:50:00,-4.09999990463257,,,141.84375,0.0
2021-03-20 05:00:00,,,,137.71875,0.0
2021-03-20 05:10:00,-3.96666669845581,,,141.46875,0.0
2021-03-20 05:20:00,-4.15000009536743,5.5,6.0,133.21875,0.0
2021-03-20 05:30:00,-4.30000019073486,10.0,11.0,141.84375,0.0
2021-03-20 05:40:00,-4.20000028610229,20.25,20.142857142857142,140.53125,7.875
2021-03-20 05:50:00,-3.94999998807907,34.8,29.333333333333332,170.15625,15.0
2021-03-20 06:00:00,-3.70000004768372,42.75,39.333333333333336,166.3125,23.25
2021-03-20 06:10:00,-3.60000014305115,49.666666666666664,63.333333333333336,163.21875,27.75
2021-03-20 06:20:00,-3.40000001589457,46.5,61.5,164.53125,26.25
2021-03-20 06:30:00,,62.166666666666664,90.5,180.75,34.875
2021-03-20 06:40:00,-3.050000071525575,79.16666666666667,123.0,165.46875,48.0
2021-03-20 06:50:00,-2.6500000357627878,75.33333333333333,111.85714285714286,168.65625,47.25
2021-03-20 07:00:00,-2.300000031789143,101.5,156.66666666666666,174.46875,66.0
2021-03-20 07:10:00,-1.8750000596046452,117.0,174.71428571428572,183.1875,79.875
2021-03-20 07:20:00,-1.3500000238418586,169.375,244.625,163.125,115.875
2021-03-20 07:30:00,-0.7000000029802322,206.14285714285714,291.57142857142856,175.875,138.0
2021-03-20 07:40:00,-0.014285715562956712,226.0,309.6666666666667,180.28125,159.0
2021-03-20 07:50:00,0.5571428686380385,253.5,342.75,165.46875,170.25
2021-03-20 08:00:00,1.440000033378602,250.0,332.2857142857143,175.21875,174.0
2021-03-20 08:10:00,1.6833333571751916,274.42857142857144,352.7142857142857,150.5625,190.875
2021-03-20 08:20:00,1.8500000437100734,279.57142857142856,353.1666666666667,148.21875,195.0
2021-03-20 08:30:00,2.6857143129621215,360.7142857142857,440.85714285714283,149.8125,253.875
2021-03-20 08:40:00,3.9166667858759543,347.75,415.0,146.625,239.25
2021-03-20 08:50:00,4.316666762034097,337.8333333333333,398.1666666666667,166.78125,234.75
2021-03-20 09:00:00,4.5800001144409155,327.85714285714283,383.0,171.75,225.75
2021-03-20 09:10:00,5.116666714350381,338.0,385.2857142857143,170.8125,239.25
2021-03-20 09:20:00,5.566666762034097,374.25,421.0,179.4375,258.0
2021-03-20 09:30:00,5.628571442195347,328.57142857142856,365.0,188.53125,232.125
2021-03-20 09:40:00,5.516666730244954,369.85714285714283,404.42857142857144,183.65625,257.625
2021-03-20 09:50:00,5.975000083446501,468.42857142857144,508.4,181.6875,322.125
2021-03-20 10:00:00,6.957142898014614,466.625,493.375,179.53125,322.125
2021-03-20 10:10:00,7.216666777928668,444.0,463.7142857142857,192.1875,301.875
2021-03-20 10:20:00,7.68333339691162,456.7142857142857,468.2857142857143,208.59375,313.875
2021-03-20 10:30:00,7.866666793823242,475.625,478.625,213.5625,328.5
2021-03-20 10:40:00,8.316666841506958,464.6666666666667,456.0,196.5,318.0
2021-03-20 10:50:00,9.000000136239189,491.0,479.42857142857144,221.25,333.75
2021-03-20 11:00:00,9.266666730244955,501.0,484.42857142857144,233.71875,337.875
2021-03-20 11:10:00,9.800000190734869,575.5,558.125,216.5625,394.125
2021-03-20 11:20:00,10.685714585440499,454.2857142857143,451.14285714285717,189.28125,299.25
2021-03-20 11:30:00,10.3166667620341,350.0,356.85714285714283,192.0,229.5
2021-03-20 11:40:00,10.657142911638514,288.42857142857144,298.14285714285717,178.78125,194.25
2021-03-20 11:50:00,10.860000228881841,238.85714285714286,251.0,191.34375,159.75
2021-03-20 12:00:00,10.56000022888184,221.66666666666666,232.57142857142858,193.3125,147.375
2021-03-20 12:10:00,10.325000286102302,198.0,212.66666666666666,199.875,135.0
2021-03-20 12:20:00,10.050000190734849,198.85714285714286,209.6,181.78125,133.875
2021-03-20 12:30:00,10.250000238418576,196.625,207.0,172.5,132.0
2021-03-20 12:40:00,10.4500002861023,208.8,219.4,158.90625,140.25
2021-03-20 12:50:00,10.5750000476837,200.8,210.71428571428572,163.5,136.5
2021-03-20 13:00:00,10.400000254313168,198.4,206.8,166.125,132.0
2021-03-20 13:10:00,10.750000238418576,208.66666666666666,217.0,168.1875,140.25
2021-03-20 13:20:00,11.100000063578266,203.16666666666666,213.0,165.09375,138.0
2021-03-20 13:30:00,11.1500000953674,210.0,215.33333333333334,162.1875,141.0
2021-03-20 13:40:00,11.416666984558118,206.57142857142858,208.85714285714286,157.3125,136.875
2021-03-20 13:50:00,11.600000063578266,189.33333333333334,195.625,150.84375,127.125
2021-03-20 14:00:00,11.75,186.71428571428572,190.0,153.28125,127.875
2021-03-20 14:10:00,11.6500000953674,178.0,183.16666666666666,133.875,118.875
2021-03-20 14:20:00,11.6000003814697,168.42857142857142,173.66666666666666,138.375,114.0
2021-03-20 14:30:00,11.420000267028822,158.0,160.83333333333334,146.90625,106.5
2021-03-20 14:40:00,11.1999998092651,133.57142857142858,139.42857142857142,140.90625,88.875
2021-03-20 14:50:00,11.050000190734849,121.28571428571429,126.57142857142857,154.40625,81.0
2021-03-20 15:00:00,10.850000381469751,120.5,124.2,155.90625,79.125
2021-03-20 15:10:00,10.7000000476837,123.2,124.6,155.15625,81.75
2021-03-20 15:20:00,10.5,127.28571428571429,124.71428571428571,148.875,83.25
2021-03-20 15:30:00,10.4000005722046,108.57142857142857,107.42857142857143,157.125,71.625
2021-03-20 15:40:00,10.25,72.625,75.625,163.40625,46.125
2021-03-20 15:50:00,10.050000190734849,53.833333333333336,56.5,197.34375,31.875
2021-03-20 16:00:00,9.90000057220459,43.42857142857143,45.166666666666664,215.4375,27.0
2021-03-20 16:10:00,9.700000127156576,33.5,35.2,215.25,18.375
2021-03-20 16:20:00,9.450000286102295,25.5,27.4,216.75,13.5
2021-03-20 16:30:00,9.25,20.25,20.666666666666668,202.125,10.5
2021-03-20 16:40:00,9.050000190734865,34.25,16.0,215.15625,10.5
2021-03-20 16:50:00,,66.57142857142857,21.333333333333332,204.65625,24.375
2021-03-20 17:00:00,,54.0,21.0,196.21875,19.125
2021-03-20 17:10:00,8.850000381469725,26.714285714285715,22.333333333333332,195.65625,11.625
2021-03-20 17:20:00,8.733333269755047,17.5,15.5,170.53125,6.375
2021-03-20 17:30:00,8.700000127156576,12.5,11.0,162.375,4.5
2021-03-20 17:40:00,8.5,4.5,4.333333333333333,166.78125,0.0
2021-03-20 17:50:00,8.500000238418579,,,161.53125,0.0
2021-03-20 18:00:00,8.650000095367435,,,139.59375,0.0
2021-03-20 18:10:00,8.600000143051151,,,149.0625,0.0
2021-03-20 18:20:00,8.250000238418579,,,160.59375,0.0
2021-03-20 18:30:00,8.0,,,166.3125,0.0
2021-03-20 18:40:00,7.950000047683715,,,160.875,0.0
2021-03-20 18:50:00,7.90000009536743,,,151.96875,0.0
2021-03-20 19:00:00,7.80000019073486,,,150.0,0.0
2021-03-20 19:10:00,7.7000001271565734,,,154.5,0.0
2021-03-20 19:20:00,7.5333333015441895,,,150.09375,0.0
2021-03-20 19:30:00,,,,146.25,0.0
2021-03-20 19:40:00,7.350000143051145,,,148.6875,0.0
2021-03-20 19:50:00,7.050000071525572,,,140.71875,0.0
2021-03-20 20:00:00,6.7000001271565734,,,142.125,0.0
2021-03-20 20:10:00,6.5,,,135.1875,0.0
2021-03-20 20:20:00,6.400000095367429,,,142.78125,0.0
2021-03-20 20:30:00,5.950000047683715,,,149.8125,0.0
2021-03-20 20:40:00,5.80000019073486,,,147.1875,0.0
2021-03-20 20:50:00,5.360000038146973,,,143.4375,0.0
2021-03-20 21:00:00,4.46666669845581,,,142.875,0.0
2021-03-20 21:10:00,3.7500000596046448,,,132.75,0.0
2021-03-20 21:20:00,3.450000047683715,,,132.0,0.0
2021-03-20 21:30:00,2.9833333492279053,,,133.21875,0.0
2021-03-20 21:40:00,3.3200000286102282,,,128.90625,0.0
2021-03-20 21:50:00,2.800000031789143,,,131.53125,0.0
2021-03-20 22:00:00,2.1000000238418584,,,134.53125,0.0
2021-03-20 22:10:00,1.5857143231800646,,,132.9375,0.0
2021-03-20 22:20:00,2.9285714966910255,,,140.625,0.0
2021-03-20 22:30:00,3.5000000476837156,,,138.09375,0.0
2021-03-20 22:40:00,3.260000038146972,,,138.75,0.0
2021-03-20 22:50:00,4.620000171661374,,,138.46875,0.0
2021-03-20 23:00:00,5.480000114440915,,,159.9375,0.0
2021-03-20 23:10:00,5.100000063578286,,,141.46875,0.0
2021-03-20 23:20:00,5.040000057220458,,,146.71875,0.0
2021-03-20 23:30:00,5.828571523938858,,,126.75,0.0
2021-03-20 23:40:00,6.56666660308838,,,128.53125,0.0
2021-03-20 23:50:00,6.5333333015441895,,,130.96875,0.0
2021-03-21 00:00:00,6.30000019073486,,,133.5,0.0
2021-03-21 00:10:00,6.049999952316285,,,130.125,0.0
2021-03-21 00:20:00,5.850000143051145,,,124.3125,0.0
2021-03-21 00:30:00,5.70000028610229,,,132.84375,0.0
2021-03-21 00:40:00,5.7000001271565734,,,133.6875,0.0
2021-03-21 00:50:00,5.450000047683715,,,126.0,0.0
2021-03-21 01:00:00,5.350000143051144,,,121.3125,0.0
2021-03-21 01:10:00,5.09999990463257,,,128.71875,0.0
2021-03-21 01:20:00,5.0,,,124.03125,0.0
2021-03-21 01:30:00,5.049999952316285,,,130.21875,0.0
2021-03-21 01:40:00,4.850000143051145,,,117.84375,0.0
2021-03-21 01:50:00,4.850000143051145,,,122.0625,0.0
2021-03-21 02:00:00,4.80000019073486,,,121.5,0.0
2021-03-21 02:10:00,4.59999990463257,,,139.21875,0.0
2021-03-21 02:20:00,4.450000047683715,,,129.84375,0.0
2021-03-21 02:30:00,4.40000009536743,,,117.9375,0.0
2021-03-21 02:40:00,4.15000009536743,,,124.59375,0.0
2021-03-21 02:50:00,4.0,,,121.96875,0.0
2021-03-21 03:00:00,3.900000047683714,,,128.34375,0.0
2021-03-21 03:10:00,4.100000023841858,,,137.25,0.0
2021-03-21 03:20:00,3.950000047683715,,,132.84375,0.0
2021-03-21 03:30:00,4.049999952316285,,,134.4375,0.0
2021-03-21 03:40:00,4.0,,,137.34375,0.0
2021-03-21 03:50:00,3.7666666507720934,,,129.75,0.0
2021-03-21 04:00:00,3.6000000635782903,,,135.46875,0.0
2021-03-21 04:10:00,3.40000009536743,,,130.78125,0.0
2021-03-21 04:20:00,3.5,,,126.09375,0.0
2021-03-21 04:30:00,3.40000001589457,,,129.28125,0.0
2021-03-21 04:40:00,3.550000071525575,,,134.71875,0.0
2021-03-21 04:50:00,3.300000031789143,,,131.8125,0.0
2021-03-21 05:00:00,3.200000047683717,,,127.78125,0.0
2021-03-21 05:10:00,2.950000047683715,6.0,6.5,135.84375,0.0
2021-03-21 05:20:00,2.8500000238418552,10.0,10.75,128.625,0.0
2021-03-21 05:30:00,2.8500000238418552,17.625,20.25,131.8125,5.625
2021-03-21 05:40:00,2.840000009536742,27.5,31.2,142.875,13.125
2021-03-21 05:50:00,3.10000014305115,35.4,40.6,142.3125,17.25
2021-03-21 06:00:00,3.150000095367435,51.142857142857146,55.285714285714285,139.6875,27.0
2021-03-21 06:10:00,3.2000000476837176,59.857142857142854,71.6,140.90625,34.875
2021-03-21 06:20:00,3.450000047683715,67.2,76.0,136.96875,40.875
2021-03-21 06:30:00,3.516666730244955,67.0,75.5,142.40625,40.875
2021-03-21 06:40:00,3.1000000238418597,72.0,79.5,138.65625,43.875
2021-03-21 06:50:00,2.8500000238418552,76.66666666666667,85.25,140.53125,48.375
2021-03-21 07:00:00,2.650000095367435,83.5,92.2,136.78125,54.0
2021-03-21 07:10:00,2.70000004768372,106.25,118.875,136.125,69.0
2021-03-21 07:20:00,2.90000001589457,148.83333333333334,177.6,142.3125,95.625
2021-03-21 07:30:00,3.300000047683716,163.0,192.16666666666666,134.625,108.375
2021-03-21 07:40:00,3.750000059604645,204.14285714285714,237.28571428571428,140.25,136.125
2021-03-21 07:50:00,4.200000095367431,217.14285714285714,255.85714285714286,137.0625,146.625
2021-03-21 08:00:00,4.549999952316285,191.0,218.5,133.125,128.25
2021-03-21 08:10:00,4.80000019073486,192.0,216.57142857142858,143.90625,129.0
2021-03-21 08:20:00,4.950000047683715,204.2,230.85714285714286,134.0625,138.0
2021-03-21 08:30:00,5.15000009536743,234.42857142857142,264.0,133.78125,163.875
2021-03-21 08:40:00,5.520000076293943,277.0,312.125,134.8125,190.125
2021-03-21 08:50:00,6.016666650772095,278.0,310.6666666666667,123.9375,194.625
2021-03-21 09:00:00,6.060000038146971,304.57142857142856,336.7142857142857,125.15625,211.5
2021-03-21 09:10:00,6.140000057220457,275.57142857142856,299.85714285714283,126.5625,188.625
2021-03-21 09:20:00,6.250000238418575,322.625,342.75,125.53125,215.25
2021-03-21 09:30:00,6.460000133514401,457.7142857142857,489.2857142857143,130.6875,332.625
2021-03-21 09:40:00,6.675000071525572,320.85714285714283,341.14285714285717,123.75,225.375
2021-03-21 09:50:00,6.750000238418575,399.14285714285717,422.42857142857144,136.59375,283.875
2021-03-21 10:00:00,6.750000238418575,436.625,455.5,206.8125,306.0
2021-03-21 10:10:00,7.100000095367429,429.0,442.57142857142856,190.5,303.0
2021-03-21 10:20:00,7.060000038146972,407.14285714285717,415.14285714285717,176.0625,284.25
2021-03-21 10:30:00,7.187500059604645,470.25,472.0,156.5625,326.625
2021-03-21 10:40:00,7.30000019073486,493.1666666666667,485.8333333333333,146.90625,345.0
2021-03-21 10:50:00,7.200000047683715,494.0,483.0,165.28125,351.0
2021-03-21 11:00:00,7.350000143051146,490.7142857142857,478.42857142857144,176.53125,336.0
2021-03-21 11:10:00,7.2833334604899065,454.42857142857144,443.14285714285717,157.03125,316.875
2021-03-21 11:20:00,7.300000190734861,425.625,413.875,157.3125,295.5
2021-03-21 11:30:00,7.350000143051145,403.5,393.0,154.125,279.0
2021-03-21 11:40:00,7.283333539962764,397.7142857142857,389.8333333333333,146.53125,277.5
2021-03-21 11:50:00,7.320000171661374,379.8333333333333,373.8333333333333,147.5625,264.0
2021-03-21 12:00:00,7.300000190734861,348.0,347.42857142857144,142.6875,237.375
2021-03-21 12:10:00,7.360000133514402,345.375,343.75,151.21875,241.875
2021-03-21 12:20:00,7.27500009536743,298.0,299.0,145.78125,206.25
2021-03-21 12:30:00,7.075000047683715,288.85714285714283,288.7142857142857,138.9375,198.0
2021-03-21 12:40:00,7.09999990463257,228.57142857142858,235.14285714285714,140.625,154.5
2021-03-21 12:50:00,6.900000095367429,207.0,217.33333333333334,140.53125,142.125
2021-03-21 13:00:00,6.80000019073486,180.14285714285714,188.14285714285714,176.4375,124.125
2021-03-21 13:10:00,6.83333349227905,164.0,173.85714285714286,182.15625,112.125
2021-03-21 13:20:00,6.666666825612384,147.66666666666666,155.33333333333334,168.46875,97.875
2021-03-21 13:30:00,6.766666889190669,133.8,141.25,158.34375,90.75
2021-03-21 13:40:00,6.600000063578286,131.16666666666666,138.0,157.03125,89.25
2021-03-21 13:50:00,6.440000057220457,136.66666666666666,143.0,142.6875,92.25
2021-03-21 14:00:00,6.600000023841858,151.42857142857142,157.4,154.21875,104.625
2021-03-21 14:10:00,6.65000009536743,164.57142857142858,169.5,152.625,112.875
2021-03-21 14:20:00,6.70000028610229,156.42857142857142,158.28571428571428,160.40625,106.125
2021-03-21 14:30:00,6.7000001271565734,144.16666666666666,143.28571428571428,147.9375,96.375
2021-03-21 14:40:00,,156.16666666666666,152.85714285714286,144.28125,104.625
2021-03-21 14:50:00,,139.25,136.57142857142858,132.46875,91.875
2021-03-21 15:00:00,6.750000238418575,149.85714285714286,141.33333333333334,137.15625,99.0
2021-03-21 15:10:00,6.80000019073486,167.33333333333334,153.0,137.71875,110.25
2021-03-21 15:20:00,6.950000047683715,227.0,179.71428571428572,144.28125,149.25
2021-03-21 15:30:00,7.059999942779543,263.42857142857144,200.85714285714286,162.0,179.625
2021-03-21 15:40:00,7.100000023841858,275.14285714285717,199.375,155.8125,178.125
2021-03-21 15:50:00,7.0333333015441895,204.33333333333334,148.14285714285714,138.84375,131.25
2021-03-21 16:00:00,6.900000095367429,123.71428571428571,97.28571428571429,144.28125,78.0
2021-03-21 16:10:00,6.65000009536743,114.85714285714286,85.28571428571429,145.96875,68.625
2021-03-21 16:20:00,6.5,96.0,59.125,154.5,54.375
2021-03-21 16:30:00,6.350000143051145,86.83333333333333,42.0,162.1875,46.5
2021-03-21 16:40:00,,66.85714285714286,35.0,148.96875,33.375
2021-03-21 16:50:00,6.100000063578286,31.714285714285715,27.833333333333332,158.25,16.125
2021-03-21 17:00:00,5.850000143051145,23.5,20.4,176.8125,12.0
2021-03-21 17:10:00,5.65000009536743,18.714285714285715,15.25,165.46875,7.875
2021-03-21 17:20:00,5.70000028610229,9.833333333333334,8.666666666666666,166.5,2.625
2021-03-21 17:30:00,5.40000009536743,3.6666666666666665,2.5,162.5625,0.0
2021-03-21 17:40:00,5.30000019073486,,,168.09375,0.0
2021-03-21 17:50:00,5.2000001271565734,,,140.53125,0.0
2021-03-21 18:00:00,4.96666669845581,,,138.9375,0.0
2021-03-21 18:10:00,4.90000009536743,,,146.25,0.0
2021-03-21 18:20:00,4.850000143051145,,,149.90625,0.0
2021-03-21 18:30:00,4.750000238418575,,,136.03125,0.0
2021-03-21 18:40:00,4.549999952316285,,,135.28125,0.0
2021-03-21 18:50:00,4.43333339691162,,,132.9375,0.0
2021-03-21 19:00:00,4.30000019073486,,,134.15625,0.0
2021-03-21 19:10:00,4.15000009536743,,,132.1875,0.0
2021-03-21 19:20:00,3.90000001589457,,,132.09375,0.0
2021-03-21 19:30:00,3.650000095367435,,,139.59375,0.0
2021-03-21 19:40:00,3.450000047683715,,,144.375,0.0
2021-03-21 19:50:00,3.1500000357627878,,,140.0625,0.0
2021-03-21 20:00:00,3.150000095367435,,,134.90625,0.0
2021-03-21 20:10:00,3.25,,,134.90625,0.0
2021-03-21 20:20:00,3.450000047683715,,,135.375,0.0
2021-03-21 20:30:00,3.450000047683715,,,141.09375,0.0
2021-03-21 20:40:00,3.450000047683715,,,138.46875,0.0
2021-03-21 20:50:00,3.233333428700766,,,131.71875,0.0
2021-03-21 21:00:00,2.7500000397364297,,,144.1875,0.0
2021-03-21 21:10:00,2.720000028610228,,,142.125,0.0
2021-03-21 21:20:00,3.150000095367435,,,137.0625,0.0
2021-03-21 21:30:00,3.1500000357627878,,,132.28125,0.0
2021-03-21 21:40:00,2.7500000596046448,,,126.75,0.0
2021-03-21 21:50:00,2.53333338101705,,,133.96875,0.0
2021-03-21 22:00:00,2.1500000357627864,,,128.90625,0.0
2021-03-21 22:10:00,1.7000000476837176,,,127.5,0.0
2021-03-21 22:20:00,1.93333339691162,,,131.0625,0.0
2021-03-21 22:30:00,2.04000005722046,,,134.25,0.0
2021-03-21 22:40:00,1.9333333174387601,,,124.96875,0.0
2021-03-21 22:50:00,1.750000059604645,,,139.5,0.0
2021-03-21 23:00:00,1.3000000204358788,,,151.78125,0.0
2021-03-21 23:10:00,0.9500000178813934,,,134.71875,0.0
2021-03-21 23:20:00,1.10000002384186,,,147.84375,0.0
2021-03-21 23:30:00,1.3000000317891434,,,145.3125,0.0
2021-03-21 23:40:00,1.300000023841858,,,133.125,0.0
2021-03-21 23:50:00,0.800000011920929,,,133.125,0.0
2021-03-22 00:00:00,0.450000002980232,,,132.0,0.0
2021-03-22 00:10:00,0.5,,,129.84375,0.0
2021-03-22 00:20:00,0.6500000059604645,,,127.03125,0.0
2021-03-22 00:30:00,1.0600000381469732,,,129.46875,0.0
2021-03-22 00:40:00,1.0000000238418592,,,127.40625,0.0
2021-03-22 00:50:00,0.45000000546375896,,,123.09375,0.0
2021-03-22 01:00:00,0.0,,,126.9375,0.0
2021-03-22 01:10:00,-0.300000006953875,,,127.3125,0.0
2021-03-22 01:20:00,-0.05000000074505799,,,132.9375,0.0
2021-03-22 01:30:00,-0.450000005463759,,,134.53125,0.0
2021-03-22 01:40:00,-0.800000011920929,,,131.15625,0.0
2021-03-22 01:50:00,-1.0600000381469732,,,124.21875,0.0
2021-03-22 02:00:00,-1.15000003576279,,,129.84375,0.0
2021-03-22 02:10:00,-1.250000059604645,,,121.96875,0.0
2021-03-22 02:20:00,-1.3000000317891434,,,124.59375,0.0
2021-03-22 02:30:00,-1.500000023841858,,,133.40625,0.0
2021-03-22 02:40:00,-1.7666667302449532,,,124.78125,0.0
2021-03-22 02:50:00,-1.70000004768372,,,128.34375,0.0
2021-03-22 03:00:00,-1.850000023841855,,,130.59375,0.0
2021-03-22 03:10:00,-2.0666667620341,,,132.9375,0.0
2021-03-22 03:20:00,-2.150000095367435,,,130.03125,0.0
2021-03-22 03:30:00,-1.8833333452542602,,,133.03125,0.0
2021-03-22 03:40:00,-2.0500000417232527,,,137.0625,0.0
2021-03-22 03:50:00,-2.3500000238418552,,,134.8125,0.0
2021-03-22 04:00:00,-2.6000000635782903,,,135.28125,0.0
2021-03-22 04:10:00,-2.8333333333333304,,,136.78125,0.0
2021-03-22 04:20:00,-2.7000000476837176,,,144.0,0.0
2021-03-22 04:30:00,-2.40000001589457,,,154.3125,0.0
2021-03-22 04:40:00,-2.550000071525575,,,148.78125,0.0
2021-03-22 04:50:00,-2.550000071525575,,,157.78125,0.0
2021-03-22 05:00:00,-2.70000004768372,,,192.09375,0.0
2021-03-22 05:10:00,-2.60000014305115,5.5,6.0,194.0625,0.0
2021-03-22 05:20:00,-2.6000000635782903,8.0,9.5,215.53125,1.125
2021-03-22 05:30:00,-2.650000095367435,14.833333333333334,14.0,222.9375,5.625
2021-03-22 05:40:00,,24.125,18.5,219.46875,11.25
2021-03-22 05:50:00,-2.700000047683717,46.142857142857146,24.0,224.625,24.75
2021-03-22 06:00:00,-2.1125000417232513,71.0,45.0,235.21875,41.25
2021-03-22 06:10:00,-1.5500000119209298,90.0,146.5,267.28125,53.625
2021-03-22 06:20:00,-1.2500000298023224,108.83333333333333,188.42857142857142,268.03125,65.25
2021-03-22 06:30:00,-0.7600000143051148,133.42857142857142,219.85714285714286,256.6875,82.125
2021-03-22 06:40:00,-0.033333337555329044,180.14285714285714,277.0,294.75,116.625
2021-03-22 06:50:00,0.1600000023841856,134.14285714285714,186.0,303.65625,87.375
2021-03-22 07:00:00,0.23333333929379765,95.85714285714286,119.71428571428571,296.25,61.875
2021-03-22 07:10:00,0.3000000081956385,159.875,205.625,303.75,114.0
2021-03-22 07:20:00,0.8800000190734867,218.57142857142858,291.85714285714283,291.09375,150.75
2021-03-22 07:30:00,1.350000023841855,89.0,105.42857142857143,280.3125,60.0
2021-03-22 07:40:00,1.350000023841855,216.85714285714286,280.2857142857143,284.0625,139.5
2021-03-22 07:50:00,1.750000059604645,298.0,381.5,270.1875,204.0
2021-03-22 08:00:00,2.1285714592252445,374.0,473.1666666666667,258.65625,252.75
2021-03-22 08:10:00,3.0142857687813893,312.0,383.7142857142857,264.46875,209.25
2021-03-22 08:20:00,4.083333373069762,373.57142857142856,449.7142857142857,278.25,256.875
2021-03-22 08:30:00,4.971428598676408,362.2857142857143,439.625,328.59375,247.125
2021-03-22 08:40:00,5.250000238418575,345.14285714285717,413.14285714285717,306.46875,236.625
2021-03-22 08:50:00,5.933333476384479,309.57142857142856,360.42857142857144,289.40625,214.125
2021-03-22 09:00:00,6.400000095367429,307.57142857142856,343.2857142857143,258.84375,206.25
2021-03-22 09:10:00,6.875,334.25,370.5,276.09375,229.875
2021-03-22 09:20:00,7.250000119209288,278.85714285714283,310.14285714285717,278.625,198.0
2021-03-22 09:30:00,7.357142993382043,382.42857142857144,419.42857142857144,275.15625,265.125
2021-03-22 09:40:00,7.800000111262001,393.57142857142856,424.57142857142856,268.59375,271.875
2021-03-22 09:50:00,8.300000190734863,410.375,437.375,268.03125,284.625
2021-03-22 10:00:00,8.750000158945719,445.42857142857144,455.6666666666667,259.875,307.5
2021-03-22 10:10:00,9.46666685740153,400.14285714285717,420.42857142857144,261.9375,274.875
2021-03-22 10:20:00,9.833333492279051,379.57142857142856,395.57142857142856,262.78125,263.625
2021-03-22 10:30:00,9.96000022888183,313.85714285714283,328.42857142857144,256.125,213.0
2021-03-22 10:40:00,10.233333269755034,337.5,348.625,276.28125,238.125
2021-03-22 10:50:00,10.36666679382325,306.85714285714283,323.57142857142856,279.9375,218.25
2021-03-22 11:00:00,10.300000190734867,325.0,330.14285714285717,282.84375,219.0
2021-03-22 11:10:00,10.871428762163427,526.7142857142857,511.57142857142856,270.9375,359.625
2021-03-22 11:20:00,11.466666857401535,521.25,495.0,276.28125,351.0
2021-03-22 11:30:00,12.116666952768966,515.2857142857143,477.14285714285717,277.78125,353.25
2021-03-22 11:40:00,11.957143102373385,521.4285714285714,473.7142857142857,272.25,349.875
2021-03-22 11:50:00,11.9500002861023,470.5,424.625,251.0625,325.125
2021-03-22 12:00:00,12.18000030517578,523.5714285714286,462.14285714285717,241.3125,354.75
2021-03-22 12:10:00,12.025000095367425,491.14285714285717,423.3333333333333,258.28125,333.375
2021-03-22 12:20:00,12.14000034332276,513.2857142857143,437.7142857142857,257.25,339.0
2021-03-22 12:30:00,12.1500000953674,383.25,323.75,258.75,270.0
2021-03-22 12:40:00,12.2,509.14285714285717,422.7142857142857,250.5,336.0
2021-03-22 12:50:00,12.26000003814696,466.85714285714283,381.0,249.84375,324.0
2021-03-22 13:00:00,12.26000022888184,488.85714285714283,412.42857142857144,253.21875,336.0
2021-03-22 13:10:00,12.325000286102298,391.25,335.625,245.53125,272.625
2021-03-22 13:20:00,12.300000190734876,340.2857142857143,281.57142857142856,238.78125,236.25
2021-03-22 13:30:00,12.28000011444092,405.7142857142857,311.57142857142856,235.96875,272.25
2021-03-22 13:40:00,12.375000238418576,387.57142857142856,289.85714285714283,234.9375,264.75
2021-03-22 13:50:00,12.3333336512248,328.25,239.75,244.40625,223.125
2021-03-22 14:00:00,12.1999998092651,313.7142857142857,224.71428571428572,244.03125,208.125
2021-03-22 14:10:00,12.350000381469751,341.14285714285717,236.57142857142858,235.78125,229.875
2021-03-22 14:20:00,12.4500002861023,267.2857142857143,190.875,218.34375,186.75
2021-03-22 14:30:00,12.25,145.57142857142858,103.16666666666667,224.4375,99.375
2021-03-22 14:40:00,12.000000317891434,148.5,113.0,237.65625,99.0
2021-03-22 14:50:00,11.8000001907349,175.42857142857142,133.71428571428572,225.5625,120.75
2021-03-22 15:00:00,12.1200002670288,316.2857142857143,210.71428571428572,185.90625,207.0
2021-03-22 15:10:00,12.6500000953674,292.25,184.875,226.125,182.25
2021-03-22 15:20:00,12.500000317891434,165.71428571428572,117.71428571428571,209.15625,106.875
2021-03-22 15:30:00,12.26000003814698,205.85714285714286,137.57142857142858,210.9375,126.75
2021-03-22 15:40:00,12.350000381469751,165.0,112.57142857142857,225.1875,104.25
2021-03-22 15:50:00,12.1999998092651,165.0,109.57142857142857,227.625,99.0
2021-03-22 16:00:00,11.966666857401533,115.42857142857143,86.0,217.875,73.125
2021-03-22 16:10:00,11.450000127156565,57.857142857142854,54.666666666666664,217.3125,35.625
2021-03-22 16:20:00,10.900000190734861,44.857142857142854,42.833333333333336,208.21875,27.0
2021-03-22 16:30:00,10.4500002861023,32.714285714285715,32.5,215.71875,18.375
2021-03-22 16:40:00,10.1999998092651,39.666666666666664,37.0,214.40625,22.5
2021-03-22 16:50:00,10.1000003814697,35.57142857142857,33.5,209.25,20.25
2021-03-22 17:00:00,10.0,22.285714285714285,22.833333333333332,197.4375,11.25
2021-03-22 17:10:00,9.850000381469725,11.285714285714286,11.857142857142858,226.78125,3.75
2021-03-22 17:20:00,9.69999980926514,5.5,5.5,243.84375,1.125
2021-03-22 17:30:00,9.650000095367435,0.0,0.0,229.125,0.0
2021-03-22 17:40:00,9.650000095367435,,,212.4375,0.0
2021-03-22 17:50:00,9.50000031789144,,,217.96875,0.0
2021-03-22 18:00:00,9.25,,,228.46875,0.0
2021-03-22 18:10:00,9.10000038146973,,,171.375,0.0
2021-03-22 18:20:00,8.90000025431315,,,171.09375,0.0
2021-03-22 18:30:00,8.683333396911623,,,168.65625,0.0
2021-03-22 18:40:00,8.650000095367435,,,165.1875,0.0
2021-03-22 18:50:00,8.350000143051147,,,169.5,0.0
2021-03-22 19:00:00,7.950000047683715,,,165.09375,0.0
2021-03-22 19:10:00,7.9666666984558105,,,165.46875,0.0
2021-03-22 19:20:00,8.200000047683718,,,162.9375,0.0
2021-03-22 19:30:00,8.10000038146973,,,165.375,0.0
2021-03-22 19:40:00,7.950000047683715,,,132.375,0.0
2021-03-22 19:50:00,7.65000009536743,,,128.34375,0.0
2021-03-22 20:00:00,7.250000119209288,,,127.78125,0.0
2021-03-22 20:10:00,7.30000019073486,,,137.0625,0.0
2021-03-22 20:20:00,7.20000028610229,,,138.9375,0.0
2021-03-22 20:30:00,6.9500001271565734,,,136.3125,0.0
2021-03-22 20:40:00,6.65000009536743,,,126.28125,0.0
2021-03-22 20:50:00,6.042857238224573,,,133.96875,0.0
2021-03-22 21:00:00,5.657142979758123,,,129.09375,0.0
2021-03-22 21:10:00,6.120000076293944,,,125.15625,0.0
2021-03-22 21:20:00,5.7000001271565734,,,135.5625,0.0
2021-03-22 21:30:00,5.850000143051145,,,126.1875,0.0
2021-03-22 21:40:00,5.5800001144409155,,,89.8125,0.0
2021-03-22 21:50:00,4.875000119209288,,,2.53125,0.0
2021-03-22 22:00:00,4.350000063578286,,,0.5625,0.0
2021-03-22 22:10:00,4.4000001748402875,,,0.375,0.0
2021-03-22 22:20:00,4.65000009536743,,,2.90625,0.0
2021-03-22 22:30:00,4.840000057220458,,,8.53125,0.0
2021-03-22 22:40:00,5.200000166893002,,,4.78125,0.0
2021-03-22 22:50:00,5.214285850524901,,,3.375,0.0
2021-03-22 23:00:00,4.3142858232770624,,,0.28125,0.0
2021-03-22 23:10:00,3.5000000476837156,,,1.59375,0.0
2021-03-22 23:20:00,3.050000071525575,,,0.5625,0.0
2021-03-22 23:30:00,3.1000000635782903,,,0.28125,0.0
2021-03-22 23:40:00,2.614285741533551,,,0.28125,0.0
2021-03-22 23:50:00,2.150000095367435,,,1.03125,0.0
2021-03-23 00:00:00,2.03333338101705,,,0.09375,0.0
2021-03-23 00:10:00,1.8833333452542602,,,1.40625,0.0
2021-03-23 00:20:00,1.65000003576279,,,5.4375,0.0
2021-03-23 00:30:00,1.580000019073488,,,1.96875,0.0
2021-03-23 00:40:00,1.48333332935969,,,2.0625,0.0
2021-03-23 00:50:00,1.3000000317891434,,,1.21875,0.0
2021-03-23 01:00:00,1.2500000298023226,,,111.375,0.0
2021-03-23 01:10:00,0.8833333551883708,,,127.6875,0.0
2021-03-23 01:20:00,0.5,,,129.1875,0.0
2021-03-23 01:30:00,0.450000002980232,,,126.5625,0.0
2021-03-23 01:40:00,0.2500000055879352,,,126.65625,0.0
2021-03-23 01:50:00,-0.13333333532015465,,,125.71875,0.0
2021-03-23 02:00:00,-0.15000000409781925,,,123.75,0.0
2021-03-23 02:10:00,-0.15000000223517398,,,131.25,0.0
2021-03-23 02:20:00,-0.3000000081956385,,,135.75,0.0
2021-03-23 02:30:00,-0.100000001490116,,,134.4375,0.0
2021-03-23 02:40:00,0.0800000011920928,,,127.40625,0.0
2021-03-23 02:50:00,-0.20000000546375898,,,129.28125,0.0
2021-03-23 03:00:00,-0.400000005960464,,,133.03125,0.0
2021-03-23 03:10:00,-0.5500000069538752,,,131.53125,0.0
2021-03-23 03:20:00,,,,127.96875,0.0
2021-03-23 03:30:00,-0.6500000059604645,,,129.09375,0.0
2021-03-23 03:40:00,-0.450000002980232,,,137.4375,0.0
2021-03-23 03:50:00,-0.5000000074505805,,,130.5,0.0
2021-03-23 04:00:00,-0.4499999992549418,,,127.5,0.0
2021-03-23 04:10:00,-0.2500000055879352,,,132.75,0.0
2021-03-23 04:20:00,-0.8400000214576722,,,137.8125,0.0
2021-03-23 04:30:00,-1.10000002384186,,,142.5,0.0
2021-03-23 04:40:00,-1.350000023841855,,,142.59375,0.0
2021-03-23 04:50:00,-1.4499999880790702,,,147.375,0.0
2021-03-23 05:00:00,-1.2000000476837176,5.0,5.5,178.96875,0.0
2021-03-23 05:10:00,-1.2000000476837176,7.5,8.5,178.03125,0.0
2021-03-23 05:20:00,-1.250000059604645,12.0,13.2,196.3125,3.0
2021-03-23 05:30:00,-1.30000007152557,20.666666666666668,22.0,214.3125,9.0
2021-03-23 05:40:00,-1.15000003576279,46.0,31.25,211.125,22.125
2021-03-23 05:50:00,-0.8500000089406967,36.333333333333336,38.833333333333336,213.1875,19.125
2021-03-23 06:00:00,-0.550000011920929,77.33333333333333,112.42857142857143,225.5625,42.0
2021-03-23 06:10:00,-0.2800000071525572,61.714285714285715,83.71428571428571,227.25,35.625
2021-03-23 06:20:00,-0.2500000074505805,63.0,82.875,237.0,37.125
2021-03-23 06:30:00,0.050000000745058,118.33333333333333,191.83333333333334,278.34375,70.875
2021-03-23 06:40:00,0.5000000059604643,148.33333333333334,235.33333333333334,305.34375,92.25
2021-03-23 06:50:00,1.0000000238418592,156.57142857142858,236.28571428571428,286.96875,102.75
2021-03-23 07:00:00,1.6000000238418568,172.25,253.0,295.78125,112.125
2021-03-23 07:10:00,2.2800000667572022,193.71428571428572,281.7142857142857,282.5625,123.0
2021-03-23 07:20:00,3.025000035762785,198.85714285714286,286.0,289.3125,130.125
2021-03-23 07:30:00,3.28333338101705,220.71428571428572,309.85714285714283,285.09375,145.875
2021-03-23 07:40:00,3.9500000476837176,227.625,309.125,305.8125,150.375
2021-03-23 07:50:00,4.460000133514401,284.2857142857143,374.7142857142857,305.0625,195.0
2021-03-23 08:00:00,5.18333339691162,338.2857142857143,433.7142857142857,285.5625,228.75
2021-03-23 08:10:00,6.212500214576717,357.375,449.0,276.65625,250.125
2021-03-23 08:20:00,6.757142952510287,324.57142857142856,394.5,268.03125,220.125
2021-03-23 08:30:00,6.90000009536743,341.57142857142856,403.8333333333333,281.25,230.625
2021-03-23 08:40:00,7.120000076293944,339.0,399.0,283.6875,234.375
2021-03-23 08:50:00,7.575000166893003,330.2857142857143,382.7142857142857,279.46875,223.5
2021-03-23 09:00:00,7.925000071525572,335.42857142857144,385.42857142857144,258.65625,233.25
2021-03-23 09:10:00,8.816666762034098,354.6666666666667,399.42857142857144,277.5,243.0
2021-03-23 09:20:00,9.316666762034101,390.25,434.125,286.125,265.875
2021-03-23 09:30:00,9.600000143051147,379.85714285714283,417.42857142857144,283.6875,263.25
2021-03-23 09:40:00,9.800000190734858,382.7142857142857,417.0,257.71875,261.75
2021-03-23 09:50:00,10.08333349227905,429.14285714285717,465.1666666666667,272.34375,292.125
2021-03-23 10:00:00,10.814285823277071,420.5,445.625,280.96875,285.75
2021-03-23 10:10:00,11.420000267028822,446.2857142857143,465.42857142857144,302.71875,306.0
2021-03-23 10:20:00,11.316666920979818,450.2857142857143,463.14285714285717,281.90625,304.125
2021-03-23 10:30:00,11.71666701634725,444.0,451.125,293.4375,297.375
2021-03-23 10:40:00,11.90000019073488,477.57142857142856,479.2857142857143,302.71875,323.625
2021-03-23 10:50:00,12.328571592058442,492.57142857142856,488.7142857142857,291.65625,332.25
2021-03-23 11:00:00,12.771428789411273,506.85714285714283,497.6666666666667,277.125,339.75
2021-03-23 11:10:00,13.175000309944139,504.5,484.75,263.71875,337.125
2021-03-23 11:20:00,13.500000238418576,467.85714285714283,441.3333333333333,258.9375,316.125
2021-03-23 11:30:00,13.800000326974057,439.8333333333333,412.7142857142857,255.75,298.125
2021-03-23 11:40:00,14.057143211364744,477.1666666666667,438.0,248.625,314.625
2021-03-23 11:50:00,14.4500002861023,472.1666666666667,427.57142857142856,251.34375,318.375
2021-03-23 12:00:00,14.3833335240682,456.625,406.75,241.96875,305.625
2021-03-23 12:10:00,13.96666701634725,481.2857142857143,418.85714285714283,252.09375,324.375
2021-03-23 12:20:00,13.628571510314943,494.42857142857144,421.7142857142857,260.15625,331.5
2021-03-23 12:30:00,13.671428816659116,470.6666666666667,397.7142857142857,256.03125,324.0
2021-03-23 12:40:00,13.114285741533541,469.2,389.0,264.0,322.125
2021-03-23 12:50:00,12.91428593226843,442.875,361.25,265.21875,302.25
2021-03-23 13:00:00,12.800000190734869,421.85714285714283,339.85714285714283,272.625,292.875
2021-03-23 13:10:00,13.050000190734849,447.42857142857144,355.2857142857143,243.84375,310.125
2021-03-23 13:20:00,12.84000015258788,425.57142857142856,332.85714285714283,246.65625,286.875
2021-03-23 13:30:00,12.416666984558118,404.625,309.875,245.53125,276.0
2021-03-23 13:40:00,11.650000254313149,403.42857142857144,301.8333333333333,230.15625,274.125
2021-03-23 13:50:00,11.6500000953674,369.14285714285717,265.0,239.0625,255.0
2021-03-23 14:00:00,11.166666825612383,365.5,261.0,238.78125,246.75
2021-03-23 14:10:00,10.733333269755034,342.57142857142856,240.0,229.96875,233.25
2021-03-23 14:20:00,10.650000095367416,310.14285714285717,214.28571428571428,219.75,211.125
2021-03-23 14:30:00,10.66000003814694,339.0,224.66666666666666,215.8125,225.75
2021-03-23 14:40:00,10.8333336512248,332.2857142857143,214.375,224.25,220.125
2021-03-23 14:50:00,11.150000095367425,311.2857142857143,193.14285714285714,220.03125,201.75
2021-03-23 15:00:00,11.360000228881841,299.0,178.57142857142858,190.59375,192.375
2021-03-23 15:10:00,11.542857442583342,279.375,159.75,225.5625,173.625
2021-03-23 15:20:00,11.3833335240682,248.0,139.0,236.71875,154.875
2021-03-23 15:30:00,11.28000011444092,222.57142857142858,125.66666666666667,224.15625,136.125
2021-03-23 15:40:00,11.000000317891434,176.14285714285714,102.85714285714286,223.125,105.375
2021-03-23 15:50:00,10.416666825612383,132.71428571428572,78.14285714285714,213.9375,79.5
2021-03-23 16:00:00,9.700000286102295,156.375,88.875,219.65625,90.375
2021-03-23 16:10:00,9.250000238418579,153.42857142857142,92.75,208.3125,87.0
2021-03-23 16:20:00,9.10000006357829,134.14285714285714,78.0,213.75,73.875
2021-03-23 16:30:00,8.93333371480306,116.0,44.4,208.6875,61.875
2021-03-23 16:40:00,8.683333396911621,97.28571428571429,32.8,203.625,44.25
2021-03-23 16:50:00,8.400000190734863,77.5,26.5,207.5625,32.625
2021-03-23 17:00:00,8.000000158945719,58.42857142857143,21.5,208.125,22.5
2021-03-23 17:10:00,7.65000009536743,33.857142857142854,16.0,215.34375,11.625
2021-03-23 17:20:00,7.175000071525572,11.5,11.0,207.5625,4.125
2021-03-23 17:30:00,6.700000095367431,7.5,7.5,221.34375,1.125
2021-03-23 17:40:00,6.250000119209288,2.5,2.5,215.34375,0.0
2021-03-23 17:50:00,5.950000047683715,,,250.78125,0.0
2021-03-23 18:00:00,5.7000001271565734,,,252.46875,0.0
2021-03-23 18:10:00,5.400000095367429,,,251.4375,0.0
2021-03-23 18:20:00,5.1600001335144015,,,258.5625,0.0
2021-03-23 18:30:00,4.90000009536743,,,263.25,0.0
2021-03-23 18:40:00,4.80000019073486,,,253.5,0.0
2021-03-23 18:50:00,4.65000009536743,,,249.46875,0.0
2021-03-23 19:00:00,4.46666669845581,,,250.59375,0.0
2021-03-23 19:10:00,4.440000057220457,,,234.1875,0.0
2021-03-23 19:20:00,4.30000019073486,,,242.53125,0.0
2021-03-23 19:30:00,4.20000028610229,,,238.78125,0.0
2021-03-23 19:40:00,4.049999952316285,,,260.625,0.0
2021-03-23 19:50:00,3.8800000190734862,,,251.625,0.0
2021-03-23 20:00:00,3.40000001589457,,,210.65625,0.0
2021-03-23 20:10:00,2.96666669845581,,,206.25,0.0
2021-03-23 20:20:00,2.4750000238418575,,,199.21875,0.0
2021-03-23 20:30:00,2.300000031789143,,,207.75,0.0
2021-03-23 20:40:00,2.2500000397364297,,,192.84375,0.0
2021-03-23 20:50:00,1.9499999880790702,,,133.5,0.0
2021-03-23 21:00:00,2.00000003973643,,,133.3125,0.0
2021-03-23 21:10:00,2.0,,,125.34375,0.0
2021-03-23 21:20:00,1.9400000333786,,,122.71875,0.0
2021-03-23 21:30:00,2.4571428980146144,,,162.28125,0.0
2021-03-23 21:40:00,2.1000000238418575,,,177.9375,0.0
2021-03-23 21:50:00,1.560000014305116,,,173.71875,0.0
2021-03-23 22:00:00,1.4666666587193802,,,166.78125,0.0
2021-03-23 22:10:00,1.300000023841858,,,167.625,0.0
2021-03-23 22:20:00,2.028571452413287,,,164.625,0.0
2021-03-23 22:30:00,3.300000031789143,,,167.625,0.0
2021-03-23 22:40:00,3.60000014305115,,,163.40625,0.0
2021-03-23 22:50:00,3.5000000476837156,,,158.0625,0.0
2021-03-23 23:00:00,3.4333333969116198,,,166.3125,0.0
2021-03-23 23:10:00,3.450000047683715,,,170.8125,0.0
2021-03-23 23:20:00,3.5750000476837176,,,169.59375,0.0
2021-03-23 23:30:00,3.6428572450365375,,,165.65625,0.0
2021-03-23 23:40:00,3.6000000635782903,,,174.0,0.0
2021-03-23 23:50:00,3.60000014305115,,,171.1875,0.0
2021-03-24 00:00:00,3.4166667064030953,,,168.375,0.0
2021-03-24 00:10:00,3.5800000667572043,,,167.15625,0.0
2021-03-24 00:20:00,3.9750000834465022,,,167.53125,0.0
2021-03-24 00:30:00,4.283333539962765,,,174.65625,0.0
2021-03-24 00:40:00,4.15000009536743,,,172.03125,0.0
2021-03-24 00:50:00,4.520000076293944,,,174.9375,0.0
2021-03-24 01:00:00,4.820000171661374,,,170.25,0.0
2021-03-24 01:10:00,4.90000009536743,,,173.25,0.0
2021-03-24 01:20:00,4.850000143051145,,,182.625,0.0
2021-03-24 01:30:00,4.850000143051145,,,180.75,0.0
2021-03-24 01:40:00,5.0,,,172.96875,0.0
2021-03-24 01:50:00,5.120000076293944,,,178.875,0.0
2021-03-24 02:00:00,5.30000019073486,,,165.84375,0.0
2021-03-24 02:10:00,5.30000019073486,,,172.59375,0.0
2021-03-24 02:20:00,5.049999952316285,,,175.3125,0.0
2021-03-24 02:30:00,,,,167.25,0.0
2021-03-24 02:40:00,4.90000009536743,,,161.0625,0.0
2021-03-24 02:50:00,4.80000019073486,,,167.4375,0.0
2021-03-24 03:00:00,4.73333358764648,,,168.28125,0.0
2021-03-24 03:10:00,4.65000009536743,,,163.96875,0.0
2021-03-24 03:20:00,4.633333365122477,,,172.5,0.0
2021-03-24 03:30:00,4.40000009536743,,,177.09375,0.0
2021-03-24 03:40:00,4.15000009536743,,,160.96875,0.0
2021-03-24 03:50:00,3.950000047683715,,,164.53125,0.0
2021-03-24 04:00:00,3.75,,,158.25,0.0
2021-03-24 04:10:00,3.7000000476837176,,,156.09375,0.0
2021-03-24 04:20:00,3.550000071525575,,,166.21875,0.0
2021-03-24 04:30:00,,,,174.0,0.0
2021-03-24 04:40:00,3.40000009536743,,,179.4375,0.0
2021-03-24 04:50:00,3.46666669845581,,,188.34375,0.0
2021-03-24 05:00:00,,6.0,6.333333333333333,220.6875,0.0
2021-03-24 05:10:00,3.60000014305115,10.5,11.666666666666666,221.4375,1.875
2021-03-24 05:20:00,3.550000071525575,19.166666666666668,21.333333333333332,258.5625,7.5
2021-03-24 05:30:00,3.6000000635782903,28.333333333333332,31.0,270.0,13.875
2021-03-24 05:40:00,3.75,36.5,38.714285714285715,270.28125,17.625
2021-03-24 05:50:00,4.0,80.16666666666667,74.14285714285714,277.3125,42.375
2021-03-24 06:00:00,4.40000009536743,113.71428571428571,137.71428571428572,282.5625,67.125
2021-03-24 06:10:00,4.70000028610229,87.42857142857143,96.85714285714286,267.9375,51.75
2021-03-24 06:20:00,4.850000143051145,100.5,139.125,263.71875,59.25
2021-03-24 06:30:00,5.049999952316285,92.14285714285714,110.0,282.1875,57.75
2021-03-24 06:40:00,5.250000238418575,141.85714285714286,193.28571428571428,293.8125,84.75
2021-03-24 06:50:00,5.450000047683715,133.42857142857142,181.85714285714286,315.28125,78.375
2021-03-24 07:00:00,5.450000047683715,119.57142857142857,150.75,337.5,70.875
2021-03-24 07:10:00,5.7000001271565734,130.14285714285714,167.28571428571428,334.96875,84.0
2021-03-24 07:20:00,6.050000071525572,204.0,268.85714285714283,332.4375,127.125
2021-03-24 07:30:00,6.650000095367429,271.14285714285717,354.42857142857144,296.53125,178.875
2021-03-24 07:40:00,7.600000143051144,288.5,376.25,288.9375,188.25
2021-03-24 07:50:00,7.59999990463257,249.71428571428572,318.85714285714283,275.53125,168.0
2021-03-24 08:00:00,7.485714299338205,134.85714285714286,165.85714285714286,274.3125,90.0
2021-03-24 08:10:00,7.750000119209288,259.57142857142856,323.42857142857144,273.28125,177.75
2021-03-24 08:20:00,8.58571447644915,323.2857142857143,399.0,274.59375,221.25
2021-03-24 08:30:00,8.916666984558105,376.25,452.375,263.90625,256.5
2021-03-24 08:40:00,8.766666730244955,374.7142857142857,441.0,247.21875,252.0
2021-03-24 08:50:00,9.10000006357829,387.7142857142857,452.42857142857144,252.5625,264.375
2021-03-24 09:00:00,9.440000343322755,376.57142857142856,432.7142857142857,261.5625,258.75
2021-03-24 09:10:00,9.93333339691161,409.875,462.0,258.5625,282.0
2021-03-24 09:20:00,10.400000190734879,453.3333333333333,502.1666666666667,251.8125,315.375
2021-03-24 09:30:00,10.833333492279051,484.6666666666667,536.3333333333334,241.6875,325.5
2021-03-24 09:40:00,10.733333587646483,492.57142857142856,531.8571428571429,263.8125,332.25
2021-03-24 09:50:00,11.080000114440919,470.42857142857144,499.57142857142856,277.6875,319.125
2021-03-24 10:00:00,11.4500000476837,493.375,519.75,267.375,332.625
2021-03-24 10:10:00,11.750000238418576,439.2857142857143,441.0,274.5,306.0
2021-03-24 10:20:00,11.516666889190667,471.57142857142856,478.14285714285717,264.84375,324.375
2021-03-24 10:30:00,11.350000143051151,484.14285714285717,487.1666666666667,248.71875,337.125
2021-03-24 10:40:00,11.500000381469722,504.375,499.75,283.96875,341.625
2021-03-24 10:50:00,11.650000095367425,527.5,515.2857142857143,272.53125,350.25
2021-03-24 11:00:00,11.84000034332274,508.14285714285717,491.2857142857143,280.59375,349.875
2021-03-24 11:10:00,11.78000011444092,491.7142857142857,469.85714285714283,261.5625,333.75
2021-03-24 11:20:00,11.850000381469725,521.7142857142857,488.85714285714283,252.5625,353.25
2021-03-24 11:30:00,12.171428680419917,501.25,456.7142857142857,268.5,352.125
2021-03-24 11:40:00,12.380000114440922,475.0,431.14285714285717,258.75,345.0
2021-03-24 11:50:00,12.500000317891432,499.14285714285717,449.42857142857144,257.8125,340.125
2021-03-24 12:00:00,12.333333333333334,478.0,424.5,263.0625,327.75
2021-03-24 12:10:00,12.1800001144409,505.14285714285717,441.85714285714283,249.9375,340.125
2021-03-24 12:20:00,12.16000003814694,478.85714285714283,412.57142857142856,246.46875,326.625
2021-03-24 12:30:00,12.314285823277057,492.375,420.75,241.21875,337.125
2021-03-24 12:40:00,12.3666671117147,497.57142857142856,417.42857142857144,241.5,343.125
2021-03-24 12:50:00,12.35000014305115,482.85714285714283,397.8333333333333,235.6875,340.875
2021-03-24 13:00:00,12.375000238418576,449.0,365.1666666666667,223.5,307.125
2021-03-24 13:10:00,12.350000222524017,430.0,345.2857142857143,245.34375,292.125
2021-03-24 13:20:00,12.15000025431315,439.25,344.5,243.09375,303.0
2021-03-24 13:30:00,12.316666920979818,442.2857142857143,336.85714285714283,237.0,301.125
2021-03-24 13:40:00,12.400000190734861,433.3333333333333,323.75,237.375,298.5
2021-03-24 13:50:00,12.2000000476837,419.7142857142857,307.3333333333333,228.09375,283.5
2021-03-24 14:00:00,12.220000076293939,410.1666666666667,290.1666666666667,225.09375,279.0
2021-03-24 14:10:00,12.5200002670288,389.85714285714283,271.2857142857143,216.0,260.625
2021-03-24 14:20:00,12.266666730244934,372.5,253.83333333333334,210.9375,253.875
2021-03-24 14:30:00,12.26000022888184,288.42857142857144,195.14285714285714,230.625,196.125
2021-03-24 14:40:00,12.350000381469751,343.0,224.85714285714286,223.59375,226.125
2021-03-24 14:50:00,12.183333555857333,322.7142857142857,205.8,229.40625,210.75
2021-03-24 15:00:00,11.93333355585735,303.5,187.66666666666666,191.0625,194.25
2021-03-24 15:10:00,11.975000381469727,271.3333333333333,164.28571428571428,168.09375,171.0
2021-03-24 15:20:00,11.766666730244966,238.28571428571428,142.85714285714286,200.15625,146.25
2021-03-24 15:30:00,11.500000317891434,168.28571428571428,109.33333333333333,186.9375,104.625
2021-03-24 15:40:00,11.2000002861023,148.71428571428572,102.33333333333333,206.53125,93.375
2021-03-24 15:50:00,10.9500002861023,164.375,113.0,201.75,102.0
2021-03-24 16:00:00,,159.57142857142858,102.16666666666667,204.28125,95.625
2021-03-24 16:10:00,10.700000127156565,132.71428571428572,93.0,184.59375,78.0
2021-03-24 16:20:00,10.4500002861023,108.42857142857143,73.57142857142857,185.625,61.875
2021-03-24 16:30:00,10.200000127156565,99.0,54.142857142857146,193.875,54.0
2021-03-24 16:40:00,10.0,85.28571428571429,44.0,193.21875,43.5
2021-03-24 16:50:00,9.850000381469725,74.33333333333333,39.0,189.375,36.0
2021-03-24 17:00:00,9.650000095367435,55.714285714285715,32.166666666666664,179.625,26.625
2021-03-24 17:10:00,9.450000286102295,35.857142857142854,24.2,181.875,15.375
2021-03-24 17:20:00,9.200000127156576,19.571428571428573,17.833333333333332,215.15625,9.75
2021-03-24 17:30:00,8.90000025431315,12.5,11.5,219.09375,4.875
2021-03-24 17:40:00,8.60000006357829,7.5,7.0,217.21875,1.125
2021-03-24 17:50:00,8.300000190734863,2.5,2.5,223.78125,0.0
2021-03-24 18:00:00,8.050000190734865,,,192.84375,0.0
2021-03-24 18:10:00,7.93333339691162,,,173.25,0.0
2021-03-24 18:20:00,7.750000238418575,,,169.03125,0.0
2021-03-24 18:30:00,7.6333333651224775,,,172.03125,0.0
2021-03-24 18:40:00,7.5333333015441895,,,165.84375,0.0
2021-03-24 18:50:00,7.450000047683715,,,168.0,0.0
2021-03-24 19:00:00,7.350000143051145,,,144.0,0.0
2021-03-24 19:10:00,7.100000063578286,,,130.78125,0.0
2021-03-24 19:20:00,7.15000009536743,,,130.59375,0.0
2021-03-24 19:30:00,7.15000009536743,,,126.65625,0.0
2021-03-24 19:40:00,7.049999952316285,,,134.8125,0.0
2021-03-24 19:50:00,6.80000019073486,,,130.21875,0.0
2021-03-24 20:00:00,6.5,,,122.8125,0.0
2021-03-24 20:10:00,6.30000019073486,,,126.1875,0.0
2021-03-24 20:20:00,6.250000238418575,,,125.34375,0.0
2021-03-24 20:30:00,6.200000166893002,,,132.0,0.0
2021-03-24 20:40:00,6.200000166893002,,,127.96875,0.0
2021-03-24 20:50:00,6.049999952316285,,,132.375,0.0
2021-03-24 21:00:00,5.93333339691162,,,132.1875,0.0
2021-03-24 21:10:00,5.950000047683716,,,128.0625,0.0
2021-03-24 21:20:00,5.850000143051144,,,139.5,0.0
2021-03-24 21:30:00,5.750000238418575,,,135.09375,0.0
2021-03-24 21:40:00,5.56666660308838,,,127.96875,0.0
2021-03-24 21:50:00,5.450000047683715,,,131.53125,0.0
2021-03-24 22:00:00,5.15000009536743,,,122.25,0.0
2021-03-24 22:10:00,4.700000095367431,,,123.0,0.0
2021-03-24 22:20:00,4.575000047683715,,,129.5625,0.0
2021-03-24 22:30:00,4.440000057220457,,,130.6875,0.0
2021-03-24 22:40:00,4.350000143051145,,,133.21875,0.0
2021-03-24 22:50:00,4.540000057220458,,,140.8125,0.0
2021-03-24 23:00:00,4.600000063578286,,,124.6875,0.0
2021-03-24 23:10:00,4.225000143051145,,,126.46875,0.0
2021-03-24 23:20:00,3.900000035762785,,,128.8125,0.0
2021-03-24 23:30:00,4.1,,,127.875,0.0
2021-03-24 23:40:00,3.959999990463256,,,128.90625,0.0
2021-03-24 23:50:00,3.816666682561238,,,131.15625,0.0
2021-03-25 00:00:00,3.70000004768372,,,128.8125,0.0
2021-03-25 00:10:00,3.550000071525575,,,126.375,0.0
2021-03-25 00:20:00,3.300000031789143,,,132.9375,0.0
2021-03-25 00:30:00,3.06000008583069,,,132.46875,0.0
2021-03-25 00:40:00,2.6500000357627878,,,129.09375,0.0
2021-03-25 00:50:00,2.200000047683716,,,139.03125,0.0
2021-03-25 01:00:00,1.850000023841855,,,136.59375,0.0
2021-03-25 01:10:00,1.4000000238418582,,,131.15625,0.0
2021-03-25 01:20:00,0.8166666825612389,,,127.875,0.0
2021-03-25 01:30:00,0.3000000081956385,,,135.9375,0.0
2021-03-25 01:40:00,0.08333333457509666,,,132.0,0.0
2021-03-25 01:50:00,-0.47142857951777317,,,131.90625,0.0
2021-03-25 02:00:00,-0.6500000059604645,,,128.0625,0.0
2021-03-25 02:10:00,-0.75,,,131.625,0.0
2021-03-25 02:20:00,-0.900000035762787,,,133.125,0.0
2021-03-25 02:30:00,-0.9500000178813939,,,131.625,0.0
2021-03-25 02:40:00,-1.15000003576279,,,131.34375,0.0
2021-03-25 02:50:00,-1.250000059604645,,,139.96875,0.0
2021-03-25 03:00:00,-1.4333333174387601,,,136.6875,0.0
2021-03-25 03:10:00,-1.250000059604645,,,139.40625,0.0
2021-03-25 03:20:00,-1.4000000158945702,,,138.28125,0.0
2021-03-25 03:30:00,-1.4333333174387601,,,129.1875,0.0
2021-03-25 03:40:00,-1.5,,,130.125,0.0
2021-03-25 03:50:00,-1.65000003576279,,,126.84375,0.0
2021-03-25 04:00:00,-1.60000002384186,,,135.46875,0.0
2021-03-25 04:10:00,-1.750000059604645,,,132.1875,0.0
2021-03-25 04:20:00,-1.70000004768372,,,131.15625,0.0
2021-03-25 04:30:00,-1.60000002384186,,,150.375,0.0
2021-03-25 04:40:00,-1.80000007152557,,,145.78125,0.0
2021-03-25 04:50:00,-1.560000014305116,,,151.03125,0.0
2021-03-25 05:00:00,-1.60000002384186,6.0,7.0,191.71875,0.0
2021-03-25 05:10:00,-1.7000000476837167,11.142857142857142,13.142857142857142,179.90625,0.0
2021-03-25 05:20:00,-1.700000047683718,22.0,24.833333333333332,198.09375,9.0
2021-03-25 05:30:00,-1.5500000119209298,24.166666666666668,27.0,198.9375,12.0
2021-03-25 05:40:00,-0.8857143010411939,21.666666666666668,23.166666666666668,203.34375,10.125
2021-03-25 05:50:00,0.9666666785875964,17.0,19.0,223.96875,7.125
2021-03-25 06:00:00,2.1166667143503815,13.0,14.6,213.65625,5.625
2021-03-25 06:10:00,2.6000000635782903,21.0,22.166666666666668,222.375,9.375
2021-03-25 06:20:00,2.650000095367435,51.666666666666664,53.142857142857146,233.8125,28.5
2021-03-25 06:30:00,2.725000023841858,46.166666666666664,49.142857142857146,260.625,25.5
2021-03-25 06:40:00,3.00000007947286,45.8,50.285714285714285,281.53125,28.875
2021-03-25 06:50:00,3.25,50.142857142857146,54.166666666666664,257.8125,30.75
2021-03-25 07:00:00,3.450000047683715,52.2,59.5,244.875,33.0
2021-03-25 07:10:00,3.7000000953674346,88.42857142857143,104.16666666666667,267.75,60.375
2021-03-25 07:20:00,4.049999952316285,186.125,212.25,258.84375,130.875
2021-03-25 07:30:00,4.100000063578286,158.5,173.16666666666666,234.1875,107.625
2021-03-25 07:40:00,4.30000019073486,147.14285714285714,160.57142857142858,242.71875,98.25
2021-03-25 07:50:00,4.750000119209288,128.14285714285714,139.28571428571428,255.1875,85.875
2021-03-25 08:00:00,5.03333330154419,158.75,182.5,273.46875,103.125
2021-03-25 08:10:00,4.7833334604899065,141.83333333333334,159.71428571428572,283.78125,93.75
2021-03-25 08:20:00,4.40000009536743,166.85714285714286,193.0,279.375,114.0
2021-03-25 08:30:00,,233.85714285714286,275.42857142857144,300.0,165.375
2021-03-25 08:40:00,4.71666669845581,424.125,505.125,281.625,286.875
2021-03-25 08:50:00,6.1333333651224775,424.2857142857143,505.7142857142857,281.71875,289.875
2021-03-25 09:00:00,7.528571469443185,433.7142857142857,493.2857142857143,262.3125,274.875
2021-03-25 09:10:00,7.766666809717811,517.4285714285714,580.3333333333334,264.46875,352.5
2021-03-25 09:20:00,8.400000299726214,478.85714285714283,524.5714285714286,275.90625,289.875
2021-03-25 09:30:00,9.257143020629883,318.875,351.5,270.0,175.875
2021-03-25 09:40:00,9.033333460489908,333.57142857142856,348.2857142857143,279.75,202.125
2021-03-25 09:50:00,8.660000038146974,253.42857142857142,281.57142857142856,293.90625,168.0
2021-03-25 10:00:00,8.40000057220459,103.28571428571429,106.28571428571429,303.0,70.875
2021-03-25 10:10:00,8.550000190734865,186.5,194.625,308.71875,116.25
2021-03-25 10:20:00,,107.14285714285714,109.57142857142857,298.5,72.0
2021-03-25 10:30:00,8.883333524068197,381.42857142857144,386.42857142857144,297.9375,270.0
2021-03-25 10:40:00,9.383333524068197,456.14285714285717,450.85714285714283,266.25,325.875
2021-03-25 10:50:00,9.50000031789144,329.14285714285717,327.42857142857144,279.1875,241.875
2021-03-25 11:00:00,9.875000238418572,481.7142857142857,465.5,264.0,330.75
2021-03-25 11:10:00,10.216666857401533,445.0,427.14285714285717,266.4375,300.0
2021-03-25 11:20:00,10.083333492279031,377.14285714285717,366.42857142857144,284.0625,261.375
2021-03-25 11:30:00,9.950000286102295,348.0,346.375,252.375,238.875
2021-03-25 11:40:00,9.93333371480306,309.42857142857144,313.14285714285717,252.5625,210.75
2021-03-25 11:50:00,9.950000286102295,351.0,349.85714285714283,249.375,241.125
2021-03-25 12:00:00,9.950000286102288,370.85714285714283,366.57142857142856,221.4375,253.875
2021-03-25 12:10:00,10.0,346.2,347.8333333333333,237.1875,232.5
2021-03-25 12:20:00,10.100000190734857,330.25,330.7142857142857,214.3125,226.875
2021-03-25 12:30:00,10.1500000953674,307.7142857142857,307.42857142857144,226.5,210.0
2021-03-25 12:40:00,10.124999999999975,280.2857142857143,286.42857142857144,225.9375,191.625
2021-03-25 12:50:00,9.950000286102295,244.14285714285714,252.57142857142858,221.4375,168.0
2021-03-25 13:00:00,9.850000381469725,216.0,226.0,214.125,148.5
2021-03-25 13:10:00,9.86666711171468,207.42857142857142,218.14285714285714,213.75,141.75
2021-03-25 13:20:00,10.0,197.0,207.42857142857142,212.625,133.875
2021-03-25 13:30:00,10.050000190734849,193.0,202.5,215.8125,133.125
2021-03-25 13:40:00,10.066666920979799,199.0,207.4,215.4375,134.25
2021-03-25 13:50:00,10.000000190734857,202.8,209.83333333333334,251.25,138.0
2021-03-25 14:00:00,9.950000286102288,201.6,207.6,242.8125,138.0
2021-03-25 14:10:00,,178.66666666666666,183.57142857142858,237.75,117.75
2021-03-25 14:20:00,9.75,149.42857142857142,157.625,233.625,101.25
2021-03-25 14:30:00,,136.4,141.66666666666666,231.75,90.0
2021-03-25 14:40:00,9.75,156.33333333333334,151.0,223.125,103.875
2021-03-25 14:50:00,10.050000190734847,271.125,235.875,206.25,183.75
2021-03-25 15:00:00,10.47500014305115,303.85714285714283,245.71428571428572,188.8125,202.875
2021-03-25 15:10:00,10.600000143051124,227.0,181.71428571428572,185.25,145.125
2021-03-25 15:20:00,10.624999999999975,262.2857142857143,193.0,175.6875,166.125
2021-03-25 15:30:00,10.4500002861023,165.0,135.625,163.875,105.75
2021-03-25 15:40:00,10.300000190734869,108.16666666666667,94.33333333333333,166.3125,67.125
2021-03-25 15:50:00,10.133333524068165,154.6,114.42857142857143,162.375,97.875
2021-03-25 16:00:00,10.1500000953674,171.375,116.85714285714286,152.4375,102.375
2021-03-25 16:10:00,10.200000127156565,155.0,114.57142857142857,148.3125,94.125
2021-03-25 16:20:00,10.0800001144409,128.71428571428572,98.14285714285714,171.9375,76.875
2021-03-25 16:30:00,10.050000190734849,135.14285714285714,90.57142857142857,170.4375,76.125
2021-03-25 16:40:00,,118.375,62.0,173.4375,63.75
2021-03-25 16:50:00,9.800000190734863,76.28571428571429,46.42857142857143,176.625,39.0
2021-03-25 17:00:00,9.550000190734865,35.42857142857143,28.666666666666668,169.875,18.0
2021-03-25 17:10:00,9.300000190734863,29.5,20.333333333333332,170.4375,12.75
2021-03-25 17:20:00,9.00000031789144,16.285714285714285,13.5,164.4375,6.0
2021-03-25 17:30:00,8.700000127156576,9.0,8.0,192.1875,3.0
2021-03-25 17:40:00,8.5,3.6666666666666665,2.5,202.875,0.0
2021-03-25 17:50:00,8.36666711171468,,,191.0625,0.0
2021-03-25 18:00:00,8.33333365122477,,,186.75,0.0
2021-03-25 18:10:00,8.150000095367435,,,183.1875,0.0
2021-03-25 18:20:00,8.16666666666667,,,175.3125,0.0
2021-03-25 18:30:00,8.38000030517578,,,192.9375,0.0
2021-03-25 18:40:00,8.280000114440918,,,200.625,0.0
2021-03-25 18:50:00,8.050000190734865,,,200.625,0.0
2021-03-25 19:00:00,7.900000095367429,,,185.625,0.0
2021-03-25 19:10:00,7.70000028610229,,,149.25,0.0
2021-03-25 19:20:00,7.6333333651224775,,,140.4375,0.0
2021-03-25 19:30:00,7.600000063578286,,,142.3125,0.0
2021-03-25 19:40:00,7.40000009536743,,,136.3125,0.0
2021-03-25 19:50:00,7.450000047683715,,,132.9375,0.0
2021-03-25 20:00:00,7.2000001271565734,,,128.4375,0.0
2021-03-25 20:10:00,6.750000079472858,,,127.3125,0.0
2021-03-25 20:20:00,6.150000095367431,,,134.0625,0.0
2021-03-25 20:30:00,5.300000131130217,,,142.125,0.0
2021-03-25 20:40:00,4.5000000953674295,,,125.25,0.0
2021-03-25 20:50:00,4.050000071525572,,,127.125,0.0
2021-03-25 21:00:00,3.700000047683717,,,118.6875,0.0
2021-03-25 21:10:00,3.5500000715255755,,,114.0,0.0
2021-03-25 21:20:00,3.75,,,116.0625,0.0
2021-03-25 21:30:00,3.8500000238418575,,,114.5625,0.0
2021-03-25 21:40:00,3.6500000357627878,,,117.5625,0.0
2021-03-25 21:50:00,3.300000031789143,,,109.3125,0.0
2021-03-25 22:00:00,3.00000007947286,,,111.75,0.0
2021-03-25 22:10:00,3.1500000357627878,,,111.9375,0.0
2021-03-25 22:20:00,3.20000004768372,,,112.875,0.0
2021-03-25 22:30:00,3.3500000238418552,,,116.625,0.0
2021-03-25 22:40:00,3.3666666746139504,,,117.75,0.0
2021-03-25 22:50:00,3.425000071525573,,,111.0,0.0
2021-03-25 23:00:00,3.550000071525575,,,116.0625,0.0
2021-03-25 23:10:00,3.5750000476837176,,,118.125,0.0
2021-03-25 23:20:00,3.340000009536742,,,132.1875,0.0
2021-03-25 23:30:00,3.78333338101705,,,123.9375,0.0
2021-03-25 23:40:00,4.15000009536743,,,127.125,0.0
2021-03-25 23:50:00,3.8500000238418575,,,117.75,0.0
2021-03-26 00:00:00,3.650000095367435,,,111.375,0.0
2021-03-26 00:10:00,3.650000095367435,,,110.0625,0.0
2021-03-26 00:20:00,3.550000071525575,,,108.1875,0.0
2021-03-26 00:30:00,3.480000066757202,,,113.25,0.0
2021-03-26 00:40:00,3.650000095367435,,,114.0,0.0
2021-03-26 00:50:00,3.233333388964335,,,115.3125,0.0
2021-03-26 01:00:00,2.6400000572204605,,,111.9375,0.0
2021-03-26 01:10:00,2.75,,,113.4375,0.0
2021-03-26 01:20:00,2.950000047683715,,,115.5,0.0
2021-03-26 01:30:00,2.6000000238418575,,,116.625,0.0
2021-03-26 01:40:00,2.25,,,113.4375,0.0
2021-03-26 01:50:00,2.1500000357627878,,,117.9375,0.0
2021-03-26 02:00:00,1.5666666626930235,,,115.6875,0.0
2021-03-26 02:10:00,1.3333333730697599,,,113.25,0.0
2021-03-26 02:20:00,1.350000023841855,,,111.9375,0.0
2021-03-26 02:30:00,1.10000002384186,,,109.6875,0.0
2021-03-26 02:40:00,1.10000002384186,,,104.8125,0.0
2021-03-26 02:50:00,1.20000004768372,,,115.6875,0.0
2021-03-26 03:00:00,1.15000003576279,,,121.5,0.0
2021-03-26 03:10:00,1.0000000198682155,,,116.625,0.0
2021-03-26 03:20:00,0.975000023841859,,,119.25,0.0
2021-03-26 03:30:00,1.1000000238418581,,,112.6875,0.0
2021-03-26 03:40:00,1.0166666905085255,,,112.3125,0.0
2021-03-26 03:50:00,0.5000000059604643,,,120.9375,0.0
2021-03-26 04:00:00,0.566666672627131,,,115.875,0.0
2021-03-26 04:10:00,0.40000000894069654,,,128.4375,0.0
2021-03-26 04:20:00,0.300000011920929,,,126.5625,0.0
2021-03-26 04:30:00,0.400000005960464,,,134.0625,0.0
2021-03-26 04:40:00,0.850000023841859,,,132.5625,0.0
2021-03-26 04:50:00,1.60000005364418,,,147.375,0.0
2021-03-26 05:00:00,1.9499999880790702,5.0,5.0,185.25,0.0
2021-03-26 05:10:00,2.150000095367435,0.0,3.6666666666666665,181.5,0.0
2021-03-26 05:20:00,2.3500000238418552,5.333333333333333,5.333333333333333,192.5625,0.0
2021-03-26 05:30:00,2.5,7.0,7.5,201.75,0.0
2021-03-26 05:40:00,2.6800000667572044,8.666666666666666,9.5,203.0625,2.25
2021-03-26 05:50:00,2.1200000524520877,7.0,6.5,198.9375,0.75
2021-03-26 06:00:00,1.9499999880790702,6.333333333333333,6.0,208.6875,1.875
2021-03-26 06:10:00,1.7000000476837167,8.333333333333334,9.0,248.625,1.5
2021-03-26 06:20:00,1.4499999880790702,12.5,13.333333333333334,254.0625,4.5
2021-03-26 06:30:00,,16.75,18.0,291.375,7.125
2021-03-26 06:40:00,1.5,22.714285714285715,24.8,277.6875,11.25
2021-03-26 06:50:00,1.65000003576279,39.5,41.0,255.9375,22.875
2021-03-26 07:00:00,1.9000000158945702,57.5,61.166666666666664,287.8125,36.75
2021-03-26 07:10:00,2.150000095367435,40.0,42.4,288.1875,25.125
2021-03-26 07:20:00,,35.5,38.4,279.9375,21.0
2021-03-26 07:30:00,2.10000014305115,43.2,46.8,265.875,26.25
2021-03-26 07:40:00,,51.25,56.285714285714285,244.125,33.0
2021-03-26 07:50:00,2.25,49.285714285714285,54.0,266.0625,30.75
2021-03-26 08:00:00,2.450000047683715,50.5,54.0,260.4375,33.0
2021-03-26 08:10:00,2.700000047683717,63.714285714285715,67.83333333333333,253.6875,39.375
2021-03-26 08:20:00,2.950000047683715,64.66666666666667,69.14285714285714,248.4375,41.625
2021-03-26 08:30:00,2.950000047683715,50.75,57.285714285714285,265.5,33.375
2021-03-26 08:40:00,3.200000047683717,48.666666666666664,52.833333333333336,275.4375,30.0
2021-03-26 08:50:00,3.3500000238418575,32.25,34.857142857142854,269.625,19.875
2021-03-26 09:00:00,3.6333334445953405,31.285714285714285,32.666666666666664,264.9375,18.0
2021-03-26 09:10:00,3.66666674613953,32.285714285714285,34.4,290.0625,19.875
2021-03-26 09:20:00,4.0,29.5,32.333333333333336,272.625,16.875
2021-03-26 09:30:00,4.15000009536743,31.4,33.666666666666664,259.6875,19.875
2021-03-26 09:40:00,4.40000009536743,46.5,51.0,266.8125,28.125
2021-03-26 09:50:00,4.70000028610229,57.714285714285715,62.0,262.875,37.125
2021-03-26 10:00:00,,65.57142857142857,71.0,276.75,41.25
2021-03-26 10:10:00,,59.25,64.0,280.3125,39.75
2021-03-26 10:20:00,4.59999990463257,27.0,29.0,292.5,15.75
2021-03-26 10:30:00,4.70000028610229,26.333333333333332,29.2,267.9375,16.125
2021-03-26 10:40:00,4.65000009536743,41.857142857142854,46.166666666666664,273.375,27.375
2021-03-26 10:50:00,4.65000009536743,35.0,38.0,286.6875,22.5
2021-03-26 11:00:00,,50.0,53.714285714285715,285.1875,31.125
2021-03-26 11:10:00,4.766666889190669,46.57142857142857,49.714285714285715,253.6875,30.0
2021-03-26 11:20:00,4.8666667938232395,38.857142857142854,42.0,268.5,24.0
2021-03-26 11:30:00,4.80000019073486,34.0,37.57142857142857,266.4375,21.375
2021-03-26 11:40:00,,33.166666666666664,36.666666666666664,268.3125,19.5
2021-03-26 11:50:00,,39.0,39.57142857142857,291.75,22.5
2021-03-26 12:00:00,4.750000238418575,46.166666666666664,48.833333333333336,262.875,30.0
2021-03-26 12:10:00,4.750000238418575,45.57142857142857,47.6,261.375,29.625
2021-03-26 12:20:00,4.73333358764648,47.57142857142857,50.333333333333336,279.1875,30.375
2021-03-26 12:30:00,4.750000238418575,50.42857142857143,53.57142857142857,270.1875,34.875
2021-03-26 12:40:00,4.766666889190669,39.714285714285715,42.57142857142857,243.5625,24.75
2021-03-26 12:50:00,4.90000009536743,61.0,65.42857142857143,255.0,40.125
2021-03-26 13:00:00,,44.125,47.125,254.4375,28.125
2021-03-26 13:10:00,4.950000047683715,42.42857142857143,45.285714285714285,245.8125,27.0
2021-03-26 13:20:00,4.950000047683715,43.833333333333336,46.857142857142854,244.5,28.875
2021-03-26 13:30:00,4.960000038146972,55.0,58.0,242.8125,34.875
2021-03-26 13:40:00,,40.333333333333336,39.666666666666664,245.625,24.375
2021-03-26 13:50:00,5.09999990463257,38.25,41.125,236.625,22.875
2021-03-26 14:00:00,5.20000028610229,51.0,54.714285714285715,237.1875,32.625
2021-03-26 14:10:00,5.350000143051145,38.5,42.333333333333336,231.1875,24.0
2021-03-26 14:20:00,5.350000143051145,35.42857142857143,37.857142857142854,248.25,21.375
2021-03-26 14:30:00,5.5,42.25,45.375,265.125,27.75
2021-03-26 14:40:00,5.59999990463257,38.0,40.714285714285715,255.375,24.0
2021-03-26 14:50:00,,33.333333333333336,36.166666666666664,228.375,20.25
2021-03-26 15:00:00,,29.666666666666668,32.0,201.375,18.0
2021-03-26 15:10:00,5.5,40.166666666666664,41.285714285714285,217.5,24.75
2021-03-26 15:20:00,5.40000009536743,36.666666666666664,39.333333333333336,221.4375,22.875
2021-03-26 15:30:00,5.5,36.285714285714285,38.714285714285715,205.875,22.125
2021-03-26 15:40:00,,20.875,22.5,210.375,11.25
2021-03-26 15:50:00,,10.666666666666666,11.166666666666666,245.8125,3.75
2021-03-26 16:00:00,,9.333333333333334,9.666666666666666,231.1875,3.0
2021-03-26 16:10:00,5.40000009536743,7.0,7.0,245.625,1.125
2021-03-26 16:20:00,,3.5,5.0,241.5,0.0
2021-03-26 16:30:00,,5.5,6.0,227.25,0.0
2021-03-26 16:40:00,5.450000047683715,5.333333333333333,5.333333333333333,249.0,0.75
2021-03-26 16:50:00,,4.0,4.0,234.9375,0.375
2021-03-26 17:00:00,5.5,0.0,0.0,229.875,0.0
2021-03-26 17:10:00,,,,234.5625,0.0
2021-03-26 17:20:00,5.59999990463257,,,204.9375,0.0
2021-03-26 17:30:00,,,,196.6875,0.0
2021-03-26 17:40:00,5.5,,,186.9375,0.0
2021-03-26 17:50:00,5.59999990463257,,,178.5,0.0
2021-03-26 18:00:00,,,,192.0,0.0
2021-03-26 18:10:00,5.65000009536743,,,158.4375,0.0
2021-03-26 18:20:00,5.5333333015441895,,,167.8125,0.0
2021-03-26 18:30:00,,,,167.4375,0.0
2021-03-26 18:40:00,5.40000009536743,,,156.375,0.0
2021-03-26 18:50:00,,,,131.625,0.0
2021-03-26 19:00:00,5.4666666984558105,,,154.875,0.0
2021-03-26 19:10:00,5.59999990463257,,,167.625,0.0
2021-03-26 19:20:00,,,,153.9375,0.0
2021-03-26 19:30:00,5.70000028610229,,,154.125,0.0
2021-03-26 19:40:00,5.80000019073486,,,155.8125,0.0
2021-03-26 19:50:00,5.8666667938232395,,,160.5,0.0
2021-03-26 20:00:00,,,,136.3125,0.0
2021-03-26 20:10:00,6.0,,,129.5625,0.0
2021-03-26 20:20:00,,,,122.8125,0.0
2021-03-26 20:30:00,6.049999952316285,,,127.125,0.0
2021-03-26 20:40:00,,,,129.1875,0.0
2021-03-26 20:50:00,,,,131.0625,0.0
2021-03-26 21:00:00,,,,116.25,0.0
2021-03-26 21:10:00,6.09999990463257,,,111.0,0.0
2021-03-26 21:20:00,6.166666825612384,,,114.9375,0.0
2021-03-26 21:30:00,6.09999990463257,,,121.5,0.0
2021-03-26 21:40:00,6.0,,,123.375,0.0
2021-03-26 21:50:00,6.049999952316285,,,127.125,0.0
2021-03-26 22:00:00,6.09999990463257,,,114.5625,0.0
2021-03-26 22:10:00,,,,120.0,0.0
2021-03-26 22:20:00,,,,114.5625,0.0
2021-03-26 22:30:00,6.0,,,126.5625,0.0
2021-03-26 22:40:00,,,,119.8125,0.0
2021-03-26 22:50:00,,,,122.625,0.0
2021-03-26 23:00:00,,,,123.375,0.0
2021-03-26 23:10:00,,,,116.8125,0.0
2021-03-26 23:20:00,6.06666660308838,,,119.8125,0.0
2021-03-26 23:30:00,6.049999952316284,,,105.75,0.0
2021-03-26 23:40:00,,,,113.4375,0.0
2021-03-26 23:50:00,,,,118.875,0.0
2021-03-27 00:00:00,6.0333333015441895,,,127.875,0.0
2021-03-27 00:10:00,,,,129.375,0.0
2021-03-27 00:20:00,,,,129.9375,0.0
2021-03-27 00:30:00,,,,113.4375,0.0
2021-03-27 00:40:00,,,,102.1875,0.0
2021-03-27 00:50:00,,,,97.125,0.0
2021-03-27 01:00:00,,,,95.625,0.0
2021-03-27 01:10:00,,,,97.6875,0.0
2021-03-27 01:20:00,6.15000009536743,,,105.1875,0.0
2021-03-27 01:30:00,,,,102.75,0.0
2021-03-27 01:40:00,6.15000009536743,,,117.0,0.0
2021-03-27 01:50:00,6.049999952316285,,,131.4375,0.0
2021-03-27 02:00:00,5.90000009536743,,,130.3125,0.0
2021-03-27 02:10:00,5.80000019073486,,,141.1875,0.0
2021-03-27 02:20:00,5.70000028610229,,,125.0625,0.0
2021-03-27 02:30:00,,,,114.5625,0.0
2021-03-27 02:40:00,5.59999990463257,,,113.25,0.0
2021-03-27 02:50:00,5.549999952316285,,,128.4375,0.0
2021-03-27 03:00:00,5.5,,,114.0,0.0
2021-03-27 03:10:00,5.40000009536743,,,115.3125,0.0
2021-03-27 03:20:00,,,,117.1875,0.0
2021-03-27 03:30:00,5.33333349227905,,,114.9375,0.0
2021-03-27 03:40:00,,,,111.5625,0.0
2021-03-27 03:50:00,,,,101.8125,0.0
2021-03-27 04:00:00,5.20000028610229,,,115.3125,0.0
2021-03-27 04:10:00,5.09999990463257,,,115.875,0.0
2021-03-27 04:20:00,5.0,,,109.6875,0.0
2021-03-27 04:30:00,4.850000143051145,,,115.875,0.0
2021-03-27 04:40:00,,,,124.3125,0.0
2021-03-27 04:50:00,4.70000028610229,,,138.5625,0.0
2021-03-27 05:00:00,4.59999990463257,,,135.9375,0.0
2021-03-27 05:10:00,4.5,,,129.0,0.0
2021-03-27 05:20:00,,5.0,5.0,104.625,0.0
2021-03-27 05:30:00,4.40000009536743,6.5,6.5,102.375,0.0
2021-03-27 05:40:00,4.350000143051145,9.0,8.8,113.25,1.875
2021-03-27 05:50:00,4.220000171661374,12.666666666666666,13.5,133.5,5.25
2021-03-27 06:00:00,4.03333330154419,12.5,13.5,131.625,6.0
2021-03-27 06:10:00,3.90000009536743,11.0,12.5,143.0625,3.75
2021-03-27 06:20:00,3.79999995231628,16.2,16.8,147.1875,6.375
2021-03-27 06:30:00,3.70000004768372,32.142857142857146,34.166666666666664,124.3125,18.0
2021-03-27 06:40:00,,37.333333333333336,40.5,113.25,22.5
2021-03-27 06:50:00,,48.625,51.375,121.6875,30.375
2021-03-27 07:00:00,3.79999995231628,42.0,43.8,152.0625,25.125
2021-03-27 07:10:00,,64.0,67.14285714285714,154.5,42.0
2021-03-27 07:20:00,,66.83333333333333,70.6,143.25,43.5
2021-03-27 07:30:00,,72.25,76.0,141.75,48.0
2021-03-27 07:40:00,3.86666671435038,68.25,72.375,130.5,45.0
2021-03-27 07:50:00,,68.4,72.16666666666667,129.75,43.5
2021-03-27 08:00:00,4.0,73.71428571428571,77.71428571428571,152.625,49.5
2021-03-27 08:10:00,,71.57142857142857,73.33333333333333,135.0,46.5
2021-03-27 08:20:00,4.15000009536743,73.0,73.71428571428571,148.5,46.875
2021-03-27 08:30:00,4.30000019073486,104.625,108.125,167.4375,71.625
2021-03-27 08:40:00,4.450000047683715,132.42857142857142,138.42857142857142,198.0,91.125
2021-03-27 08:50:00,4.65000009536743,173.28571428571428,180.8,150.1875,118.875
2021-03-27 09:00:00,4.950000047683715,142.42857142857142,149.0,155.25,98.25
2021-03-27 09:10:00,4.825000166893002,165.42857142857142,181.125,194.25,119.25
2021-03-27 09:20:00,4.850000143051145,183.33333333333334,196.14285714285714,178.6875,128.625
2021-03-27 09:30:00,4.96666669845581,180.57142857142858,193.83333333333334,171.1875,123.375
2021-03-27 09:40:00,5.171428612300327,166.0,178.0,151.125,114.75
2021-03-27 09:50:00,5.340000152587888,184.57142857142858,195.85714285714286,165.9375,124.125
2021-03-27 10:00:00,5.560000038146971,192.57142857142858,205.71428571428572,141.0,132.0
2021-03-27 10:10:00,5.524999976158142,170.57142857142858,183.5,130.6875,117.0
2021-03-27 10:20:00,5.628571442195346,147.85714285714286,159.0,119.8125,99.75
2021-03-27 10:30:00,5.30000019073486,167.75,177.375,114.375,114.375
2021-03-27 10:40:00,5.266666889190669,250.85714285714286,260.7142857142857,145.125,168.0
2021-03-27 10:50:00,5.816666682561238,386.0,399.14285714285717,163.125,265.5
2021-03-27 11:00:00,6.200000047683714,250.85714285714286,261.3333333333333,209.0625,171.375
2021-03-27 11:10:00,6.50000009536743,484.875,489.5,168.375,331.125
2021-03-27 11:20:00,6.900000095367429,445.57142857142856,442.85714285714283,155.625,298.5
2021-03-27 11:30:00,6.840000152587888,376.42857142857144,370.0,150.0,264.0
2021-03-27 11:40:00,6.90000009536743,378.0,373.14285714285717,164.0625,255.0
2021-03-27 11:50:00,7.016666809717812,318.625,315.375,163.3125,223.125
2021-03-27 12:00:00,7.285714421953471,396.85714285714283,390.85714285714283,158.25,272.25
2021-03-27 12:10:00,7.360000133514402,310.2857142857143,306.0,165.75,216.75
2021-03-27 12:20:00,7.557142938886369,272.0,276.0,170.8125,189.375
2021-03-27 12:30:00,7.5857142720903665,263.25,267.25,188.0625,182.625
2021-03-27 12:40:00,7.3666667938232395,223.16666666666666,235.33333333333334,185.4375,154.125
2021-03-27 12:50:00,7.620000076293944,253.28571428571428,260.57142857142856,166.3125,176.25
2021-03-27 13:00:00,7.6333333651224775,293.7142857142857,290.14285714285717,160.125,207.0
2021-03-27 13:10:00,7.90000009536743,377.3333333333333,349.42857142857144,163.875,263.625
2021-03-27 13:20:00,8.116666793823244,373.57142857142856,340.14285714285717,151.875,262.125
2021-03-27 13:30:00,8.200000047683718,362.6666666666667,328.0,140.4375,249.0
2021-03-27 13:40:00,8.575000286102295,497.2857142857143,415.2857142857143,132.0,346.875
2021-03-27 13:50:00,9.075000286102297,494.85714285714283,392.0,129.9375,336.0
2021-03-27 14:00:00,9.066666762034098,226.25,183.75,129.75,141.375
2021-03-27 14:10:00,8.800000190734863,401.14285714285717,283.14285714285717,135.375,242.625
2021-03-27 14:20:00,9.150000095367435,375.2857142857143,265.14285714285717,132.0,256.875
2021-03-27 14:30:00,9.560000228881837,413.2857142857143,292.0,123.375,280.125
2021-03-27 14:40:00,9.58000011444092,365.3333333333333,250.2,132.5625,246.0
2021-03-27 14:50:00,9.36666711171468,341.57142857142856,224.0,118.125,231.0
2021-03-27 15:00:00,9.450000286102295,324.57142857142856,207.42857142857142,111.1875,216.375
2021-03-27 15:10:00,9.650000095367435,314.0,196.0,98.0625,205.875
2021-03-27 15:20:00,9.733333269755047,290.125,169.375,85.875,181.875
2021-03-27 15:30:00,9.700000127156576,265.42857142857144,148.85714285714286,91.3125,164.25
2021-03-27 15:40:00,9.550000190734865,239.28571428571428,136.71428571428572,126.0,148.875
2021-03-27 15:50:00,9.550000190734865,214.16666666666666,126.16666666666667,127.875,132.0
2021-03-27 16:00:00,9.350000381469725,192.625,112.42857142857143,151.5,117.0
2021-03-27 16:10:00,9.19999980926514,169.57142857142858,104.2,150.375,100.875
2021-03-27 16:20:00,9.10000038146973,150.14285714285714,101.57142857142857,152.625,85.875
2021-03-27 16:30:00,8.950000286102295,131.33333333333334,82.85714285714286,148.6875,71.25
2021-03-27 16:40:00,8.80000019073486,111.875,48.333333333333336,160.3125,60.0
2021-03-27 16:50:00,8.60000006357829,93.14285714285714,31.0,135.1875,43.875
2021-03-27 17:00:00,8.350000381469725,73.71428571428571,26.25,132.1875,32.25
2021-03-27 17:10:00,8.10000006357829,57.25,21.0,138.5625,23.625
2021-03-27 17:20:00,7.80000019073486,29.333333333333332,15.5,132.1875,10.125
2021-03-27 17:30:00,7.5,12.0,11.0,129.375,4.875
2021-03-27 17:40:00,7.250000238418575,7.5,7.5,137.625,1.875
2021-03-27 17:50:00,6.950000047683715,2.5,2.5,133.5,0.0
2021-03-27 18:00:00,6.70000028610229,,,133.875,0.0
2021-03-27 18:10:00,6.5,,,172.875,0.0
2021-03-27 18:20:00,6.15000009536743,,,177.1875,0.0
2021-03-27 18:30:00,5.700000095367431,,,172.125,0.0
2021-03-27 18:40:00,5.250000119209288,,,169.5,0.0
2021-03-27 18:50:00,4.80000009536743,,,180.375,0.0
2021-03-27 19:00:00,4.40000009536743,,,178.5,0.0
2021-03-27 19:10:00,4.000000047683714,,,186.5625,0.0
2021-03-27 19:20:00,3.550000071525575,,,179.0625,0.0
2021-03-27 19:30:00,3.100000047683716,,,167.625,0.0
2021-03-27 19:40:00,2.75,,,175.5,0.0
2021-03-27 19:50:00,2.50000007947286,,,173.4375,0.0
2021-03-27 20:00:00,2.1500000357627878,,,177.1875,0.0
2021-03-27 20:10:00,1.600000023841858,,,184.3125,0.0
2021-03-27 20:20:00,1.30000004172325,,,178.125,0.0
2021-03-27 20:30:00,1.0000000198682155,,,173.625,0.0
2021-03-27 20:40:00,0.9000000158945719,,,187.6875,0.0
2021-03-27 20:50:00,0.700000011920929,,,186.75,0.0
2021-03-27 21:00:00,0.18333333730697612,,,184.875,0.0
2021-03-27 21:10:00,0.15000000409781925,,,179.25,0.0
2021-03-27 21:20:00,0.5000000099341073,,,185.625,0.0
2021-03-27 21:30:00,0.35000000521540625,,,185.25,0.0
2021-03-27 21:40:00,-0.2500000055879354,,,186.75,0.0
2021-03-27 21:50:00,-0.466666668653488,,,186.0,0.0
2021-03-27 22:00:00,-0.600000023841858,,,178.6875,0.0
2021-03-27 22:10:00,-0.6500000059604645,,,182.25,0.0
2021-03-27 22:20:00,-1.1000000357627875,,,178.5,0.0
2021-03-27 22:30:00,-1.20000004768372,,,172.5,0.0
2021-03-27 22:40:00,-1.30000007152557,,,180.1875,0.0
2021-03-27 22:50:00,-1.55000001192093,,,186.75,0.0
2021-03-27 23:00:00,-1.6500000357627875,,,191.25,0.0
2021-03-27 23:10:00,-1.350000023841855,,,178.3125,0.0
2021-03-27 23:20:00,-1.4499999880790702,,,180.5625,0.0
2021-03-27 23:30:00,-1.7000000476837167,,,183.0,0.0
2021-03-27 23:40:00,-2.0500000417232527,,,173.8125,0.0
2021-03-27 23:50:00,-2.1000000238418584,,,169.6875,0.0
