,i,type,prob,0,1,2,3,4,5,6,7,8,9,10,11,12,13,14,15,16,17,18,19,20,21,22,23,24,25,26,27,28,29,30,31,32,33,34,35,36,37,38,39,40,41,42,43,44,45,46,47,48,49,50,51,52,53,54,55,56,57,58,59
0,0.0,0.0,0.3333333333333333,-9.265625,-2.46875,-18.140625,12.125,28.421875,4.875,26.96875,11.0625,4.21875,4.65625,17.921875,25.125,2.625,-6.5625,-6.0,-0.1875,-12.5625,-2.8125,-6.375,-9.5625,-18.1875,-12.5625,-22.875,-19.3125,-16.5,-9.0,-12.5625,-5.25,-2.625,0.1875,2.8125,-9.5625,-6.9375,-2.8125,-8.0625,-2.25,-16.3125,-19.875,-9.1875,-16.875,-17.4375,2.625,-3.375,-5.25,3.9375,7.875,5.8125,-8.8125,-8.4375,-1.6875,-5.625,-8.4375,-9.1875,-13.875,-9.5625,-0.5625,-6.9375,-3.9375,-3.75,-2.625
1,0.0,1.0,0.3333333333333333,-9.265625,-2.46875,-18.140625,12.125,28.421875,4.875,26.96875,11.0625,4.21875,4.65625,17.921875,25.125,2.625,-6.5625,-6.0,-0.1875,-12.5625,-2.8125,-6.375,-9.5625,-18.1875,-12.5625,-22.875,-19.3125,-16.5,-9.0,-12.5625,-5.25,-2.625,0.1875,2.8125,-9.5625,-6.9375,-2.8125,-8.0625,-2.25,-16.3125,-19.875,-9.1875,-16.875,-17.4375,2.625,-3.375,-5.25,3.9375,7.875,5.8125,-8.8125,-8.4375,-1.6875,-5.625,-8.4375,-9.1875,-13.875,-9.5625,-0.5625,-6.9375,-3.9375,-3.75,-2.625
2,0.0,2.0,0.3333333333333333,-9.265625,-2.46875,-18.140625,12.125,28.421875,4.875,26.96875,11.0625,4.21875,4.65625,17.921875,25.125,2.625,-6.5625,-6.0,-0.1875,-12.5625,-2.8125,-6.375,-9.5625,-18.1875,-12.5625,-22.875,-19.3125,-16.5,-9.0,-12.5625,-5.25,-2.625,0.1875,2.8125,-9.5625,-6.9375,-2.8125,-8.0625,-2.25,-16.3125,-19.875,-9.1875,-16.875,-17.4375,2.625,-3.375,-5.25,3.9375,7.875,5.8125,-8.8125,-8.4375,-1.6875,-5.625,-8.4375,-9.1875,-13.875,-9.5625,-0.5625,-6.9375,-3.9375,-3.75,-2.625
3,1.0,0.0,0.3439553117580023,-20.71875,-11.5,-19.6875,-32.875,-21.625,-12.5625,-2.046875,-4.375,2.53125,-2.34375,-1.65625,-6.5625,-6.0,-0.1875,-12.5625,-18.375,-6.375,-9.5625,-18.1875,-12.5625,-22.875,-19.3125,-16.5,-9.0,-12.5625,-5.25,-2.625,-5.0625,-3.0,-9.5625,-6.9375,-15.75,-8.0625,-7.125,-16.3125,-19.875,-9.1875,-16.875,-17.4375,2.625,-3.375,-5.25,3.9375,-6.0,5.8125,-8.8125,-8.4375,-1.6875,-5.625,-8.4375,-9.1875,-13.875,-9.5625,-10.6875,-6.9375,-3.9375,-3.75,-4.875,1.6875,-0.75
4,1.0,1.0,0.39402536039336067,8.640625,7.5625,21.1875,0.0,20.421875,6.375,5.265625,13.0,7.21875,13.46875,8.15625,21.9375,4.6875,9.9375,-1.3125,-2.8125,1.3125,-5.4375,-3.75,0.9375,-1.6875,-1.3125,13.5,2.8125,4.3125,4.125,11.4375,0.1875,2.8125,15.5625,-2.8125,-2.8125,-3.9375,-2.25,3.75,14.0625,10.125,25.875,27.75,15.0,10.5,15.1875,6.5625,7.875,8.4375,29.0625,25.3125,7.875,-2.0625,4.3125,3.0,1.5,-0.375,-0.5625,-2.4375,-3.0,7.125,-2.625,2.625,9.375
5,1.0,2.0,0.262019327848637,-6.0390625,-1.96875,0.75,-16.4375,-0.6015625,-3.09375,1.609375,4.3125,4.875,5.5625,3.25,7.6875,-0.65625,4.875,-6.9375,-10.59375,-2.53125,-7.5,-10.96875,-5.8125,-12.28125,-10.3125,-1.5,-3.09375,-4.125,-0.5625,4.40625,-2.4375,-0.09375,3.0,-4.875,-9.28125,-6.0,-4.6875,-6.28125,-2.90625,0.46875,4.5,5.15625,8.8125,3.5625,4.96875,5.25,0.9375,7.125,10.125,8.4375,3.09375,-3.84375,-2.0625,-3.09375,-6.1875,-4.96875,-5.625,-4.6875,-3.46875,1.6875,-3.75,2.15625,4.3125
6,2.0,0.0,0.3333333333333333,-17.34375,-24.1875,-38.296875,-25.125,-16.25,1.03125,8.21875,-1.4375,-5.765625,5.1875,17.71875,4.6875,9.9375,-1.3125,-18.375,1.3125,-5.4375,-3.75,0.9375,-1.6875,-1.3125,13.5,2.8125,4.3125,4.125,11.4375,-5.0625,-3.0,15.5625,-2.8125,-15.75,-3.9375,-7.125,3.75,14.0625,10.125,25.875,27.75,15.0,10.5,15.1875,6.5625,-6.0,8.4375,29.0625,25.3125,7.875,-2.0625,4.3125,3.0,1.5,-0.375,-10.6875,-2.4375,-3.0,7.125,-4.875,2.625,-0.75,-1.875
7,2.0,1.0,0.3333333333333333,-17.34375,-24.1875,-38.296875,-25.125,-16.25,1.03125,8.21875,-1.4375,-5.765625,5.1875,17.71875,4.6875,9.9375,-1.3125,-18.375,1.3125,-5.4375,-3.75,0.9375,-1.6875,-1.3125,13.5,2.8125,4.3125,4.125,11.4375,-5.0625,-3.0,15.5625,-2.8125,-15.75,-3.9375,-7.125,3.75,14.0625,10.125,25.875,27.75,15.0,10.5,15.1875,6.5625,-6.0,8.4375,29.0625,25.3125,7.875,-2.0625,4.3125,3.0,1.5,-0.375,-10.6875,-2.4375,-3.0,7.125,-4.875,2.625,-0.75,-1.875
8,2.0,2.0,0.3333333333333333,-17.34375,-24.1875,-38.296875,-25.125,-16.25,1.03125,8.21875,-1.4375,-5.765625,5.1875,17.71875,4.6875,9.9375,-1.3125,-18.375,1.3125,-5.4375,-3.75,0.9375,-1.6875,-1.3125,13.5,2.8125,4.3125,4.125,11.4375,-5.0625,-3.0,15.5625,-2.8125,-15.75,-3.9375,-7.125,3.75,14.0625,10.125,25.875,27.75,15.0,10.5,15.1875,6.5625,-6.0,8.4375,29.0625,25.3125,7.875,-2.0625,4.3125,3.0,1.5,-0.375,-10.6875,-2.4375,-3.0,7.125,-4.875,2.625,-0.75,-1.875
9,3.0,0.0,0.3257712839708664,-7.5625,-24.65625,-11.625,-5.0,-9.671875,-14.4375,-4.1875,-2.5,-10.5,-17.84375,-12.078125,-0.1875,-12.5625,-18.375,-6.375,-9.5625,-18.1875,-12.5625,-22.875,-19.3125,-16.5,-9.0,-12.5625,-5.25,-2.625,-5.0625,-3.0,-9.5625,-6.9375,-15.75,-8.0625,-7.125,-16.3125,-19.875,-9.1875,-16.875,-17.4375,2.625,-3.375,-5.25,3.9375,-6.0,5.8125,-8.8125,-8.4375,-1.6875,-5.625,-8.4375,-9.1875,-13.875,-9.5625,-10.6875,-6.9375,-3.9375,-3.75,-4.875,1.6875,-0.75,-1.875,-1.6875
10,3.0,1.0,0.40896032795849235,11.28125,-7.21875,11.859375,0.0,9.671875,14.25,3.34375,1.4375,6.84375,16.0625,1.359375,9.9375,-1.3125,-2.8125,1.3125,-5.4375,-3.75,0.9375,-1.6875,-1.3125,13.5,2.8125,4.3125,4.125,11.4375,0.1875,2.8125,15.5625,-2.8125,-2.8125,-3.9375,-2.25,3.75,14.0625,10.125,25.875,27.75,15.0,10.5,15.1875,6.5625,7.875,8.4375,29.0625,25.3125,7.875,-2.0625,4.3125,3.0,1.5,-0.375,-0.5625,-2.4375,-3.0,7.125,-2.625,2.625,9.375,4.875,3.1875
11,3.0,2.0,0.26526838807064135,1.859375,-15.9375,0.1171875,-2.5,0.0,-0.09375,-0.421875,-0.53125,-1.828125,-0.890625,-5.359375,4.875,-6.9375,-10.59375,-2.53125,-7.5,-10.96875,-5.8125,-12.28125,-10.3125,-1.5,-3.09375,-4.125,-0.5625,4.40625,-2.4375,-0.09375,3.0,-4.875,-9.28125,-6.0,-4.6875,-6.28125,-2.90625,0.46875,4.5,5.15625,8.8125,3.5625,4.96875,5.25,0.9375,7.125,10.125,8.4375,3.09375,-3.84375,-2.0625,-3.09375,-6.1875,-4.96875,-5.625,-4.6875,-3.46875,1.6875,-3.75,2.15625,4.3125,1.5,0.75
12,4.0,0.0,0.3306912998038258,-19.109375,-5.25,-7.96875,-17.75,-23.21875,-13.125,-7.296875,-17.125,-25.171875,-19.28125,-7.96875,-12.5625,-18.375,-6.375,-9.5625,-18.1875,-12.5625,-22.875,-19.3125,-16.5,-9.0,-12.5625,-5.25,-2.625,-5.0625,-3.0,-9.5625,-6.9375,-15.75,-8.0625,-7.125,-16.3125,-19.875,-9.1875,-16.875,-17.4375,2.625,-3.375,-5.25,3.9375,-6.0,5.8125,-8.8125,-8.4375,-1.6875,-5.625,-8.4375,-9.1875,-13.875,-9.5625,-10.6875,-6.9375,-3.9375,-3.75,-4.875,1.6875,-0.75,-1.875,-1.6875,-5.625
13,4.0,1.0,0.4088316046663331,-16.640625,2.28125,0.09375,13.124999999999972,16.0625,4.875,-1.515625,7.1875,14.0625,-1.34375,6.265625,-1.3125,-2.8125,1.3125,-5.4375,-3.75,0.9375,-1.6875,-1.3125,13.5,2.8125,4.3125,4.125,11.4375,0.1875,2.8125,15.5625,-2.8125,-2.8125,-3.9375,-2.25,3.75,14.0625,10.125,25.875,27.75,15.0,10.5,15.1875,6.5625,7.875,8.4375,29.0625,25.3125,7.875,-2.0625,4.3125,3.0,1.5,-0.375,-0.5625,-2.4375,-3.0,7.125,-2.625,2.625,9.375,4.875,3.1875,0.0
14,4.0,2.0,0.26047709552984105,-17.875,-1.484375,-3.9375,-2.312500000000014,-3.578125,-4.125,-4.40625,-4.96875,-5.5546875,-10.3125,-0.8515625,-6.9375,-10.59375,-2.53125,-7.5,-10.96875,-5.8125,-12.28125,-10.3125,-1.5,-3.09375,-4.125,-0.5625,4.40625,-2.4375,-0.09375,3.0,-4.875,-9.28125,-6.0,-4.6875,-6.28125,-2.90625,0.46875,4.5,5.15625,8.8125,3.5625,4.96875,5.25,0.9375,7.125,10.125,8.4375,3.09375,-3.84375,-2.0625,-3.09375,-6.1875,-4.96875,-5.625,-4.6875,-3.46875,1.6875,-3.75,2.15625,4.3125,1.5,0.75,-2.8125
15,5.0,0.0,0.32983810504797156,13.609375,5.59375,-6.5625,-15.0,-7.328125,-3.5625,-13.546875,-24.5625,-20.8125,-12.34375,-19.40625,-18.375,-6.375,-9.5625,-18.1875,-12.5625,-22.875,-19.3125,-16.5,-9.0,-12.5625,-5.25,-2.625,-5.0625,-3.0,-9.5625,-6.9375,-15.75,-8.0625,-7.125,-16.3125,-19.875,-9.1875,-16.875,-17.4375,2.625,-3.375,-5.25,3.9375,-6.0,5.8125,-8.8125,-8.4375,-1.6875,-5.625,-8.4375,-9.1875,-13.875,-9.5625,-10.6875,-6.9375,-3.9375,-3.75,-4.875,1.6875,-0.75,-1.875,-1.6875,-5.625,-1.5
16,5.0,1.0,0.4022960472221003,16.5,16.59375,26.90625,27.12499999999997,14.578125,6.5625,13.546875,17.0,-0.1875,5.375,-5.390625,-2.8125,1.3125,-5.4375,-3.75,0.9375,-1.6875,-1.3125,13.5,2.8125,4.3125,4.125,11.4375,0.1875,2.8125,15.5625,-2.8125,-2.8125,-3.9375,-2.25,3.75,14.0625,10.125,25.875,27.75,15.0,10.5,15.1875,6.5625,7.875,8.4375,29.0625,25.3125,7.875,-2.0625,4.3125,3.0,1.5,-0.375,-0.5625,-2.4375,-3.0,7.125,-2.625,2.625,9.375,4.875,3.1875,0.0,0.75
17,5.0,2.0,0.2678658477299281,15.0546875,11.09375,10.171875,6.062499999999986,3.625,1.5,0.0,-3.78125,-10.5,-3.484375,-12.3984375,-10.59375,-2.53125,-7.5,-10.96875,-5.8125,-12.28125,-10.3125,-1.5,-3.09375,-4.125,-0.5625,4.40625,-2.4375,-0.09375,3.0,-4.875,-9.28125,-6.0,-4.6875,-6.28125,-2.90625,0.46875,4.5,5.15625,8.8125,3.5625,4.96875,5.25,0.9375,7.125,10.125,8.4375,3.09375,-3.84375,-2.0625,-3.09375,-6.1875,-4.96875,-5.625,-4.6875,-3.46875,1.6875,-3.75,2.15625,4.3125,1.5,0.75,-2.8125,-0.375
18,6.0,0.0,0.3662987421929947,-8.71875,-20.40625,-28.96875,-20.875,-16.328125,-23.625,-34.765625,-30.3125,-21.84375,-28.53125,-24.234375,-6.375,-9.5625,-18.1875,-12.5625,-22.875,-19.3125,-16.5,-9.0,-12.5625,-5.25,-2.625,-5.0625,-3.0,-9.5625,-6.9375,-15.75,-8.0625,-7.125,-16.3125,-19.875,-9.1875,-16.875,-17.4375,2.625,-3.375,-5.25,3.9375,-6.0,5.8125,-8.8125,-8.4375,-1.6875,-5.625,-8.4375,-9.1875,-13.875,-9.5625,-10.6875,-6.9375,-3.9375,-3.75,-4.875,1.6875,-0.75,-1.875,-1.6875,-5.625,-1.5,-6.75
19,6.0,1.0,0.3613850557821336,3.5625,14.09375,14.53125,3.562499999999972,-3.140625,5.0625,8.03125,-8.0,-1.546875,-12.562500000000028,-11.84375,1.3125,-5.4375,-3.75,0.9375,-1.6875,-1.3125,13.5,2.8125,4.3125,4.125,11.4375,0.1875,2.8125,15.5625,-2.8125,-2.8125,-3.9375,-2.25,3.75,14.0625,10.125,25.875,27.75,15.0,10.5,15.1875,6.5625,7.875,8.4375,29.0625,25.3125,7.875,-2.0625,4.3125,3.0,1.5,-0.375,-0.5625,-2.4375,-3.0,7.125,-2.625,2.625,9.375,4.875,3.1875,0.0,0.75,2.0625
20,6.0,2.0,0.2723162020248717,-2.578125,-3.15625,-7.21875,-8.656250000000014,-9.734375,-9.28125,-13.3671875,-19.15625,-11.6953125,-20.546875000000014,-18.0390625,-2.53125,-7.5,-10.96875,-5.8125,-12.28125,-10.3125,-1.5,-3.09375,-4.125,-0.5625,4.40625,-2.4375,-0.09375,3.0,-4.875,-9.28125,-6.0,-4.6875,-6.28125,-2.90625,0.46875,4.5,5.15625,8.8125,3.5625,4.96875,5.25,0.9375,7.125,10.125,8.4375,3.09375,-3.84375,-2.0625,-3.09375,-6.1875,-4.96875,-5.625,-4.6875,-3.46875,1.6875,-3.75,2.15625,4.3125,1.5,0.75,-2.8125,-0.375,-2.34375
21,7.0,0.0,0.3468716002316028,-13.328125,-24.125,-17.71875,-14.5,-21.21875,-34.59375,-31.546875,-25.1875,-33.609375,-31.09375000000003,-14.984375,-9.5625,-18.1875,-12.5625,-22.875,-19.3125,-16.5,-9.0,-12.5625,-5.25,-2.625,-5.0625,-3.0,-9.5625,-6.9375,-15.75,-8.0625,-7.125,-16.3125,-19.875,-9.1875,-16.875,-17.4375,2.625,-3.375,-5.25,3.9375,-6.0,5.8125,-8.8125,-8.4375,-1.6875,-5.625,-8.4375,-9.1875,-13.875,-9.5625,-10.6875,-6.9375,-3.9375,-3.75,-4.875,1.6875,-0.75,-1.875,-1.6875,-5.625,-1.5,-6.75,-0.5625
22,7.0,1.0,0.3627808427395183,9.703125,9.3125,-1.125,-7.562500000000028,0.8125,2.25,-13.671875,-7.375,-19.6875,-18.93750000000003,-5.890625,-5.4375,-3.75,0.9375,-1.6875,-1.3125,13.5,2.8125,4.3125,4.125,11.4375,0.1875,2.8125,15.5625,-2.8125,-2.8125,-3.9375,-2.25,3.75,14.0625,10.125,25.875,27.75,15.0,10.5,15.1875,6.5625,7.875,8.4375,29.0625,25.3125,7.875,-2.0625,4.3125,3.0,1.5,-0.375,-0.5625,-2.4375,-3.0,7.125,-2.625,2.625,9.375,4.875,3.1875,0.0,0.75,2.0625,3.5625
23,7.0,2.0,0.290347557028879,-1.8125,-7.40625,-9.421875,-11.031250000000014,-10.203125,-16.171875,-22.609375,-16.28125,-26.6484375,-25.01562500000003,-10.4375,-7.5,-10.96875,-5.8125,-12.28125,-10.3125,-1.5,-3.09375,-4.125,-0.5625,4.40625,-2.4375,-0.09375,3.0,-4.875,-9.28125,-6.0,-4.6875,-6.28125,-2.90625,0.46875,4.5,5.15625,8.8125,3.5625,4.96875,5.25,0.9375,7.125,10.125,8.4375,3.09375,-3.84375,-2.0625,-3.09375,-6.1875,-4.96875,-5.625,-4.6875,-3.46875,1.6875,-3.75,2.15625,4.3125,1.5,0.75,-2.8125,-0.375,-2.34375,1.5
24,8.0,0.0,0.3333333333333333,-13.390625,-9.03125,-7.5,-14.000000000000028,-29.96875,-28.6875,-24.796875,-35.3125,-23.015625,-20.93750000000003,-17.15625,-18.1875,-12.5625,-22.875,-19.3125,-16.5,-9.0,-12.5625,-5.25,-2.625,0.1875,2.8125,-9.5625,-6.9375,-2.8125,-8.0625,-2.25,-16.3125,-19.875,-9.1875,-16.875,-17.4375,2.625,-3.375,-5.25,3.9375,7.875,5.8125,-8.8125,-8.4375,-1.6875,-5.625,-8.4375,-9.1875,-13.875,-9.5625,-0.5625,-6.9375,-3.9375,-3.75,-2.625,1.6875,9.375,4.875,-1.6875,-5.625,0.75,2.0625,3.5625,-8.4375
25,8.0,1.0,0.3333333333333333,-13.390625,-9.03125,-7.5,-14.000000000000028,-29.96875,-28.6875,-24.796875,-35.3125,-23.015625,-20.93750000000003,-17.15625,-18.1875,-12.5625,-22.875,-19.3125,-16.5,-9.0,-12.5625,-5.25,-2.625,0.1875,2.8125,-9.5625,-6.9375,-2.8125,-8.0625,-2.25,-16.3125,-19.875,-9.1875,-16.875,-17.4375,2.625,-3.375,-5.25,3.9375,7.875,5.8125,-8.8125,-8.4375,-1.6875,-5.625,-8.4375,-9.1875,-13.875,-9.5625,-0.5625,-6.9375,-3.9375,-3.75,-2.625,1.6875,9.375,4.875,-1.6875,-5.625,0.75,2.0625,3.5625,-8.4375
26,8.0,2.0,0.3333333333333333,-13.390625,-9.03125,-7.5,-14.000000000000028,-29.96875,-28.6875,-24.796875,-35.3125,-23.015625,-20.93750000000003,-17.15625,-18.1875,-12.5625,-22.875,-19.3125,-16.5,-9.0,-12.5625,-5.25,-2.625,0.1875,2.8125,-9.5625,-6.9375,-2.8125,-8.0625,-2.25,-16.3125,-19.875,-9.1875,-16.875,-17.4375,2.625,-3.375,-5.25,3.9375,7.875,5.8125,-8.8125,-8.4375,-1.6875,-5.625,-8.4375,-9.1875,-13.875,-9.5625,-0.5625,-6.9375,-3.9375,-3.75,-2.625,1.6875,9.375,4.875,-1.6875,-5.625,0.75,2.0625,3.5625,-8.4375
27,9.0,0.0,0.33333333333333337,2.3125,2.15625,-4.125,-22.68750000000003,-23.171875,-21.75,-34.359375,-24.4375,-24.234375,-22.09375000000003,-24.09375,-12.5625,-22.875,-19.3125,-16.5,-9.0,-12.5625,-5.25,-2.625,0.1875,2.8125,-9.5625,-6.9375,-2.8125,-8.0625,-2.25,-16.3125,-19.875,-9.1875,-16.875,-17.4375,2.625,-3.375,-5.25,3.9375,7.875,5.8125,-8.8125,-8.4375,-1.6875,-5.625,-8.4375,-9.1875,-13.875,-9.5625,-0.5625,-6.9375,-3.9375,-3.75,-2.625,1.6875,9.375,4.875,-1.6875,-5.625,0.75,2.0625,3.5625,-8.4375,-6.9375
28,9.0,1.0,0.33333333333333337,2.3125,2.15625,-4.125,-22.68750000000003,-23.171875,-21.75,-34.359375,-24.4375,-24.234375,-22.09375000000003,-24.09375,-12.5625,-22.875,-19.3125,-16.5,-9.0,-12.5625,-5.25,-2.625,0.1875,2.8125,-9.5625,-6.9375,-2.8125,-8.0625,-2.25,-16.3125,-19.875,-9.1875,-16.875,-17.4375,2.625,-3.375,-5.25,3.9375,7.875,5.8125,-8.8125,-8.4375,-1.6875,-5.625,-8.4375,-9.1875,-13.875,-9.5625,-0.5625,-6.9375,-3.9375,-3.75,-2.625,1.6875,9.375,4.875,-1.6875,-5.625,0.75,2.0625,3.5625,-8.4375,-6.9375
29,9.0,2.0,0.33333333333333337,2.3125,2.15625,-4.125,-22.68750000000003,-23.171875,-21.75,-34.359375,-24.4375,-24.234375,-22.09375000000003,-24.09375,-12.5625,-22.875,-19.3125,-16.5,-9.0,-12.5625,-5.25,-2.625,0.1875,2.8125,-9.5625,-6.9375,-2.8125,-8.0625,-2.25,-16.3125,-19.875,-9.1875,-16.875,-17.4375,2.625,-3.375,-5.25,3.9375,7.875,5.8125,-8.8125,-8.4375,-1.6875,-5.625,-8.4375,-9.1875,-13.875,-9.5625,-0.5625,-6.9375,-3.9375,-3.75,-2.625,1.6875,9.375,4.875,-1.6875,-5.625,0.75,2.0625,3.5625,-8.4375,-6.9375
30,10.0,0.0,0.33333333333333337,-4.796875,-10.5,-28.734375,-25.56250000000003,-30.109375,-31.78125,-34.90625,-29.375,-32.390625,-25.65625,-20.921875,-9.0,-12.5625,-5.25,-2.625,0.1875,2.8125,-9.5625,-6.9375,-2.8125,-8.0625,-2.25,-16.3125,-19.875,-9.1875,-16.875,-17.4375,2.625,-3.375,-5.25,3.9375,7.875,5.8125,-8.8125,-8.4375,-1.6875,-5.625,-8.4375,-9.1875,-13.875,-9.5625,-0.5625,-6.9375,-3.9375,-3.75,-2.625,1.6875,9.375,4.875,-1.6875,-5.625,0.75,2.0625,3.5625,-8.4375,-6.9375,-3.0,-4.125,0.0,4.875
31,10.0,1.0,0.33333333333333337,-4.796875,-10.5,-28.734375,-25.56250000000003,-30.109375,-31.78125,-34.90625,-29.375,-32.390625,-25.65625,-20.921875,-9.0,-12.5625,-5.25,-2.625,0.1875,2.8125,-9.5625,-6.9375,-2.8125,-8.0625,-2.25,-16.3125,-19.875,-9.1875,-16.875,-17.4375,2.625,-3.375,-5.25,3.9375,7.875,5.8125,-8.8125,-8.4375,-1.6875,-5.625,-8.4375,-9.1875,-13.875,-9.5625,-0.5625,-6.9375,-3.9375,-3.75,-2.625,1.6875,9.375,4.875,-1.6875,-5.625,0.75,2.0625,3.5625,-8.4375,-6.9375,-3.0,-4.125,0.0,4.875
32,10.0,2.0,0.33333333333333337,-4.796875,-10.5,-28.734375,-25.56250000000003,-30.109375,-31.78125,-34.90625,-29.375,-32.390625,-25.65625,-20.921875,-9.0,-12.5625,-5.25,-2.625,0.1875,2.8125,-9.5625,-6.9375,-2.8125,-8.0625,-2.25,-16.3125,-19.875,-9.1875,-16.875,-17.4375,2.625,-3.375,-5.25,3.9375,7.875,5.8125,-8.8125,-8.4375,-1.6875,-5.625,-8.4375,-9.1875,-13.875,-9.5625,-0.5625,-6.9375,-3.9375,-3.75,-2.625,1.6875,9.375,4.875,-1.6875,-5.625,0.75,2.0625,3.5625,-8.4375,-6.9375,-3.0,-4.125,0.0,4.875
33,11.0,0.0,0.33333333333333337,-7.234375,-26.625,-24.890625,-30.37500000000003,-32.75,-35.90625,-31.625,-34.0,-27.65625,-24.5625,-13.125,-12.5625,-5.25,-2.625,0.1875,2.8125,-9.5625,-6.9375,-2.8125,-8.0625,-2.25,-16.3125,-19.875,-9.1875,-16.875,-17.4375,2.625,-3.375,-5.25,3.9375,7.875,5.8125,-8.8125,-8.4375,-1.6875,-5.625,-8.4375,-9.1875,-13.875,-9.5625,-0.5625,-6.9375,-3.9375,-3.75,-2.625,1.6875,9.375,4.875,-1.6875,-5.625,0.75,2.0625,3.5625,-8.4375,-6.9375,-3.0,-4.125,0.0,4.875,-2.8125
34,11.0,1.0,0.33333333333333337,-7.234375,-26.625,-24.890625,-30.37500000000003,-32.75,-35.90625,-31.625,-34.0,-27.65625,-24.5625,-13.125,-12.5625,-5.25,-2.625,0.1875,2.8125,-9.5625,-6.9375,-2.8125,-8.0625,-2.25,-16.3125,-19.875,-9.1875,-16.875,-17.4375,2.625,-3.375,-5.25,3.9375,7.875,5.8125,-8.8125,-8.4375,-1.6875,-5.625,-8.4375,-9.1875,-13.875,-9.5625,-0.5625,-6.9375,-3.9375,-3.75,-2.625,1.6875,9.375,4.875,-1.6875,-5.625,0.75,2.0625,3.5625,-8.4375,-6.9375,-3.0,-4.125,0.0,4.875,-2.8125
35,11.0,2.0,0.33333333333333337,-7.234375,-26.625,-24.890625,-30.37500000000003,-32.75,-35.90625,-31.625,-34.0,-27.65625,-24.5625,-13.125,-12.5625,-5.25,-2.625,0.1875,2.8125,-9.5625,-6.9375,-2.8125,-8.0625,-2.25,-16.3125,-19.875,-9.1875,-16.875,-17.4375,2.625,-3.375,-5.25,3.9375,7.875,5.8125,-8.8125,-8.4375,-1.6875,-5.625,-8.4375,-9.1875,-13.875,-9.5625,-0.5625,-6.9375,-3.9375,-3.75,-2.625,1.6875,9.375,4.875,-1.6875,-5.625,0.75,2.0625,3.5625,-8.4375,-6.9375,-3.0,-4.125,0.0,4.875,-2.8125
36,12.0,0.0,0.3333333333333333,-20.8125,-20.78125,-27.46875,-30.81250000000003,-34.265625,-31.5,-33.5,-27.8125,-26.625,-15.9375,-15.796875,-5.25,-2.625,0.1875,2.8125,-9.5625,-6.9375,-2.8125,-8.0625,-2.25,-16.3125,-19.875,-9.1875,-16.875,-17.4375,2.625,-3.375,-5.25,3.9375,7.875,5.8125,-8.8125,-8.4375,-1.6875,-5.625,-8.4375,-9.1875,-13.875,-9.5625,-0.5625,-6.9375,-3.9375,-3.75,-2.625,1.6875,9.375,4.875,-1.6875,-5.625,0.75,2.0625,3.5625,-8.4375,-6.9375,-3.0,-4.125,0.0,4.875,-2.8125,12.375
37,12.0,1.0,0.3333333333333333,-20.8125,-20.78125,-27.46875,-30.81250000000003,-34.265625,-31.5,-33.5,-27.8125,-26.625,-15.9375,-15.796875,-5.25,-2.625,0.1875,2.8125,-9.5625,-6.9375,-2.8125,-8.0625,-2.25,-16.3125,-19.875,-9.1875,-16.875,-17.4375,2.625,-3.375,-5.25,3.9375,7.875,5.8125,-8.8125,-8.4375,-1.6875,-5.625,-8.4375,-9.1875,-13.875,-9.5625,-0.5625,-6.9375,-3.9375,-3.75,-2.625,1.6875,9.375,4.875,-1.6875,-5.625,0.75,2.0625,3.5625,-8.4375,-6.9375,-3.0,-4.125,0.0,4.875,-2.8125,12.375
38,12.0,2.0,0.3333333333333333,-20.8125,-20.78125,-27.46875,-30.81250000000003,-34.265625,-31.5,-33.5,-27.8125,-26.625,-15.9375,-15.796875,-5.25,-2.625,0.1875,2.8125,-9.5625,-6.9375,-2.8125,-8.0625,-2.25,-16.3125,-19.875,-9.1875,-16.875,-17.4375,2.625,-3.375,-5.25,3.9375,7.875,5.8125,-8.8125,-8.4375,-1.6875,-5.625,-8.4375,-9.1875,-13.875,-9.5625,-0.5625,-6.9375,-3.9375,-3.75,-2.625,1.6875,9.375,4.875,-1.6875,-5.625,0.75,2.0625,3.5625,-8.4375,-6.9375,-3.0,-4.125,0.0,4.875,-2.8125,12.375
39,13.0,0.0,0.29996260910170386,-19.75,-11.84375,-19.359375,-22.1875,-22.078125,-24.84375,-20.953125,-22.8125,-14.015625,-15.4375,-7.40625,-2.625,-5.0625,-3.0,-9.5625,-6.9375,-15.75,-8.0625,-7.125,-16.3125,-19.875,-9.1875,-16.875,-17.4375,2.625,-3.375,-5.25,3.9375,-6.0,5.8125,-8.8125,-8.4375,-1.6875,-5.625,-8.4375,-9.1875,-13.875,-9.5625,-10.6875,-6.9375,-3.9375,-3.75,-4.875,1.6875,-0.75,-1.875,-1.6875,-5.625,-1.5,-6.75,-0.5625,-8.4375,-6.9375,-3.0,-4.125,-6.75,-5.0625,-2.8125,-9.375,-1.5
40,13.0,1.0,0.411334683893533,-2.8125,-8.375,-17.296875,-19.0,-15.140625,-14.4375,-10.453125,2.125,-4.125,-0.4375,1.640625,11.4375,0.1875,2.8125,15.5625,-2.8125,-2.8125,-3.9375,-2.25,3.75,14.0625,10.125,25.875,27.75,15.0,10.5,15.1875,6.5625,7.875,8.4375,29.0625,25.3125,7.875,-2.0625,4.3125,3.0,1.5,-0.375,-0.5625,-2.4375,-3.0,7.125,-2.625,2.625,9.375,4.875,3.1875,0.0,0.75,2.0625,3.5625,-1.125,-1.3125,0.0,-3.1875,0.0,4.875,4.6875,12.375,5.25
41,13.0,2.0,0.28870270700476314,-11.28125,-10.109375,-18.328125,-20.59375,-18.609375,-19.640625,-15.703125,-10.34375,-9.0703125,-7.9375,-2.8828125,4.40625,-2.4375,-0.09375,3.0,-4.875,-9.28125,-6.0,-4.6875,-6.28125,-2.90625,0.46875,4.5,5.15625,8.8125,3.5625,4.96875,5.25,0.9375,7.125,10.125,8.4375,3.09375,-3.84375,-2.0625,-3.09375,-6.1875,-4.96875,-5.625,-4.6875,-3.46875,1.6875,-3.75,2.15625,4.3125,1.5,0.75,-2.8125,-0.375,-2.34375,1.5,-4.78125,-4.125,-1.5,-3.65625,-3.375,-0.09375,0.9375,1.5,1.875
42,14.0,0.0,0.3334363490872163,-9.8125,-15.8125,-20.578125,-21.5625,-23.53125,-19.875,-23.21875,-14.75,-16.171875,-9.09375,-5.0625,-5.0625,-3.0,-9.5625,-6.9375,-15.75,-8.0625,-7.125,-16.3125,-19.875,-9.1875,-16.875,-17.4375,2.625,-3.375,-5.25,3.9375,-6.0,5.8125,-8.8125,-8.4375,-1.6875,-5.625,-8.4375,-9.1875,-13.875,-9.5625,-10.6875,-6.9375,-3.9375,-3.75,-4.875,1.6875,-0.75,-1.875,-1.6875,-5.625,-1.5,-6.75,-0.5625,-8.4375,-6.9375,-3.0,-4.125,-6.75,-5.0625,-2.8125,-9.375,-1.5,-0.9375
43,14.0,1.0,0.39869348014904793,8.875,-4.34375,-6.0,-4.1875,-4.96875,-2.34375,7.5625,0.1875,2.15625,2.46875,10.3125,0.1875,2.8125,15.5625,-2.8125,-2.8125,-3.9375,-2.25,3.75,14.0625,10.125,25.875,27.75,15.0,10.5,15.1875,6.5625,7.875,8.4375,29.0625,25.3125,7.875,-2.0625,4.3125,3.0,1.5,-0.375,-0.5625,-2.4375,-3.0,7.125,-2.625,2.625,9.375,4.875,3.1875,0.0,0.75,2.0625,3.5625,-1.125,-1.3125,0.0,-3.1875,0.0,4.875,4.6875,12.375,5.25,10.5
44,14.0,2.0,0.26787017076373576,-0.46875,-10.078125,-13.2890625,-12.875,-14.25,-11.109375,-7.828125,-7.28125,-7.0078125,-3.3125,2.625,-2.4375,-0.09375,3.0,-4.875,-9.28125,-6.0,-4.6875,-6.28125,-2.90625,0.46875,4.5,5.15625,8.8125,3.5625,4.96875,5.25,0.9375,7.125,10.125,8.4375,3.09375,-3.84375,-2.0625,-3.09375,-6.1875,-4.96875,-5.625,-4.6875,-3.46875,1.6875,-3.75,2.15625,4.3125,1.5,0.75,-2.8125,-0.375,-2.34375,1.5,-4.78125,-4.125,-1.5,-3.65625,-3.375,-0.09375,0.9375,1.5,1.875,4.78125
45,15.0,0.0,0.2878775354396247,-13.0,-14.21875,-15.09375,-16.875,-14.0625,-19.5,-11.96875,-14.0,-8.484375,-5.8125,-6.140625,-3.0,-9.5625,-6.9375,-15.75,-8.0625,-7.125,-16.3125,-19.875,-9.1875,-16.875,-17.4375,2.625,-3.375,-5.25,3.9375,-6.0,5.8125,-8.8125,-8.4375,-1.6875,-5.625,-8.4375,-9.1875,-13.875,-9.5625,-10.6875,-6.9375,-3.9375,-3.75,-4.875,1.6875,-0.75,-1.875,-1.6875,-5.625,-1.5,-6.75,-0.5625,-8.4375,-6.9375,-3.0,-4.125,-6.75,-5.0625,-2.8125,-9.375,-1.5,-0.9375,-0.5625
46,15.0,1.0,0.4382399113564942,-7.15625,-12.40625,-12.0,-11.8125,-8.09375,1.59375,-4.453125,-1.75,-0.75,7.59375,-0.796875,2.8125,15.5625,-2.8125,-2.8125,-3.9375,-2.25,3.75,14.0625,10.125,25.875,27.75,15.0,10.5,15.1875,6.5625,7.875,8.4375,29.0625,25.3125,7.875,-2.0625,4.3125,3.0,1.5,-0.375,-0.5625,-2.4375,-3.0,7.125,-2.625,2.625,9.375,4.875,3.1875,0.0,0.75,2.0625,3.5625,-1.125,-1.3125,0.0,-3.1875,0.0,4.875,4.6875,12.375,5.25,10.5,6.0
47,15.0,2.0,0.2738825532038811,-10.078125,-13.3125,-13.546875,-14.34375,-11.078125,-8.953125,-8.2109375,-7.875,-4.6171875,0.890625,-3.46875,-0.09375,3.0,-4.875,-9.28125,-6.0,-4.6875,-6.28125,-2.90625,0.46875,4.5,5.15625,8.8125,3.5625,4.96875,5.25,0.9375,7.125,10.125,8.4375,3.09375,-3.84375,-2.0625,-3.09375,-6.1875,-4.96875,-5.625,-4.6875,-3.46875,1.6875,-3.75,2.15625,4.3125,1.5,0.75,-2.8125,-0.375,-2.34375,1.5,-4.78125,-4.125,-1.5,-3.65625,-3.375,-0.09375,0.9375,1.5,1.875,4.78125,2.71875
48,16.0,0.0,0.30383573952256726,-5.46875,-9.59375,-10.921875,-8.6875,-15.953125,-9.09375,-11.46875,-7.25,-5.671875,-4.9375,-2.921875,-9.5625,-6.9375,-15.75,-8.0625,-7.125,-16.3125,-19.875,-9.1875,-16.875,-17.4375,2.625,-3.375,-5.25,3.9375,-6.0,5.8125,-8.8125,-8.4375,-1.6875,-5.625,-8.4375,-9.1875,-13.875,-9.5625,-10.6875,-6.9375,-3.9375,-3.75,-4.875,1.6875,-0.75,-1.875,-1.6875,-5.625,-1.5,-6.75,-0.5625,-8.4375,-6.9375,-3.0,-4.125,-6.75,-5.0625,-2.8125,-9.375,-1.5,-0.9375,-0.5625,1.6875
49,16.0,1.0,0.4468872666506553,-2.71875,-2.03125,-2.8125,0.0625,7.59375,0.9375,2.4375,2.1875,9.09375,-0.625,2.203125,15.5625,-2.8125,-2.8125,-3.9375,-2.25,3.75,14.0625,10.125,25.875,27.75,15.0,10.5,15.1875,6.5625,7.875,8.4375,29.0625,25.3125,7.875,-2.0625,4.3125,3.0,1.5,-0.375,-0.5625,-2.4375,-3.0,7.125,-2.625,2.625,9.375,4.875,3.1875,0.0,0.75,2.0625,3.5625,-1.125,-1.3125,0.0,-3.1875,0.0,4.875,4.6875,12.375,5.25,10.5,6.0,3.1875
50,16.0,2.0,0.24927699382677743,-4.09375,-5.8125,-6.8671875,-4.3125,-4.1796875,-4.078125,-4.515625,-2.53125,1.7109375,-2.78125,-0.359375,3.0,-4.875,-9.28125,-6.0,-4.6875,-6.28125,-2.90625,0.46875,4.5,5.15625,8.8125,3.5625,4.96875,5.25,0.9375,7.125,10.125,8.4375,3.09375,-3.84375,-2.0625,-3.09375,-6.1875,-4.96875,-5.625,-4.6875,-3.46875,1.6875,-3.75,2.15625,4.3125,1.5,0.75,-2.8125,-0.375,-2.34375,1.5,-4.78125,-4.125,-1.5,-3.65625,-3.375,-0.09375,0.9375,1.5,1.875,4.78125,2.71875,2.4375
51,17.0,0.0,0.3048223824566743,-5.34375,-6.0,-4.125,-13.0,-6.59375,-9.09375,-5.953125,-5.25,-4.21875,-2.40625,-9.609375,-6.9375,-15.75,-8.0625,-7.125,-16.3125,-19.875,-9.1875,-16.875,-17.4375,2.625,-3.375,-5.25,3.9375,-6.0,5.8125,-8.8125,-8.4375,-1.6875,-5.625,-8.4375,-9.1875,-13.875,-9.5625,-10.6875,-6.9375,-3.9375,-3.75,-4.875,1.6875,-0.75,-1.875,-1.6875,-5.625,-1.5,-6.75,-0.5625,-8.4375,-6.9375,-3.0,-4.125,-6.75,-5.0625,-2.8125,-9.375,-1.5,-0.9375,-0.5625,1.6875,-1.875
52,17.0,1.0,0.45200119360085755,0.078125,-0.75,2.203125,8.5,2.15625,3.375,2.796875,9.1875,0.046875,2.3125,15.03125,-2.8125,-2.8125,-3.9375,-2.25,3.75,14.0625,10.125,25.875,27.75,15.0,10.5,15.1875,6.5625,7.875,8.4375,29.0625,25.3125,7.875,-2.0625,4.3125,3.0,1.5,-0.375,-0.5625,-2.4375,-3.0,7.125,-2.625,2.625,9.375,4.875,3.1875,0.0,0.75,2.0625,3.5625,-1.125,-1.3125,0.0,-3.1875,0.0,4.875,4.6875,12.375,5.25,10.5,6.0,3.1875,0.5625
53,17.0,2.0,0.24317642394246808,-2.6328125,-3.375,-0.9609375,-2.25,-2.21875,-2.859375,-1.578125,1.96875,-2.0859375,-0.046875,2.7109375,-4.875,-9.28125,-6.0,-4.6875,-6.28125,-2.90625,0.46875,4.5,5.15625,8.8125,3.5625,4.96875,5.25,0.9375,7.125,10.125,8.4375,3.09375,-3.84375,-2.0625,-3.09375,-6.1875,-4.96875,-5.625,-4.6875,-3.46875,1.6875,-3.75,2.15625,4.3125,1.5,0.75,-2.8125,-0.375,-2.34375,1.5,-4.78125,-4.125,-1.5,-3.65625,-3.375,-0.09375,0.9375,1.5,1.875,4.78125,2.71875,2.4375,-0.65625
54,18.0,0.0,0.30942272861966413,-0.65625,1.46875,-9.046875,-3.125,-5.78125,-3.75,-3.953125,-3.9375,-2.109375,-8.875,-6.578125,-15.75,-8.0625,-7.125,-16.3125,-19.875,-9.1875,-16.875,-17.4375,2.625,-3.375,-5.25,3.9375,-6.0,5.8125,-8.8125,-8.4375,-1.6875,-5.625,-8.4375,-9.1875,-13.875,-9.5625,-10.6875,-6.9375,-3.9375,-3.75,-4.875,1.6875,-0.75,-1.875,-1.6875,-5.625,-1.5,-6.75,-0.5625,-8.4375,-6.9375,-3.0,-4.125,-6.75,-5.0625,-2.8125,-9.375,-1.5,-0.9375,-0.5625,1.6875,-1.875,-9.5625
55,18.0,1.0,0.4488353663274983,-0.015625,2.59375,7.875,2.0625,3.21875,2.53125,8.625,1.5625,3.234375,14.5,-3.109375,-2.8125,-3.9375,-2.25,3.75,14.0625,10.125,25.875,27.75,15.0,10.5,15.1875,6.5625,7.875,8.4375,29.0625,25.3125,7.875,-2.0625,4.3125,3.0,1.5,-0.375,-0.5625,-2.4375,-3.0,7.125,-2.625,2.625,9.375,4.875,3.1875,0.0,0.75,2.0625,3.5625,-1.125,-1.3125,0.0,-3.1875,0.0,4.875,4.6875,12.375,5.25,10.5,6.0,3.1875,0.5625,2.0625
56,18.0,2.0,0.2417419050528375,-0.3359375,2.03125,-0.5859375,-0.53125,-1.28125,-0.609375,2.3359375,-1.1875,0.5625,2.8125,-4.84375,-9.28125,-6.0,-4.6875,-6.28125,-2.90625,0.46875,4.5,5.15625,8.8125,3.5625,4.96875,5.25,0.9375,7.125,10.125,8.4375,3.09375,-3.84375,-2.0625,-3.09375,-6.1875,-4.96875,-5.625,-4.6875,-3.46875,1.6875,-3.75,2.15625,4.3125,1.5,0.75,-2.8125,-0.375,-2.34375,1.5,-4.78125,-4.125,-1.5,-3.65625,-3.375,-0.09375,0.9375,1.5,1.875,4.78125,2.71875,2.4375,-0.65625,-3.75
57,19.0,0.0,0.37175865254224827,1.65625,-9.9375,-7.265625,-18.4375,-23.71875,-36.84375,-29.421875,-23.375,-22.828125,-20.90625,-21.15625,-8.0625,-12.375,-16.3125,-19.875,-20.8125,-16.875,-17.4375,-6.9375,-7.3125,-8.8125,-10.3125,-6.0,-1.125,-13.3125,-8.4375,-6.75,-8.25,-12.0,-21.5625,-18.1875,-9.5625,-13.6875,-10.3125,-9.9375,-6.0,-15.1875,-13.6875,-10.6875,-11.625,-9.375,-19.125,-16.3125,-26.8125,-21.75,-16.6875,-19.6875,-28.875,-12.1875,-10.875,-16.3125,-9.75,-11.625,-15.5625,-12.0,-15.5625,-15.5625,-22.3125,-20.4375,-16.125
58,19.0,1.0,0.40092790077056134,17.359375,7.71875,3.609375,12.75,2.59375,8.34375,1.046875,2.6875,14.109375,-3.3125,3.78125,-0.1875,0.1875,3.75,14.0625,10.125,25.875,27.75,15.0,10.5,15.1875,6.5625,7.875,8.4375,29.0625,25.3125,7.875,-2.0625,4.3125,3.0,1.5,-0.375,-0.5625,-2.4375,-3.0,7.125,-2.625,2.625,9.375,4.875,3.1875,0.0,0.75,2.0625,3.5625,-1.125,-1.3125,0.0,-3.0,0.0,4.875,4.6875,12.375,5.25,10.5,6.0,3.1875,0.5625,2.0625,4.5
59,19.0,2.0,0.22731344668719045,7.7734375,-0.015625,-1.30078125,-2.109375,-6.13671875,-6.84375,-14.8671875,-7.953125,-9.7734375,-8.6796875,-8.7890625,-3.796875,-5.390625,-6.75,-4.5,-6.234375,-2.671875,3.9375,1.078125,-0.75,0.9375,0.609375,1.265625,3.28125,2.90625,2.71875,-0.796875,-5.953125,-6.09375,-8.0625,-9.234375,-7.078125,-8.203125,-6.421875,-6.1875,-1.453125,-7.453125,-4.875,-2.4375,-3.65625,-3.234375,-8.390625,-7.359375,-10.265625,-9.0,-9.796875,-10.828125,-9.1875,-5.625,-6.09375,-6.515625,-2.765625,-4.265625,-6.796875,-2.578125,-2.015625,-2.0625,-7.6875,-9.1875,-2.859375
60,20.0,0.0,0.3656044245120154,-12.546875,-9.0625,-8.0625,-10.1875,-7.765625,-37.875,-17.3125,-27.0,-25.21875,-24.21875,-8.34375,-7.125,-16.3125,-19.875,-9.1875,-16.875,-17.4375,-6.9375,-7.3125,-8.8125,-10.3125,-6.0,-1.125,-13.3125,-8.4375,-6.75,-8.25,-8.4375,-9.1875,-13.875,-9.5625,-10.6875,-6.9375,-9.9375,-3.75,-7.125,-10.125,-7.6875,-6.0,-5.0625,-19.125,-16.3125,-9.5625,-17.25,-12.9375,-15.375,-28.875,-12.1875,-10.875,-9.5625,-3.1875,-11.625,-15.375,-12.0,-15.5625,-15.5625,-22.3125,-20.4375,-16.125,-19.3125
61,20.0,1.0,0.4095163399478771,3.53125,-0.9375,0.375,-0.25,5.53125,-0.5625,1.171875,12.3125,-4.546875,-2.53125,-2.703125,0.1875,3.75,14.0625,10.125,25.875,27.75,15.0,10.5,15.1875,6.5625,7.875,8.4375,29.0625,25.3125,7.875,-2.0625,4.3125,3.0,1.5,-0.375,-0.5625,-2.4375,-3.0,7.125,-2.625,2.625,9.375,4.875,3.1875,0.0,0.75,2.0625,3.5625,-1.125,-1.3125,0.0,-3.1875,0.0,4.875,4.6875,12.375,5.25,10.5,6.0,3.1875,0.5625,2.0625,4.5,5.0625
62,20.0,2.0,0.22487923554010744,-6.848958333333333,-5.447916666666667,-2.578125,-5.8125,-2.0833333333333335,-14.5,-6.354166666666667,-8.25,-12.34375,-14.15625,-5.276041666666667,-3.0625,-7.6875,-4.0,-1.375,-0.1875,5.5625,3.5625,-0.0625,0.375,0.0625,1.8125,4.375,2.3125,4.0,-0.1875,-5.3125,-4.125,-3.5625,-6.25,-6.3125,-6.375,-5.125,-5.625,0.0625,-4.875,-1.9375,0.3125,-1.0,-1.1875,-8.25,-5.6875,-4.75,-4.75,-7.5,-7.875,-10.625,-6.5,-5.875,-3.25,-0.4375,-2.875,-3.875,-0.8125,-3.375,-3.5625,-7.875,-9.3125,-3.5,-5.0
63,21.0,0.0,0.39798471541990976,-7.9375,-16.34375,-21.703125,-33.0625,-31.984375,-26.90625,-36.9375,-34.0,-22.6875,-6.59375,-12.78125,-16.3125,-19.875,-20.8125,-16.875,-17.4375,-6.9375,-7.3125,-8.8125,-10.3125,-7.125,-10.125,-13.3125,-8.4375,-6.75,-8.25,-13.125,-21.5625,-18.1875,-9.5625,-13.6875,-10.3125,-9.9375,-7.6875,-15.1875,-13.6875,-10.6875,-11.625,-9.375,-19.125,-16.3125,-26.8125,-21.75,-16.6875,-19.6875,-28.875,-12.1875,-10.875,-16.3125,-9.75,-11.625,-15.5625,-12.0,-15.5625,-15.5625,-22.3125,-20.4375,-16.125,-19.3125,-15.0
64,21.0,1.0,0.39138014929684917,5.09375,8.8125,1.921875,2.9375,6.421875,6.9375,10.40625,-3.3125,1.078125,-1.53125,-1.5625,3.75,14.0625,10.125,25.875,27.75,15.0,10.5,15.1875,6.5625,7.875,8.4375,29.0625,25.3125,7.875,-2.0625,4.3125,3.0,4.3125,1.3125,6.9375,12.75,-3.0,7.125,-2.625,2.625,9.375,4.875,3.1875,0.0,0.75,2.0625,3.5625,-0.1875,3.75,1.125,-0.1875,0.0,4.875,4.6875,12.375,5.25,10.5,6.0,3.1875,0.5625,2.0625,4.5,5.0625,3.9375
65,21.0,2.0,0.21063513528324102,-1.48125,-3.4,-9.215625,-10.7125,-16.3375,-11.8125,-15.075,-14.1,-8.371875,-4.2375,-7.09375,-7.725,-5.7375,-8.925,-4.575,-0.15,0.3375,-0.825,0.1875,-0.675,-0.4125,0.6,0.6,1.4625,-1.8375,-6.0,-7.5,-8.4,-6.525,-5.4,-5.175,-2.5875,-5.7,-2.7,-7.575,-5.5875,-3.2625,-3.3375,-2.925,-7.4625,-8.175,-8.55,-6.7125,-7.875,-7.9125,-7.125,-4.5375,-5.5125,-6.5625,-2.775,-4.6875,-5.775,-1.3875,-1.9125,-4.275,-8.8875,-9.675,-5.1,-4.3875,-4.425
66,22.0,0.0,0.388282704977811,-7.71875,-16.5,-24.984375,-34.5625,-23.734375,-34.5,-32.6875,-24.3125,-7.453125,-12.25,-15.40625,-19.875,-20.8125,-16.875,-17.4375,-6.9375,-7.3125,-8.8125,-10.3125,-7.125,-10.125,-13.3125,-8.4375,-6.75,-8.25,-13.125,-21.5625,-18.1875,-9.5625,-13.6875,-10.3125,-9.9375,-7.6875,-15.1875,-13.6875,-10.6875,-11.625,-9.375,-19.125,-16.3125,-26.8125,-21.75,-16.6875,-19.6875,-28.875,-12.1875,-10.875,-16.3125,-9.75,-11.625,-15.5625,-12.0,-15.5625,-15.5625,-22.3125,-20.4375,-16.125,-19.3125,-15.0,-11.8125
67,22.0,1.0,0.405721678099772,5.21875,0.0625,5.109375,3.0625,3.90625,11.53125,-1.65625,2.4375,-2.296875,-1.9375,3.0625,14.0625,10.125,25.875,27.75,15.0,10.5,15.1875,6.5625,7.875,8.4375,29.0625,25.3125,7.875,-2.0625,4.3125,3.0,4.3125,1.3125,6.9375,12.75,-3.0,7.125,-2.625,2.625,9.375,4.875,3.1875,0.0,0.75,2.0625,3.5625,-0.1875,3.75,1.125,-0.1875,0.0,4.875,4.6875,12.375,5.25,10.5,6.0,3.1875,0.5625,2.0625,4.5,5.0625,3.9375,1.5
68,22.0,2.0,0.205995616922417,-1.90625,-7.73125,-9.346875,-14.75,-10.8,-14.175,-13.734375,-8.525,-4.6875,-7.625,-8.271875,-5.7375,-8.925,-4.575,-0.15,0.3375,-0.825,0.1875,-0.675,-0.4125,0.6,0.6,1.4625,-1.8375,-6.0,-7.5,-8.4,-6.525,-5.4,-5.175,-2.5875,-5.7,-2.7,-7.575,-5.5875,-3.2625,-3.3375,-2.925,-7.4625,-8.175,-8.55,-6.7125,-7.875,-7.9125,-7.125,-4.5375,-5.5125,-6.5625,-2.775,-4.6875,-5.775,-1.3875,-1.9125,-4.275,-8.8875,-9.675,-5.1,-4.3875,-4.425,-3.975
69,23.0,0.0,0.42665157267662557,-10.71875,-17.4375,-38.484375,-20.5625,-30.359375,-29.90625,-26.90625,-21.6875,-36.5625,-14.40625,-20.265625,-33.9375,-20.4375,-17.4375,-8.4375,-7.3125,-8.8125,-10.3125,-7.125,-18.1875,-28.125,-13.6875,-16.125,-13.5,-15.9375,-21.5625,-18.1875,-17.4375,-23.625,-10.3125,-14.25,-7.875,-15.1875,-30.9375,-10.6875,-12.9375,-9.375,-19.125,-21.75,-26.8125,-21.75,-36.5625,-28.6875,-34.875,-29.25,-32.25,-23.25,-10.5,-11.625,-15.5625,-21.1875,-18.75,-15.5625,-22.3125,-26.625,-24.9375,-19.3125,-17.625,-18.0,-19.125
70,23.0,1.0,0.3893318615986736,8.75,5.65625,3.984375,7.1875,10.421875,12.28125,23.125,-0.25,7.6875,2.25,11.65625,17.625,26.25,27.75,15.0,10.5,15.1875,6.5625,7.875,8.4375,29.0625,25.3125,7.875,-0.9375,6.0,3.0,4.3125,1.3125,6.9375,12.75,-3.0,7.125,-2.625,2.625,9.375,4.875,3.1875,0.0,5.0625,2.4375,3.5625,-0.1875,3.75,1.125,-0.1875,0.0,4.875,4.6875,12.375,5.25,10.5,6.0,3.1875,0.5625,2.0625,4.5,5.0625,3.9375,1.5,-3.1875
71,23.0,2.0,0.18401656572470082,-1.8370535714285714,-3.9419642857142856,-8.752232142857142,-6.830357142857143,-9.917410714285714,-9.0,-4.225446428571429,-6.723214285714286,-9.816964285714286,-6.700892857142857,-7.078125,-8.705357142857142,-2.4375,-0.13392857142857142,-1.2321428571428572,-1.4464285714285714,-0.7232142857142857,-0.8839285714285714,-0.5892857142857143,-2.6517857142857144,-3.5892857142857144,0.1875,-2.544642857142857,-6.348214285714286,-6.776785714285714,-7.660714285714286,-7.258928571428571,-8.491071428571429,-9.348214285714286,-3.9375,-7.285714285714286,-4.151785714285714,-7.821428571428571,-8.919642857142858,-4.928571428571429,-5.196428571428571,-3.5625,-8.544642857142858,-8.223214285714286,-9.508928571428571,-10.125,-14.008928571428571,-11.410714285714286,-13.419642857142858,-10.366071428571429,-11.973214285714286,-10.205357142857142,-4.473214285714286,-5.8125,-6.080357142857143,-4.258928571428571,-4.714285714285714,-6.455357142857143,-10.794642857142858,-13.446428571428571,-9.9375,-7.178571428571429,-7.901785714285714,-6.428571428571429,-8.330357142857142
72,24.0,0.0,0.42186872479563164,-10.296875,-29.5,-13.875,-24.6875,-25.71875,-22.03125,-23.8125,-37.0625,-13.3125,-20.4375,-32.5625,-20.4375,-17.4375,-8.4375,-7.3125,-8.8125,-10.3125,-7.125,-18.1875,-28.125,-13.6875,-16.125,-13.5,-15.9375,-21.5625,-18.1875,-17.4375,-23.625,-10.3125,-14.25,-7.875,-15.1875,-30.9375,-10.6875,-12.9375,-9.375,-19.125,-21.75,-26.8125,-21.75,-36.5625,-28.6875,-34.875,-29.25,-32.25,-23.25,-10.5,-11.625,-15.5625,-21.1875,-18.75,-15.5625,-22.3125,-26.625,-24.9375,-19.3125,-17.625,-18.0,-19.125,-12.5625
73,24.0,1.0,0.3883774338708773,4.390625,5.5,5.765625,10.6875,4.9375,16.40625,2.234375,2.25,1.875,9.5,14.6875,26.25,27.75,15.0,10.5,15.1875,6.5625,7.875,8.4375,29.0625,25.3125,7.875,-0.9375,6.0,3.0,4.3125,1.3125,6.9375,12.75,-3.0,7.125,-2.625,2.625,9.375,4.875,3.1875,0.0,5.0625,2.4375,3.5625,-0.1875,3.75,1.125,-0.1875,0.0,4.875,4.6875,12.375,5.25,10.5,6.0,3.1875,0.5625,2.0625,4.5,5.0625,3.9375,1.5,-3.1875,2.0625
74,24.0,2.0,0.18975384133349116,-2.2611607142857144,-7.022321428571429,-5.772321428571429,-8.875,-8.397321428571429,-4.084821428571429,-6.785714285714286,-9.883928571428571,-6.783482142857143,-8.084821428571429,-9.698660714285714,-2.4375,-0.13392857142857142,-1.2321428571428572,-1.4464285714285714,-0.7232142857142857,-0.8839285714285714,-0.5892857142857143,-2.6517857142857144,-3.5892857142857144,0.1875,-2.544642857142857,-6.348214285714286,-6.776785714285714,-7.660714285714286,-7.258928571428571,-8.491071428571429,-9.348214285714286,-3.9375,-7.285714285714286,-4.151785714285714,-7.821428571428571,-8.919642857142858,-4.928571428571429,-5.196428571428571,-3.5625,-8.544642857142858,-8.223214285714286,-9.508928571428571,-10.125,-14.008928571428571,-11.410714285714286,-13.419642857142858,-10.366071428571429,-11.973214285714286,-10.205357142857142,-4.473214285714286,-5.8125,-6.080357142857143,-4.258928571428571,-4.714285714285714,-6.455357142857143,-10.794642857142858,-13.446428571428571,-9.9375,-7.178571428571429,-7.901785714285714,-6.428571428571429,-8.330357142857142,-8.303571428571429
75,25.0,0.0,0.4182451208914377,-32.234375,-16.53125,-23.578125,-23.625,-23.875,-23.0625,-35.453125,-15.1875,-19.828125,-31.375,-19.65625,-17.4375,-8.4375,-7.3125,-8.8125,-10.3125,-7.125,-18.1875,-28.125,-13.6875,-16.125,-13.5,-15.9375,-21.5625,-18.1875,-17.4375,-23.625,-10.3125,-14.25,-7.875,-15.1875,-30.9375,-10.6875,-12.9375,-9.375,-19.125,-21.75,-26.8125,-21.75,-36.5625,-28.6875,-34.875,-29.25,-32.25,-23.25,-10.5,-11.625,-15.5625,-21.1875,-18.75,-15.5625,-22.3125,-26.625,-24.9375,-19.3125,-17.625,-18.0,-19.125,-12.5625,-13.6875
76,25.0,1.0,0.39100410451676215,9.296875,9.0625,7.265625,10.624999999999986,16.53125,6.65625,1.40625,0.0,6.28125,12.96875,23.609375,27.75,15.0,10.5,15.1875,6.5625,7.875,8.4375,29.0625,25.3125,7.875,-0.9375,6.0,3.0,4.3125,1.3125,6.9375,12.75,-3.0,7.125,-2.625,2.625,9.375,4.875,3.1875,0.0,5.0625,2.4375,3.5625,-0.1875,3.75,1.125,-0.1875,0.0,4.875,4.6875,12.375,5.25,10.5,6.0,3.1875,0.5625,2.0625,4.5,5.0625,3.9375,1.5,-3.1875,2.0625,-2.625
77,25.0,2.0,0.1907507745918001,-4.745535714285714,-4.200892857142857,-7.352678571428571,-7.348214285714287,-3.53125,-6.46875,-9.604910714285714,-6.553571428571429,-8.8125,-10.446428571428571,-3.5736607142857144,-0.13392857142857142,-1.2321428571428572,-1.4464285714285714,-0.7232142857142857,-0.8839285714285714,-0.5892857142857143,-2.6517857142857144,-3.5892857142857144,0.1875,-2.544642857142857,-6.348214285714286,-6.776785714285714,-7.660714285714286,-7.258928571428571,-8.491071428571429,-9.348214285714286,-3.9375,-7.285714285714286,-4.151785714285714,-7.821428571428571,-8.919642857142858,-4.928571428571429,-5.196428571428571,-3.5625,-8.544642857142858,-8.223214285714286,-9.508928571428571,-10.125,-14.008928571428571,-11.410714285714286,-13.419642857142858,-10.366071428571429,-11.973214285714286,-10.205357142857142,-4.473214285714286,-5.8125,-6.080357142857143,-4.258928571428571,-4.714285714285714,-6.455357142857143,-10.794642857142858,-13.446428571428571,-9.9375,-7.178571428571429,-7.901785714285714,-6.428571428571429,-8.330357142857142,-8.303571428571429,-9.401785714285714
78,26.0,0.0,0.381704076529383,-11.9375,-22.40625,-25.265625,-12.25,-20.75,-32.53125,-14.28125,-23.1875,-29.625,-21.03125,-19.625,-8.4375,-7.3125,-8.8125,-10.3125,-7.125,-18.1875,-28.125,-13.6875,-16.125,-13.5,-15.9375,-21.5625,-18.1875,-17.4375,-23.625,-12.5625,-14.25,-7.875,-15.1875,-30.9375,-10.6875,-12.9375,-9.375,-19.125,-21.75,-26.8125,-21.75,-36.5625,-28.6875,-34.875,-29.25,-32.25,-23.25,-10.5,-11.625,-15.5625,-21.1875,-18.75,-15.5625,-22.3125,-26.625,-24.9375,-19.3125,-17.625,-18.0,-19.125,-12.5625,-13.6875,-15.0
79,26.0,1.0,0.42199603349033027,12.265625,11.65625,6.890625,17.75,10.09375,20.625,26.1875,16.75,13.21875,22.15625,24.53125,15.0,13.6875,20.25,22.6875,16.6875,23.8125,29.0625,25.3125,7.875,-0.9375,6.0,3.0,4.3125,1.3125,6.9375,12.75,5.25,7.125,0.375,2.625,9.375,4.875,3.1875,0.0,5.0625,2.4375,3.5625,-0.1875,3.75,1.125,-0.1875,0.0,4.875,4.6875,12.375,5.25,10.5,6.0,3.1875,0.5625,2.0625,4.5,5.0625,3.9375,1.5,-0.9375,2.0625,1.125,1.125
80,26.0,2.0,0.19629988998028672,-1.755859375,-2.9921875,-5.2734375,-2.3359375000000018,-6.2578125,-4.39453125,-1.234375,-5.390625,-7.44140625,-2.046875,1.353515625,0.4921875,0.4453125,1.8984375,2.0625,1.5703125,0.65625,-2.203125,-0.75,-2.671875,-6.8203125,-6.3046875,-6.5390625,-7.453125,-8.4140625,-9.6796875,-5.015625,-5.71875,-4.59375,-6.796875,-7.6171875,-4.9921875,-4.734375,-3.3046875,-8.2265625,-7.0546875,-8.7421875,-9.890625,-13.03125,-11.390625,-13.5,-10.078125,-11.8828125,-8.9765625,-4.1015625,-5.109375,-5.1796875,-4.078125,-5.71875,-5.8828125,-10.2421875,-11.6953125,-8.625,-5.9765625,-7.7109375,-6.6328125,-7.40625,-7.59375,-8.0859375,-7.0546875
81,27.0,0.0,0.3725395387078711,-15.015625,-19.40625,-13.5,-11.875,-23.828125,-13.21875,-24.09375,-24.4375,-23.15625,-21.84375,-7.59375,-7.3125,-8.8125,-10.3125,-7.125,-18.1875,-28.125,-13.6875,-16.125,-13.5,-15.9375,-21.5625,-18.1875,-17.4375,-23.625,-12.5625,-14.25,-7.875,-15.1875,-30.9375,-10.6875,-12.9375,-9.375,-19.125,-21.75,-26.8125,-21.75,-36.5625,-28.6875,-34.875,-29.25,-32.25,-23.25,-10.5,-11.625,-15.5625,-21.1875,-18.75,-15.5625,-22.3125,-26.625,-24.9375,-19.3125,-17.625,-18.0,-19.125,-12.5625,-13.6875,-15.0,-15.75
82,27.0,1.0,0.4307608802695173,11.5625,6.625,13.6875,3.874999999999986,25.0625,29.25,18.609375,13.125,19.734375,20.9375,12.53125,13.6875,20.25,22.6875,16.6875,23.8125,29.0625,25.3125,7.875,-0.9375,6.0,3.0,4.3125,1.3125,6.9375,12.75,5.25,7.125,0.375,2.625,9.375,4.875,3.1875,0.0,5.0625,2.4375,3.5625,-0.1875,3.75,1.125,-0.1875,0.0,4.875,4.6875,12.375,5.25,10.5,6.0,3.1875,0.5625,2.0625,4.5,5.0625,3.9375,1.5,-0.9375,2.0625,1.125,1.125,6.375
83,27.0,2.0,0.19669958102261148,-1.421875,-4.171875,-1.55859375,-5.679687500000002,-3.974609375,-0.890625,-5.896484375,-8.0703125,-2.96484375,0.02734375,-0.65625,0.4453125,1.8984375,2.0625,1.5703125,0.65625,-2.203125,-0.75,-2.671875,-6.8203125,-6.3046875,-6.5390625,-7.453125,-8.4140625,-9.6796875,-5.015625,-5.71875,-4.59375,-6.796875,-7.6171875,-4.9921875,-4.734375,-3.3046875,-8.2265625,-7.0546875,-8.7421875,-9.890625,-13.03125,-11.390625,-13.5,-10.078125,-11.8828125,-8.9765625,-4.1015625,-5.109375,-5.1796875,-4.078125,-5.71875,-5.8828125,-10.2421875,-11.6953125,-8.625,-5.9765625,-7.7109375,-6.6328125,-7.40625,-7.59375,-8.0859375,-7.0546875,-4.2421875
84,28.0,0.0,0.40926707044904864,-14.8125,-20.4375,-19.78125,-23.625,-7.671875,-19.96875,-23.859375,-24.9375,-21.5625,-26.59375,-36.34375,-18.1875,-10.3125,-7.125,-18.1875,-28.125,-13.6875,-16.125,-13.5,-15.9375,-21.5625,-18.1875,-17.4375,-23.625,-15.0,-14.25,-7.875,-15.1875,-30.9375,-10.6875,-12.9375,-9.375,-19.125,-21.75,-26.8125,-21.75,-36.5625,-28.6875,-34.875,-29.25,-32.25,-23.25,-10.5,-11.625,-15.5625,-21.1875,-18.75,-15.5625,-22.3125,-26.625,-24.9375,-19.3125,-17.625,-18.0,-19.125,-12.5625,-13.6875,-15.0,-15.75,-16.5
85,28.0,1.0,0.4134662086639676,4.703125,15.9375,8.34375,16.375,21.140625,11.25,10.984375,19.6875,15.375,8.625,10.71875,20.25,22.6875,16.6875,23.8125,29.0625,25.3125,7.875,-0.9375,6.0,3.0,4.3125,1.3125,6.9375,12.75,5.25,7.125,3.0,2.625,9.375,4.875,3.1875,4.125,5.0625,2.4375,3.5625,-0.1875,3.75,1.125,14.4375,0.0,4.875,4.6875,12.375,5.25,10.5,6.0,5.625,0.5625,2.0625,7.3125,5.0625,3.9375,1.5,-0.375,2.0625,5.0625,1.125,6.375,5.25
86,28.0,2.0,0.17726672088698378,-3.5434027777777777,-0.5347222222222222,-3.6666666666666665,-2.7847222222222237,-1.3229166666666667,-7.666666666666667,-10.069444444444445,-6.118055555555555,-2.5625,-4.395833333333333,-4.503472222222222,-0.3333333333333333,0.9583333333333334,1.1458333333333333,-0.20833333333333334,-3.2083333333333335,-0.9166666666666666,-3.1875,-6.416666666666667,-5.5,-6.625,-7.333333333333333,-7.875,-9.5,-6.125,-5.770833333333333,-4.25,-5.708333333333333,-7.395833333333333,-4.5625,-4.395833333333333,-3.8333333333333335,-6.854166666666667,-5.75,-8.125,-8.708333333333334,-11.8125,-10.833333333333334,-11.979166666666666,-7.354166666666667,-12.104166666666666,-8.104166666666666,-3.5625,-5.5,-4.979166666666667,-4.25,-5.0625,-4.604166666666667,-9.125,-10.479166666666666,-6.854166666666667,-5.5625,-7.729166666666667,-6.479166666666667,-6.625,-6.895833333333333,-6.625,-6.708333333333333,-4.208333333333333,-6.083333333333333
87,29.0,0.0,0.3897791965091953,-6.640625,-13.8125,-23.578125,-8.5625,-21.625,-23.625,-24.375,-23.875,-22.640625,-31.875,-15.03125,-10.3125,-7.125,-18.1875,-28.125,-13.6875,-16.125,-13.5,-15.9375,-21.5625,-18.1875,-17.4375,-23.625,-15.0,-14.25,-7.875,-15.1875,-30.9375,-10.6875,-12.9375,-9.375,-19.125,-21.75,-26.8125,-21.75,-36.5625,-28.6875,-34.875,-29.25,-32.25,-23.25,-10.5,-11.625,-15.5625,-21.1875,-18.75,-15.5625,-22.3125,-26.625,-24.9375,-19.3125,-17.625,-18.0,-19.125,-12.5625,-13.6875,-15.0,-15.75,-16.5,-14.25
88,29.0,1.0,0.42944235338417713,11.6875,14.59375,26.8125,29.875,18.453125,10.6875,17.265625,16.4375,9.328125,10.90625,18.234375,22.6875,16.6875,23.8125,29.0625,25.3125,7.875,-0.9375,6.0,3.0,4.3125,1.3125,6.9375,12.75,5.25,7.125,3.0,2.625,9.375,4.875,3.1875,4.125,5.0625,2.4375,3.5625,-0.1875,3.75,1.125,14.4375,0.0,4.875,4.6875,12.375,5.25,10.5,6.0,5.625,0.5625,2.0625,7.3125,5.0625,3.9375,1.5,-0.375,2.0625,5.0625,1.125,6.375,5.25,4.875
89,29.0,2.0,0.18077845010662766,2.5989583333333335,-0.8298611111111112,-0.3125,1.0486111111111096,-6.140625,-8.84375,-5.359375,-2.486111111111111,-4.203125,-4.40625,-0.7777777777777778,0.9583333333333334,1.1458333333333333,-0.20833333333333334,-3.2083333333333335,-0.9166666666666666,-3.1875,-6.416666666666667,-5.5,-6.625,-7.333333333333333,-7.875,-9.5,-6.125,-5.770833333333333,-4.25,-5.708333333333333,-7.395833333333333,-4.5625,-4.395833333333333,-3.8333333333333335,-6.854166666666667,-5.75,-8.125,-8.708333333333334,-11.8125,-10.833333333333334,-11.979166666666666,-7.354166666666667,-12.104166666666666,-8.104166666666666,-3.5625,-5.5,-4.979166666666667,-4.25,-5.0625,-4.604166666666667,-9.125,-10.479166666666666,-6.854166666666667,-5.5625,-7.729166666666667,-6.479166666666667,-6.625,-6.895833333333333,-6.625,-6.708333333333333,-4.208333333333333,-6.083333333333333,-5.145833333333333
90,30.0,0.0,0.40576739569523107,-21.984375,-19.28125,-14.109375,-26.625,-22.09375,-29.4375,-28.453125,-23.0625,-30.46875,-13.625,-10.890625,-7.125,-18.1875,-28.125,-13.6875,-16.125,-13.5,-15.9375,-21.5625,-18.1875,-17.4375,-23.625,-15.0,-14.25,-7.875,-15.1875,-30.9375,-10.6875,-12.9375,-9.375,-19.125,-21.75,-26.8125,-21.75,-36.5625,-28.6875,-34.875,-29.25,-32.25,-23.25,-10.5,-11.625,-15.5625,-21.1875,-18.75,-15.5625,-22.3125,-26.625,-24.9375,-19.3125,-17.625,-18.0,-19.125,-12.5625,-13.6875,-15.0,-15.75,-16.5,-14.25,-23.0625
91,30.0,1.0,0.4237420214722628,9.953125,23.84375,26.859375,15.5625,7.171875,12.75,16.03125,9.375,9.28125,16.0625,20.140625,16.6875,23.8125,29.0625,25.3125,7.875,-0.9375,6.0,3.0,4.3125,1.3125,6.9375,12.75,5.25,7.125,3.0,2.625,9.375,4.875,3.1875,4.125,5.0625,2.4375,3.5625,-0.1875,3.75,1.125,14.4375,0.0,4.875,4.6875,12.375,5.25,10.5,6.0,5.625,0.5625,2.0625,7.3125,5.0625,3.9375,1.5,-0.375,2.0625,5.0625,1.125,6.375,5.25,4.875,4.125
92,30.0,2.0,0.17049058283250607,-3.201388888888889,-2.5243055555555554,-0.7395833333333334,-8.250000000000004,-10.729166666666666,-7.1875,-4.472222222222222,-5.548611111111111,-5.322916666666667,-1.7118055555555556,0.008680555555555556,1.1458333333333333,-0.20833333333333334,-3.2083333333333335,-0.9166666666666666,-3.1875,-6.416666666666667,-5.5,-6.625,-7.333333333333333,-7.875,-9.5,-6.125,-5.770833333333333,-4.25,-5.708333333333333,-7.395833333333333,-4.5625,-4.395833333333333,-3.8333333333333335,-6.854166666666667,-5.75,-8.125,-8.708333333333334,-11.8125,-10.833333333333334,-11.979166666666666,-7.354166666666667,-12.104166666666666,-8.104166666666666,-3.5625,-5.5,-4.979166666666667,-4.25,-5.0625,-4.604166666666667,-9.125,-10.479166666666666,-6.854166666666667,-5.5625,-7.729166666666667,-6.479166666666667,-6.625,-6.895833333333333,-6.625,-6.708333333333333,-4.208333333333333,-6.083333333333333,-5.145833333333333,-6.270833333333333
93,31.0,0.0,0.43283763552153115,-10.34375,-11.78125,-21.09375,-21.5625,-25.515625,-25.5,-24.609375,-30.3125,-13.59375,-13.28125,-7.5625,-18.1875,-28.125,-13.6875,-16.125,-13.5,-15.9375,-21.5625,-18.1875,-17.4375,-23.625,-15.0,-14.25,-7.875,-15.1875,-30.9375,-10.6875,-12.9375,-9.375,-19.125,-21.75,-26.8125,-21.75,-36.5625,-28.6875,-34.875,-29.25,-32.25,-23.25,-10.5,-11.625,-15.5625,-21.1875,-18.75,-15.5625,-22.3125,-26.625,-24.9375,-19.3125,-17.625,-18.0,-19.125,-12.5625,-13.6875,-15.0,-15.75,-16.5,-14.25,-23.0625,-20.625
94,31.0,1.0,0.3960101550419125,5.78125,17.125,9.46875,16.499999999999986,23.078125,12.9375,7.34375,4.6875,10.125,4.40625,6.28125,8.4375,29.0625,25.3125,7.875,-0.9375,6.0,3.0,4.3125,1.3125,6.9375,12.75,-3.0,7.125,3.0,2.625,9.375,4.875,3.1875,4.125,5.0625,2.4375,3.5625,-0.1875,3.75,1.125,14.4375,0.0,4.875,4.6875,12.375,5.25,10.5,6.0,5.625,0.5625,2.0625,7.3125,5.0625,3.9375,1.5,-0.375,2.0625,5.0625,-3.9375,6.375,5.25,4.875,3.1875,3.75
95,31.0,2.0,0.1711522094365564,-3.52734375,-1.86328125,-9.7265625,-11.585937500000002,-7.96484375,-6.3515625,-6.517578125,-6.7109375,-3.896484375,-2.890625,-1.359375,-3.2109375,-4.546875,-0.1171875,-3.140625,-5.953125,-5.8125,-7.6171875,-7.1484375,-7.875,-9.1875,-5.3203125,-7.1484375,-3.8203125,-6.46875,-8.5078125,-4.453125,-4.7578125,-4.125,-6.9609375,-6.609375,-8.71875,-8.765625,-12.515625,-10.78125,-11.71875,-7.265625,-12.2109375,-9.0703125,-3.8203125,-6.1640625,-5.7421875,-4.4296875,-4.1015625,-4.9453125,-9.46875,-11.859375,-7.78125,-6.5625,-7.8984375,-6.28125,-7.3359375,-7.4296875,-7.59375,-7.6875,-4.4765625,-5.578125,-5.15625,-7.5703125,-7.265625
96,32.0,0.0,0.43189553823790644,-6.0,-24.09375,-21.984375,-30.25,-29.90625,-20.8125,-25.953125,-13.3125,-12.984375,-7.5625,-16.0625,-28.125,-13.6875,-16.125,-13.5,-15.9375,-21.5625,-18.1875,-17.4375,-23.625,-15.0,-14.25,-7.875,-15.1875,-30.9375,-10.6875,-12.9375,-9.375,-19.125,-21.75,-26.8125,-21.75,-36.5625,-28.6875,-34.875,-29.25,-32.25,-23.25,-10.5,-11.625,-15.5625,-21.1875,-18.75,-15.5625,-22.3125,-26.625,-24.9375,-19.3125,-17.625,-18.0,-19.125,-12.5625,-13.6875,-15.0,-15.75,-16.5,-14.25,-23.0625,-20.625,-18.9375
97,32.0,1.0,0.3962359733951538,25.046875,16.90625,12.84375,19.499999999999982,9.265625,4.78125,3.328125,7.75,10.21875,8.59375,19.296875,29.0625,25.3125,7.875,-0.9375,6.0,3.0,4.3125,1.3125,6.9375,12.75,5.25,7.125,3.0,2.625,9.375,4.875,3.1875,4.125,5.0625,2.4375,3.5625,-0.1875,3.75,1.125,14.4375,0.0,4.875,4.6875,12.375,5.25,10.5,6.0,5.625,0.5625,2.0625,7.3125,5.0625,3.9375,1.5,-0.375,2.0625,5.0625,1.125,6.375,5.25,4.875,4.125,3.75,6.0
98,32.0,2.0,0.17186848836693977,1.9305555555555556,-6.923611111111111,-9.65625,-6.701388888888894,-5.003472222222222,-5.5,-5.118055555555555,-2.2430555555555554,-1.2552083333333333,-0.2986111111111111,-1.0,-3.2083333333333335,-0.9166666666666666,-3.1875,-6.416666666666667,-5.5,-6.625,-7.333333333333333,-7.875,-9.5,-6.125,-5.770833333333333,-4.25,-5.708333333333333,-7.395833333333333,-4.5625,-4.395833333333333,-3.8333333333333335,-6.854166666666667,-5.75,-8.125,-8.708333333333334,-11.8125,-10.833333333333334,-11.979166666666666,-7.354166666666667,-12.104166666666666,-8.104166666666666,-3.5625,-5.5,-4.979166666666667,-4.25,-5.0625,-4.604166666666667,-9.125,-10.479166666666666,-6.854166666666667,-5.5625,-7.729166666666667,-6.479166666666667,-6.625,-6.895833333333333,-6.625,-6.708333333333333,-4.208333333333333,-6.083333333333333,-5.145833333333333,-6.270833333333333,-6.604166666666667,-5.729166666666667
99,33.0,0.0,0.4524844102223301,-19.875,-26.59375,-28.125,-28.3125,-16.890625,-21.375,-13.21875,-13.125,-9.796875,-18.625,-27.34375,-13.6875,-16.125,-13.5,-15.9375,-21.5625,-18.1875,-17.4375,-23.625,-15.0,-14.25,-7.875,-15.1875,-30.9375,-10.6875,-12.9375,-9.375,-19.125,-21.75,-26.8125,-21.75,-36.5625,-28.6875,-34.875,-29.25,-32.25,-23.25,-10.5,-11.625,-15.5625,-21.1875,-18.75,-15.5625,-22.3125,-26.625,-24.9375,-19.3125,-17.625,-18.0,-19.125,-12.5625,-13.6875,-15.0,-15.75,-16.5,-14.25,-23.0625,-20.625,-18.9375,-24.75
100,33.0,1.0,0.37469770311307865,-0.375,12.46875,18.796875,2.75,3.71875,4.96875,3.71875,5.9375,4.453125,14.71875,26.296875,25.3125,7.875,-0.9375,6.0,3.0,4.3125,1.3125,6.9375,12.75,5.25,7.125,3.0,2.625,9.375,4.875,3.1875,4.125,5.0625,2.4375,3.5625,-0.1875,3.75,1.125,14.4375,0.0,4.875,4.6875,12.375,5.25,10.5,6.0,5.625,0.5625,2.0625,7.3125,5.0625,3.9375,1.5,-0.375,2.0625,5.0625,1.125,6.375,5.25,4.875,4.125,3.75,6.0,2.25
101,33.0,2.0,0.17281788666459116,-9.227430555555555,-11.788194444444445,-8.828125,-7.340277777777782,-7.248263888888889,-6.489583333333333,-3.6840277777777777,-2.763888888888889,-1.5989583333333333,-2.1770833333333335,-4.211805555555555,-0.9166666666666666,-3.1875,-6.416666666666667,-5.5,-6.625,-7.333333333333333,-7.875,-9.5,-6.125,-5.770833333333333,-4.25,-5.708333333333333,-7.395833333333333,-4.5625,-4.395833333333333,-3.8333333333333335,-6.854166666666667,-5.75,-8.125,-8.708333333333334,-11.8125,-10.833333333333334,-11.979166666666666,-7.354166666666667,-12.104166666666666,-8.104166666666666,-3.5625,-5.5,-4.979166666666667,-4.25,-5.0625,-4.604166666666667,-9.125,-10.479166666666666,-6.854166666666667,-5.5625,-7.729166666666667,-6.479166666666667,-6.625,-6.895833333333333,-6.625,-6.708333333333333,-4.208333333333333,-6.083333333333333,-5.145833333333333,-6.270833333333333,-6.604166666666667,-5.729166666666667,-8.8125
102,34.0,0.0,0.44578774633431434,-21.21875,-13.875,-14.765625,-12.375000000000014,-16.203125,-4.875,-8.921875,-7.875,-17.578125,-25.71875,-14.15625,-16.125,-13.5,-15.9375,-21.5625,-18.1875,-17.4375,-23.625,-15.0,-9.9375,-7.6875,-15.1875,-13.6875,-10.6875,-12.9375,-9.375,-19.125,-21.75,-26.8125,-21.75,-22.125,-19.6875,-28.875,-29.25,-32.25,-23.25,-9.75,-11.625,-15.5625,-21.1875,-18.75,-15.5625,-22.3125,-26.625,-24.9375,-19.3125,-17.625,-11.8125,-10.875,-12.375,-13.6875,-15.0,-15.75,-16.5,-14.25,-23.0625,-20.625,-18.9375,-24.75,-18.9375
103,34.0,1.0,0.372908283630522,-1.96875,4.15625,8.765625,4.25,5.65625,5.90625,7.375,8.0625,13.546875,25.125,23.359375,7.875,-2.0625,4.3125,3.0,4.3125,1.3125,6.9375,12.75,5.25,7.125,3.0,2.625,9.375,4.875,3.1875,4.125,4.6875,2.0625,3.5625,-0.1875,3.75,1.125,14.4375,0.0,4.875,4.6875,12.375,5.25,10.5,6.0,5.625,0.5625,2.0625,7.3125,5.0625,3.9375,1.5,-0.375,2.0625,5.0625,1.125,6.375,5.25,4.875,4.125,3.75,6.0,2.25,5.8125
104,34.0,2.0,0.18130397003516377,-7.275390625,-5.62890625,-2.859375,-2.4453125000000053,-2.349609375,0.12890625,-0.369140625,0.203125,-0.62109375,-4.25,-2.6328125,-4.5234375,-7.1015625,-6.9375,-7.0546875,-7.1484375,-6.984375,-8.6953125,-6.046875,-4.7109375,-3.796875,-5.5078125,-4.453125,-3.9375,-4.1015625,-4.1015625,-7.0078125,-7.1015625,-9.4453125,-7.40625,-8.71875,-8.6015625,-9.1171875,-5.6953125,-10.6171875,-7.1953125,-2.6953125,-5.15625,-4.828125,-4.5703125,-5.109375,-3.5390625,-7.96875,-9.3984375,-5.3203125,-4.5703125,-6.75,-5.0390625,-5.0625,-6.1875,-6.09375,-6.3984375,-3.046875,-5.15625,-4.59375,-6.4921875,-5.9296875,-6.2578125,-9.328125,-6.515625
105,35.0,0.0,0.4392086876042402,-11.203125,-13.375,-13.828125,-11.812500000000014,-12.890625,-8.34375,-7.1875,-10.9375,-19.5,-11.28125,-14.046875,-13.5,-15.9375,-21.5625,-18.1875,-17.4375,-23.625,-15.0,-14.25,-7.875,-15.1875,-30.9375,-10.6875,-12.9375,-9.375,-19.125,-21.75,-26.8125,-21.75,-36.5625,-28.6875,-34.875,-29.25,-32.25,-23.25,-10.5,-11.625,-15.5625,-21.1875,-18.75,-15.5625,-22.3125,-26.625,-24.9375,-19.3125,-17.625,-18.0,-19.125,-12.5625,-13.6875,-15.0,-15.75,-16.5,-14.25,-23.0625,-20.625,-18.9375,-24.75,-18.9375,-18.5625
106,35.0,1.0,0.32983323023861155,6.796875,12.15625,11.4375,12.249999999999986,10.296875,11.4375,8.65625,14.875,24.46875,22.28125,6.71875,-0.9375,6.0,3.0,4.3125,1.3125,6.9375,12.75,5.25,7.125,3.0,2.625,9.375,4.875,3.1875,4.125,5.0625,2.4375,3.5625,-0.1875,3.75,1.125,14.4375,0.0,4.875,4.6875,12.375,5.25,10.5,6.0,5.625,0.5625,2.0625,7.3125,5.0625,3.9375,1.5,-0.375,2.0625,5.0625,1.125,6.375,5.25,4.875,4.125,3.75,6.0,2.25,5.8125,1.3125
107,35.0,2.0,0.23095808215714828,1.5364583333333333,1.1701388888888888,1.0052083333333333,1.0833333333333255,2.3159722222222223,1.6666666666666667,1.8142361111111112,0.04861111111111111,-3.0729166666666665,-1.46875,-3.236111111111111,-6.416666666666667,-5.5,-6.625,-7.333333333333333,-7.875,-9.5,-6.125,-5.770833333333333,-4.25,-5.708333333333333,-7.395833333333333,-4.5625,-4.395833333333333,-3.8333333333333335,-6.854166666666667,-5.75,-8.125,-8.708333333333334,-11.8125,-10.833333333333334,-11.979166666666666,-7.354166666666667,-12.104166666666666,-8.104166666666666,-3.5625,-5.5,-4.979166666666667,-4.25,-5.0625,-4.604166666666667,-9.125,-10.479166666666666,-6.854166666666667,-5.5625,-7.729166666666667,-6.479166666666667,-6.625,-6.895833333333333,-6.625,-6.708333333333333,-4.208333333333333,-6.083333333333333,-5.145833333333333,-6.270833333333333,-6.604166666666667,-5.729166666666667,-8.8125,-6.895833333333333,-10.666666666666666
108,36.0,0.0,0.4542318969240629,-18.265625,-19.21875,-16.3125,-17.6875,-13.296875,-11.8125,-14.859375,-19.125,-11.953125,-13.21875,-12.8125,-15.9375,-21.5625,-18.1875,-17.4375,-23.625,-15.0,-14.25,-7.875,-15.1875,-30.9375,-10.6875,-12.9375,-9.375,-19.125,-21.75,-26.8125,-21.75,-36.5625,-28.6875,-34.875,-29.25,-32.25,-23.25,-10.5,-11.625,-15.5625,-21.1875,-18.75,-15.5625,-22.3125,-26.625,-24.9375,-19.3125,-17.625,-18.0,-19.125,-12.5625,-13.6875,-15.0,-15.75,-16.5,-14.25,-23.0625,-20.625,-18.9375,-24.75,-18.9375,-18.5625,-33.75
109,36.0,1.0,0.32426094770220293,11.703125,8.25,9.0,9.25,10.28125,14.15625,12.875,21.25,19.5,4.71875,-2.015625,6.0,3.0,4.3125,1.3125,6.9375,12.75,5.25,7.125,3.0,2.625,9.375,4.875,3.1875,4.125,5.0625,2.4375,3.5625,-0.1875,3.75,1.125,14.4375,0.0,4.875,4.6875,12.375,5.25,10.5,6.0,5.625,0.5625,2.0625,7.3125,5.0625,3.9375,1.5,-0.375,2.0625,5.0625,1.125,6.375,5.25,4.875,4.125,3.75,6.0,2.25,5.8125,1.3125,2.4375
110,36.0,2.0,0.22150715537373417,-0.6024305555555556,-0.2048611111111111,0.22395833333333334,1.3611111111111047,0.6180555555555556,0.9479166666666666,-0.7204861111111112,-3.6944444444444446,-2.2447916666666665,-3.6180555555555554,-6.800347222222222,-5.5,-6.625,-7.333333333333333,-7.875,-9.5,-6.125,-5.770833333333333,-4.25,-5.708333333333333,-7.395833333333333,-4.5625,-4.395833333333333,-3.8333333333333335,-6.854166666666667,-5.75,-8.125,-8.708333333333334,-11.8125,-10.833333333333334,-11.979166666666666,-7.354166666666667,-12.104166666666666,-8.104166666666666,-3.5625,-5.5,-4.979166666666667,-4.25,-5.0625,-4.604166666666667,-9.125,-10.479166666666666,-6.854166666666667,-5.5625,-7.729166666666667,-6.479166666666667,-6.625,-6.895833333333333,-6.625,-6.708333333333333,-4.208333333333333,-6.083333333333333,-5.145833333333333,-6.270833333333333,-6.604166666666667,-5.729166666666667,-8.8125,-6.895833333333333,-10.666666666666666,-10.6875
111,37.0,0.0,0.4780248804501553,-2.734375,-3.6875,-5.71875,-11.1875,-9.171875,-10.6875,-18.3125,-14.8125,-11.765625,-14.4375,-15.140625,-21.5625,-18.1875,-17.4375,-23.625,-15.0,-14.25,-7.875,-15.1875,-30.9375,-10.6875,-12.9375,-9.375,-19.125,-21.75,-26.8125,-21.75,-36.5625,-28.6875,-34.875,-29.25,-32.25,-23.25,-10.5,-11.625,-15.5625,-21.1875,-18.75,-15.5625,-22.3125,-26.625,-24.9375,-19.3125,-17.625,-18.0,-19.125,-12.5625,-13.6875,-15.0,-15.75,-16.5,-14.25,-23.0625,-20.625,-18.9375,-24.75,-18.9375,-18.5625,-33.75,-18.75
112,37.0,1.0,0.30502861008081017,10.53125,9.59375,6.5625,12.437499999999986,16.296875,9.65625,19.296875,17.5625,5.203125,-1.125,5.53125,3.0,4.3125,1.3125,6.9375,12.75,5.25,7.125,3.0,2.625,9.375,4.875,3.1875,4.125,5.0625,2.4375,3.5625,-0.1875,3.75,1.125,14.4375,0.0,4.875,4.6875,12.375,5.25,10.5,6.0,5.625,0.5625,2.0625,7.3125,5.0625,3.9375,1.5,-0.375,2.0625,5.0625,1.125,6.375,5.25,4.875,4.125,3.75,6.0,2.25,5.8125,1.3125,2.4375,-7.3125
113,37.0,2.0,0.2169465094690345,0.734375,1.2881944444444444,2.1041666666666665,1.0416666666666587,1.328125,-0.46875,-3.5208333333333335,-2.451388888888889,-3.65625,-7.065972222222222,-5.911458333333333,-6.625,-7.333333333333333,-7.875,-9.5,-6.125,-5.770833333333333,-4.25,-5.708333333333333,-7.395833333333333,-4.5625,-4.395833333333333,-3.8333333333333335,-6.854166666666667,-5.75,-8.125,-8.708333333333334,-11.8125,-10.833333333333334,-11.979166666666666,-7.354166666666667,-12.104166666666666,-8.104166666666666,-3.5625,-5.5,-4.979166666666667,-4.25,-5.0625,-4.604166666666667,-9.125,-10.479166666666666,-6.854166666666667,-5.5625,-7.729166666666667,-6.479166666666667,-6.625,-6.895833333333333,-6.625,-6.708333333333333,-4.208333333333333,-6.083333333333333,-5.145833333333333,-6.270833333333333,-6.604166666666667,-5.729166666666667,-8.8125,-6.895833333333333,-10.666666666666666,-10.6875,-13.145833333333334
114,38.0,0.0,0.49734508230446567,-2.390625,-4.375,-9.890625,-8.625,-12.640625,-18.375,-14.96875,-12.75,-15.5625,-14.40625,-20.40625,-18.1875,-17.4375,-23.625,-15.0,-14.25,-7.875,-15.1875,-30.9375,-10.6875,-12.9375,-9.375,-19.125,-21.75,-26.8125,-21.75,-36.5625,-28.6875,-34.875,-29.25,-32.25,-23.25,-10.5,-11.625,-15.5625,-21.1875,-18.75,-15.5625,-22.3125,-26.625,-24.9375,-19.3125,-17.625,-18.0,-19.125,-12.5625,-13.6875,-15.0,-15.75,-16.5,-14.25,-23.0625,-20.625,-18.9375,-24.75,-18.9375,-18.5625,-33.75,-18.75,-28.875
115,38.0,1.0,0.28843389053953444,4.75,9.15625,7.171875,9.999999999999986,8.0625,18.09375,16.25,4.9375,-0.140625,5.3125,1.03125,4.3125,1.3125,6.9375,12.75,5.25,7.125,3.0,2.625,9.375,4.875,3.1875,4.125,5.0625,2.4375,3.5625,-0.1875,3.75,1.125,14.4375,0.0,4.875,4.6875,12.375,5.25,10.5,6.0,5.625,0.5625,2.0625,7.3125,5.0625,3.9375,1.5,-0.375,2.0625,5.0625,1.125,6.375,5.25,4.875,4.125,3.75,6.0,2.25,5.8125,1.3125,2.4375,-7.3125,6.9375
116,38.0,2.0,0.21422102715599983,0.828125,1.4722222222222223,0.23958333333333334,0.6319444444444365,-1.1440972222222223,-4.125,-3.2864583333333335,-4.173611111111111,-7.661458333333333,-6.503472222222222,-7.154513888888889,-7.333333333333333,-7.875,-9.5,-6.125,-5.770833333333333,-4.25,-5.708333333333333,-7.395833333333333,-4.5625,-4.395833333333333,-3.8333333333333335,-6.854166666666667,-5.75,-8.125,-8.708333333333334,-11.8125,-10.833333333333334,-11.979166666666666,-7.354166666666667,-12.104166666666666,-8.104166666666666,-3.5625,-5.5,-4.979166666666667,-4.25,-5.0625,-4.604166666666667,-9.125,-10.479166666666666,-6.854166666666667,-5.5625,-7.729166666666667,-6.479166666666667,-6.625,-6.895833333333333,-6.625,-6.708333333333333,-4.208333333333333,-6.083333333333333,-5.145833333333333,-6.270833333333333,-6.604166666666667,-5.729166666666667,-8.8125,-6.895833333333333,-10.666666666666666,-10.6875,-13.145833333333334,-11.104166666666666
117,39.0,0.0,0.4474846313638665,-7.109375,-11.75,-10.5,-14.875,-19.21875,-14.0625,-14.25,-15.6875,-14.390625,-19.3125,-17.53125,-17.4375,-23.625,-15.0,-14.25,-7.875,-15.1875,-30.9375,-10.6875,-12.9375,-9.375,-19.125,-21.75,-26.8125,-21.75,-36.5625,-28.6875,-34.875,-29.25,-32.25,-23.25,-10.5,-11.625,-15.5625,-21.1875,-18.75,-15.5625,-22.3125,-26.625,-24.9375,-19.3125,-17.625,-18.0,-19.125,-12.5625,-13.6875,-15.0,-15.75,-16.5,-14.25,-23.0625,-20.625,-18.9375,-24.75,-16.875,-18.5625,-33.75,-18.75,-28.875,-21.5625
118,39.0,1.0,0.3600954497919647,8.796875,7.40625,9.5625,6.374999999999986,18.34375,16.21875,4.0625,-0.25,4.828125,-0.34375,2.546875,1.3125,6.9375,12.75,-3.0,7.125,3.0,2.625,9.375,4.875,3.1875,4.125,5.0625,2.4375,3.5625,-0.1875,3.75,1.125,14.4375,0.0,4.875,4.6875,12.375,5.25,10.5,6.0,5.625,0.5625,2.0625,7.3125,5.0625,3.9375,1.5,-0.375,2.0625,5.0625,-3.9375,6.375,5.25,4.875,3.1875,3.75,6.0,2.25,5.8125,1.3125,2.4375,-7.3125,6.9375,28.5
119,39.0,2.0,0.1924199188441688,0.4453125,-1.07421875,-0.146484375,-2.789062500000007,-4.287109375,-2.63671875,-4.01953125,-7.2265625,-6.92578125,-8.30078125,-7.509765625,-7.875,-9.1875,-5.3203125,-7.1484375,-3.8203125,-6.46875,-8.5078125,-4.453125,-4.7578125,-4.125,-6.9609375,-6.609375,-8.71875,-8.765625,-12.515625,-10.78125,-11.71875,-7.265625,-12.2109375,-9.0703125,-3.8203125,-6.1640625,-5.7421875,-4.4296875,-4.1015625,-4.9453125,-9.46875,-11.859375,-7.78125,-6.5625,-7.8984375,-6.28125,-7.3359375,-7.4296875,-7.59375,-7.6875,-4.4765625,-5.578125,-5.15625,-7.5703125,-7.265625,-6.46875,-8.2265625,-5.390625,-11.4609375,-11.2265625,-12.515625,-9.9375,-4.734375
120,40.0,0.0,0.4444918720643756,-7.21875,-7.875,-12.84375,-18.1875,-14.234375,-14.34375,-16.375,-15.375,-19.40625,-17.6875,-17.296875,-23.625,-15.0,-14.25,-7.875,-15.1875,-30.9375,-10.6875,-12.9375,-9.375,-19.125,-21.75,-26.8125,-21.75,-36.5625,-28.6875,-34.875,-29.25,-32.25,-23.25,-10.5,-11.625,-15.5625,-21.1875,-18.75,-15.5625,-22.3125,-26.625,-24.9375,-19.3125,-17.625,-18.0,-19.125,-12.5625,-13.6875,-15.0,-15.75,-16.5,-14.25,-23.0625,-20.625,-18.9375,-24.75,-16.875,-18.5625,-33.75,-18.75,-28.875,-21.5625,-28.5
121,40.0,1.0,0.3824855805329258,7.03125,12.09375,4.546875,15.5625,13.609375,5.0625,-1.640625,5.5625,-2.109375,2.03125,0.328125,6.9375,12.75,-3.0,7.125,3.0,2.625,9.375,4.875,3.1875,4.125,5.0625,2.4375,3.5625,-0.1875,3.75,1.125,14.4375,0.0,4.875,4.6875,12.375,5.25,10.5,6.0,5.625,0.5625,2.0625,7.3125,5.0625,3.9375,1.5,-0.375,2.0625,5.0625,-3.9375,6.375,5.25,4.875,3.1875,3.75,6.0,2.25,5.8125,1.3125,2.4375,-7.3125,6.9375,28.5,24.375
122,40.0,2.0,0.17302254740269857,-1.693359375,-0.69921875,-3.298828125,-4.750000000000007,-3.494140625,-4.5703125,-7.857421875,-7.546875,-8.830078125,-7.99609375,-8.3828125,-9.1875,-5.3203125,-7.1484375,-3.8203125,-6.46875,-8.5078125,-4.453125,-4.7578125,-4.125,-6.9609375,-6.609375,-8.71875,-8.765625,-12.515625,-10.78125,-11.71875,-7.265625,-12.2109375,-9.0703125,-3.8203125,-6.1640625,-5.7421875,-4.4296875,-4.1015625,-4.9453125,-9.46875,-11.859375,-7.78125,-6.5625,-7.8984375,-6.28125,-7.3359375,-7.4296875,-7.59375,-7.6875,-4.4765625,-5.578125,-5.15625,-7.5703125,-7.265625,-6.46875,-8.2265625,-5.390625,-11.4609375,-11.2265625,-12.515625,-9.9375,-4.734375,-8.7890625
123,41.0,0.0,0.46556566317673787,-6.859375,-6.625,-13.59375,-10.9375,-11.5625,-14.53125,-13.484375,-19.875,-18.328125,-16.03125,-22.375,-15.0,-14.25,-7.875,-15.1875,-30.9375,-10.6875,-12.9375,-9.375,-19.125,-21.75,-26.8125,-21.75,-36.5625,-28.6875,-34.875,-29.25,-32.25,-23.25,-10.5,-11.625,-15.5625,-21.1875,-18.75,-15.5625,-22.3125,-26.625,-24.9375,-19.3125,-17.625,-18.0,-19.125,-12.5625,-13.3125,-15.0,-15.75,-16.5,-14.25,-23.0625,-20.625,-18.9375,-24.75,-16.875,-18.5625,-17.8125,-18.75,-28.875,-21.5625,-28.5,-28.125
124,41.0,1.0,0.3190568074407949,6.3125,7.15625,14.859375,12.8125,4.875,-1.59375,5.609375,-1.625,-3.9375,-3.375,-1.546875,-2.4375,-3.0,7.125,3.0,2.625,9.375,4.875,3.1875,4.125,5.0625,2.4375,3.5625,-1.125,-1.3125,0.1875,14.4375,0.0,4.875,4.6875,12.375,5.25,10.5,6.0,5.625,0.5625,2.0625,7.3125,5.0625,3.9375,1.5,-0.375,2.0625,5.0625,-3.9375,6.375,5.25,4.875,3.1875,3.75,6.0,2.25,-2.0625,1.3125,2.4375,-7.3125,-5.0625,8.4375,-2.0625,-1.125
125,41.0,2.0,0.2153775293824672,0.8928571428571429,-1.4196428571428572,-3.1808035714285716,-3.500000000000008,-4.466517857142857,-8.075892857142858,-7.022321428571429,-8.544642857142858,-9.462053571428571,-9.875,-11.779017857142858,-7.901785714285714,-7.633928571428571,-3.267857142857143,-6.241071428571429,-8.517857142857142,-4.151785714285714,-5.142857142857143,-4.473214285714286,-7.419642857142857,-5.919642857142857,-9.723214285714286,-10.366071428571429,-14.276785714285714,-12.857142857142858,-13.553571428571429,-8.276785714285714,-13.5,-9.401785714285714,-3.9642857142857144,-6.133928571428571,-6.321428571428571,-5.544642857142857,-4.473214285714286,-3.7767857142857144,-8.866071428571429,-11.892857142857142,-6.883928571428571,-6.428571428571429,-8.758928571428571,-6.883928571428571,-7.741071428571429,-7.875,-6.723214285714286,-7.098214285714286,-4.178571428571429,-6.508928571428571,-5.705357142857143,-6.642857142857143,-7.071428571428571,-5.357142857142857,-8.0625,-6.991071428571429,-10.928571428571429,-8.008928571428571,-13.151785714285714,-12.348214285714286,-9.482142857142858,-13.526785714285714,-10.232142857142858
126,42.0,0.0,0.41959625835641956,-7.59375,-19.09375,-16.265625,-16.625,-19.40625,-17.8125,-20.234375,-19.0,-15.515625,-21.25,-14.53125,-9.9375,-7.6875,-15.1875,-13.6875,-10.6875,-12.9375,-9.375,-19.125,-21.75,-26.8125,-21.75,-22.125,-19.6875,-28.875,-29.25,-32.25,-23.25,-9.75,-11.625,-15.5625,-21.1875,-18.75,-15.5625,-22.3125,-26.625,-24.9375,-19.3125,-17.625,-11.8125,-10.875,-12.375,-13.3125,-15.0,-15.75,-16.5,-14.25,-23.0625,-20.625,-18.9375,-24.75,-16.875,-18.5625,-17.8125,-18.75,-28.875,-21.5625,-28.5,-28.125,-30.5625
127,42.0,1.0,0.3656286746227156,5.859375,19.0625,16.453125,2.874999999999986,-2.75,-0.65625,-2.703125,-3.4375,-3.375,-3.46875,-3.765625,-3.0,7.125,3.0,2.625,9.375,4.875,3.1875,4.125,4.6875,2.0625,3.5625,-1.125,-1.3125,0.1875,14.4375,0.0,4.875,4.6875,12.375,5.25,10.5,6.0,5.625,0.5625,2.0625,7.3125,5.0625,3.9375,1.5,-0.375,2.0625,5.0625,-3.9375,6.375,5.25,4.875,3.1875,3.75,6.0,2.25,-2.0625,1.3125,2.4375,-7.3125,-5.8125,8.4375,-2.0625,-1.125,-2.8125
128,42.0,2.0,0.21477506702086485,-2.0026041666666665,-4.911458333333333,-6.609375,-7.166666666666674,-10.359375,-10.328125,-10.6953125,-10.6875,-10.1640625,-11.9375,-8.854166666666666,-6.53125,-2.5,-6.0625,-4.78125,-3.25,-4.875,-4.9375,-7.71875,-7.75,-11.75,-8.90625,-10.5625,-10.21875,-10.0,-6.21875,-11.75,-8.40625,-2.875,-5.78125,-6.34375,-6.1875,-4.4375,-2.21875,-7.28125,-10.6875,-4.84375,-5.25,-7.625,-5.03125,-5.84375,-7.09375,-6.03125,-6.75,-2.625,-5.34375,-5.0625,-7.0,-6.25,-6.0,-8.625,-6.5,-10.71875,-7.09375,-13.03125,-13.5625,-10.0,-13.46875,-11.09375,-14.3125
129,43.0,0.0,0.43413084694006865,-21.734375,-19.40625,-19.546875,-22.5,-20.71875,-19.59375,-18.890625,-15.4375,-18.796875,-13.1875,-11.21875,-7.6875,-15.1875,-13.6875,-10.6875,-12.9375,-9.375,-19.125,-21.75,-26.8125,-21.75,-22.125,-19.6875,-28.875,-29.25,-32.25,-23.25,-9.75,-11.625,-15.5625,-21.1875,-18.75,-15.5625,-22.3125,-26.625,-24.9375,-19.3125,-17.625,-11.8125,-10.875,-12.375,-13.3125,-15.0,-15.75,-16.5,-14.25,-23.0625,-20.625,-18.9375,-24.75,-16.875,-18.5625,-17.8125,-18.75,-28.875,-21.5625,-28.5,-28.125,-30.5625,-30.9375
130,43.0,1.0,0.3479706707505514,12.90625,10.78125,0.140625,0.8124999999999858,2.140625,-4.40625,-3.484375,-1.5625,-2.71875,-6.03125,-4.921875,7.125,3.0,2.625,9.375,4.875,3.1875,4.125,4.6875,2.0625,3.5625,-1.125,-1.3125,0.1875,14.4375,0.0,4.875,4.6875,12.375,5.25,10.5,6.0,5.625,0.5625,2.0625,7.3125,5.0625,3.9375,1.5,-0.375,2.0625,5.0625,-3.9375,6.375,5.25,4.875,3.1875,3.75,6.0,2.25,-2.0625,1.3125,2.4375,-7.3125,-5.8125,8.4375,-2.0625,-1.125,-2.8125,8.25
131,43.0,2.0,0.21789848230938005,-3.1067708333333335,-5.583333333333333,-6.0078125,-9.541666666666673,-9.7890625,-10.234375,-10.330729166666666,-10.145833333333334,-12.03125,-9.28125,-7.236979166666667,-2.5,-6.0625,-4.78125,-3.25,-4.875,-4.9375,-7.71875,-7.75,-11.75,-8.90625,-10.5625,-10.21875,-10.0,-6.21875,-11.75,-8.40625,-2.875,-5.78125,-6.34375,-6.1875,-4.4375,-2.21875,-7.28125,-10.6875,-4.84375,-5.25,-7.625,-5.03125,-5.84375,-7.09375,-6.03125,-6.75,-2.625,-5.34375,-5.0625,-7.0,-6.25,-6.0,-8.625,-6.5,-10.71875,-7.09375,-13.03125,-13.5625,-10.0,-13.46875,-11.09375,-14.3125,-5.5625
132,44.0,0.0,0.4124539570225942,-6.296875,-12.59375,-22.03125,-16.6875,-14.9375,-14.4375,-14.59375,-20.375,-11.15625,-8.9375,-7.28125,-9.5625,-10.125,-8.625,-12.9375,-8.625,-19.125,-21.75,-26.25,-18.1875,-22.125,-15.375,-28.875,-29.25,-32.25,-23.25,-6.9375,-11.625,-15.375,-21.1875,-18.75,-15.5625,-22.3125,-26.625,-24.9375,-19.3125,-17.625,-11.8125,-10.875,-11.0625,-13.3125,-15.0,-15.75,-16.5,-14.25,-23.0625,-20.625,-18.9375,-24.75,-16.875,-18.5625,-17.8125,-18.75,-28.875,-19.125,-28.5,-28.125,-30.5625,-8.25,-21.1875
133,44.0,1.0,0.35009193028860763,5.140625,4.71875,4.6875,5.312499999999986,-3.046875,-0.65625,0.8125,-3.75,-5.25,-4.09375,4.453125,3.0,2.625,-0.75,-1.6875,3.1875,4.125,4.6875,-3.1875,0.75,-1.125,-1.3125,0.1875,14.4375,-6.75,-1.125,4.6875,-8.625,-1.5,10.5,6.0,5.625,-0.1875,-0.75,7.3125,5.0625,-3.375,-4.125,-0.375,-1.3125,5.0625,-3.9375,2.8125,5.25,4.875,2.4375,3.75,6.0,2.25,-2.0625,1.3125,2.4375,-8.0625,-5.8125,8.4375,-2.0625,-1.125,-2.8125,8.25,26.0625
134,44.0,2.0,0.23745411268879807,-0.63671875,-2.6875,-7.8046875,-6.921875000000011,-6.58203125,-6.28125,-8.609375,-12.78125,-8.66015625,-7.375,-1.640625,-4.640625,-4.171875,-4.546875,-5.625,-4.640625,-7.96875,-8.71875,-11.4375,-8.8125,-9.5625,-8.671875,-13.03125,-7.546875,-15.9375,-9.75,-1.171875,-9.65625,-6.9375,-7.078125,-7.03125,-4.734375,-9.28125,-14.34375,-8.15625,-7.828125,-10.96875,-7.078125,-6.703125,-8.0625,-6.328125,-7.171875,-5.15625,-7.453125,-5.296875,-10.265625,-7.40625,-3.328125,-8.015625,-7.828125,-10.03125,-6.796875,-14.25,-14.25,-8.8125,-10.171875,-8.90625,-17.109375,0.75,3.609375
135,45.0,0.0,0.4198614820044541,-1.9375,-7.46875,-7.546875,-6.312500000000014,-3.96875,-9.28125,-14.09375,-11.8125,-8.203125,-5.9375,-8.734375,-10.125,-8.625,-12.9375,-8.625,-19.125,-21.75,-26.25,-18.1875,-22.125,-15.375,-28.875,-29.25,-32.25,-23.25,-6.9375,-11.625,-15.375,-21.1875,-18.75,-15.5625,-22.3125,-26.625,-24.9375,-19.3125,-17.625,-11.8125,-10.875,-11.0625,-13.125,-15.0,-15.75,-16.5,-14.25,-23.0625,-20.625,-18.9375,-24.75,-16.875,-18.5625,-17.8125,-18.75,-28.875,-19.125,-28.5,-28.125,-30.5625,-8.25,-21.1875,-34.875
136,45.0,1.0,0.33563012953503635,6.046875,0.71875,1.5,-0.6875000000000142,-1.9375,-1.21875,-5.09375,-5.0625,-4.5,-1.28125,2.765625,-3.5625,-1.125,-1.6875,-5.0625,4.125,4.6875,-3.1875,0.75,-2.0625,-6.375,0.1875,14.4375,-10.875,-1.125,0.75,-8.625,-3.375,-5.625,0.1875,5.625,-0.1875,-0.75,7.3125,-2.25,-7.875,-5.25,-0.375,-1.3125,5.0625,-3.9375,-3.75,-8.625,-2.25,-6.75,3.75,3.375,-0.1875,-3.0,-4.875,-3.5625,-14.25,-6.375,-12.1875,-3.0,-1.125,-2.8125,8.25,21.375,15.9375
137,45.0,2.0,0.24450838846050948,1.5677083333333333,-2.5833333333333335,-3.25,-3.4583333333333477,-3.0,-6.0,-9.567708333333334,-7.479166666666667,-6.25,-3.2395833333333335,-4.385416666666667,-6.4375,-5.8125,-6.875,-7.25,-10.625,-11.125,-13.0,-11.5625,-12.375,-11.125,-17.375,-9.0,-19.0,-11.3125,-3.125,-9.75,-8.75,-12.9375,-11.375,-6.875,-11.75,-15.9375,-11.25,-12.125,-13.5,-8.0625,-6.1875,-7.3125,-4.0,-8.125,-7.8125,-11.6875,-8.6875,-14.5,-10.4375,-6.4375,-11.4375,-9.75,-13.8125,-9.875,-16.3125,-17.0625,-14.5625,-12.875,-11.125,-15.9375,2.25,-3.875,-8.625
138,46.0,0.0,0.41521392762300363,-7.140625,-9.0625,-7.171875,-6.250000000000014,-12.625,-16.21875,-11.5625,-8.0,-7.078125,-9.25,-9.796875,-8.625,-12.9375,-8.625,-19.125,-21.75,-26.25,-18.1875,-22.125,-15.375,-28.875,-29.25,-32.25,-23.25,-6.9375,-11.625,-15.375,-21.1875,-18.75,-15.5625,-22.3125,-26.625,-24.9375,-19.3125,-17.625,-11.8125,-10.875,-11.0625,-13.125,-15.0,-15.75,-16.5,-14.25,-23.0625,-20.625,-18.9375,-24.75,-16.875,-18.5625,-17.8125,-18.75,-28.875,-19.125,-28.5,-28.125,-30.5625,-8.25,-21.1875,-34.875,-22.3125
139,46.0,1.0,0.34938763588857014,-0.09375,0.46875,-2.109375,-2.625000000000014,-1.59375,-5.15625,-4.203125,-4.375,-1.5,2.3125,-3.515625,-1.125,-1.6875,-5.0625,4.125,4.6875,-3.1875,0.75,-2.0625,-6.375,0.1875,14.4375,-10.875,-1.125,0.75,-8.625,-3.375,-5.625,0.1875,5.625,-0.1875,-0.75,7.3125,-2.25,-7.875,-5.25,-0.375,-1.3125,5.0625,-3.9375,-3.75,-8.625,-2.25,-6.75,3.75,3.375,-0.1875,-3.0,-4.875,-3.5625,-14.25,-6.375,-12.1875,-3.0,-1.125,-2.8125,8.25,21.375,15.9375,-7.3125
140,46.0,2.0,0.23539843648842618,-4.416666666666667,-4.9375,-5.015625,-4.125000000000014,-6.864583333333333,-10.15625,-8.036458333333334,-6.5,-3.453125,-4.645833333333333,-6.447916666666667,-5.8125,-6.875,-7.25,-10.625,-11.125,-13.0,-11.5625,-12.375,-11.125,-17.375,-9.0,-19.0,-11.3125,-3.125,-9.75,-8.75,-12.9375,-11.375,-6.875,-11.75,-15.9375,-11.25,-12.125,-13.5,-8.0625,-6.1875,-7.3125,-4.0,-8.125,-7.8125,-11.6875,-8.6875,-14.5,-10.4375,-6.4375,-11.4375,-9.75,-13.8125,-9.875,-16.3125,-17.0625,-14.5625,-12.875,-11.125,-15.9375,2.25,-3.875,-8.625,-13.5
141,47.0,0.0,0.42645881053956075,-2.359375,-7.3125,-3.28125,-7.562500000000014,-11.15625,-10.96875,-5.203125,-4.6875,-7.453125,-8.5,-7.296875,-12.9375,-8.625,-19.125,-21.75,-26.25,-18.1875,-22.125,-15.375,-28.875,-29.25,-32.25,-23.25,-6.9375,-11.625,-15.375,-21.1875,-18.75,-15.5625,-22.3125,-26.625,-24.9375,-19.3125,-17.625,-11.8125,-10.875,-11.0625,-13.125,-15.0,-15.75,-16.5,-14.25,-23.0625,-20.625,-18.9375,-24.75,-16.875,-18.5625,-17.8125,-18.75,-28.875,-19.125,-28.5,-28.125,-30.5625,-8.25,-21.1875,-34.875,-22.3125,-33.5625
142,47.0,1.0,0.32683650703617706,0.25,3.0,2.203125,-1.4375000000000142,-4.78125,-0.9375,-4.0,0.625,1.921875,-2.375,0.328125,-1.6875,-5.0625,4.125,4.6875,-3.1875,0.75,-2.0625,-6.375,0.1875,14.4375,-10.875,-1.125,0.75,-8.625,-3.375,-5.625,0.1875,5.625,-0.1875,-0.75,7.3125,-2.25,-7.875,-5.25,-0.375,-1.3125,5.0625,-3.9375,-3.75,-8.625,-2.25,-6.75,3.75,3.375,-0.1875,-3.0,-4.875,-3.5625,-14.25,-6.375,-12.1875,-3.0,-1.125,-2.8125,8.25,21.375,15.9375,-7.3125,-5.625
143,47.0,2.0,0.2467046824242621,-0.9322916666666666,-1.4375,-0.671875,-3.7083333333333477,-7.28125,-5.6875,-4.401041666666667,-1.875,-3.671875,-5.78125,-4.661458333333333,-6.875,-7.25,-10.625,-11.125,-13.0,-11.5625,-12.375,-11.125,-17.375,-9.0,-19.0,-11.3125,-3.125,-9.75,-8.75,-12.9375,-11.375,-6.875,-11.75,-15.9375,-11.25,-12.125,-13.5,-8.0625,-6.1875,-7.3125,-4.0,-8.125,-7.8125,-11.6875,-8.6875,-14.5,-10.4375,-6.4375,-11.4375,-9.75,-13.8125,-9.875,-16.3125,-17.0625,-14.5625,-12.875,-11.125,-15.9375,2.25,-3.875,-8.625,-13.5,-16.4375
144,48.0,0.0,0.37549946106539545,1.875,0.9375,-5.484375,-8.625000000000014,-4.046875,-4.03125,-3.46875,-6.375,-7.6875,-6.34375,-12.015625,-8.625,-19.125,-21.75,-26.25,-18.1875,-22.125,-15.375,-28.875,-29.25,-32.25,-23.25,-6.9375,-11.625,-15.375,-21.1875,-18.75,-15.5625,-22.3125,-26.625,-24.9375,-19.3125,-17.625,-11.8125,-10.875,-11.0625,-13.125,-15.0,-15.75,-16.5,-14.25,-23.0625,-20.625,-18.9375,-24.75,-16.875,-18.5625,-17.8125,-18.75,-15.9375,-19.125,-7.125,-4.125,-14.4375,6.75,-21.1875,-34.875,-10.875,-33.5625,-16.6875
145,48.0,1.0,0.31768050827987837,3.75,3.15625,-1.265625,-5.625000000000014,-0.09375,-2.8125,1.578125,-4.9375,-1.5,-5.78125,-5.109375,-5.0625,-16.875,-16.3125,-9.5625,-17.25,-12.9375,-11.625,-23.4375,-12.1875,-10.875,-9.5625,-3.1875,-9.0,-7.5,-12.0,-15.5625,-10.6875,-12.75,-20.4375,-16.125,-14.8125,-15.0,-7.125,-7.3125,-9.5625,-3.9375,-5.4375,-3.75,-9.9375,-9.5625,-13.6875,-14.4375,-3.75,-0.1875,-9.375,-18.0,-8.25,-15.9375,-6.375,-12.1875,-3.0,-1.125,-2.8125,8.25,21.375,-6.9375,-7.3125,-10.125,-14.25
146,48.0,2.0,0.3068200306547261,2.8125,2.046875,-3.375,-7.125000000000014,-2.0703125,-3.421875,-0.9453125,-5.65625,-4.59375,-6.0625,-8.5625,-6.84375,-18.0,-19.03125,-17.90625,-17.71875,-17.53125,-13.5,-26.15625,-20.71875,-21.5625,-16.40625,-5.0625,-10.3125,-11.4375,-16.59375,-17.15625,-13.125,-17.53125,-23.53125,-20.53125,-17.0625,-16.3125,-9.46875,-9.09375,-10.3125,-8.53125,-10.21875,-9.75,-13.21875,-11.90625,-18.375,-17.53125,-11.34375,-12.46875,-13.125,-18.28125,-13.03125,-17.34375,-11.15625,-15.65625,-5.0625,-2.625,-8.625,7.5,0.09375,-20.90625,-9.09375,-21.84375,-15.46875
147,49.0,0.0,0.3803490279666899,-0.609375,-6.5,-8.859375,-5.375000000000014,-4.96875,-4.03125,-6.75,-8.375,-6.796875,-11.5625,-7.5,-19.125,-21.75,-26.25,-18.1875,-22.125,-15.375,-28.875,-29.25,-32.25,-23.25,-6.9375,-11.625,-15.375,-21.1875,-18.75,-15.5625,-22.3125,-26.625,-24.9375,-19.3125,-17.625,-11.8125,-10.875,-11.0625,-13.125,-15.0,-15.75,-16.5,-14.25,-23.0625,-20.625,-18.9375,-24.75,-16.875,-18.5625,-17.8125,-18.75,-15.9375,-19.125,-7.125,-4.125,-14.4375,6.75,-21.1875,-34.875,-10.875,-33.5625,-16.6875,-32.625
148,49.0,1.0,0.3157470536074417,-0.015625,-4.15625,-8.71875,-2.250000000000014,-4.25,0.28125,-6.265625,-1.75,-5.0625,-4.96875,-4.5625,-16.875,-16.3125,-9.5625,-17.25,-12.9375,-11.625,-23.4375,-12.1875,-10.875,-9.5625,-3.1875,-9.0,-7.5,-12.0,-15.5625,-10.6875,-12.75,-20.4375,-16.125,-14.8125,-15.0,-7.125,-7.3125,-9.5625,-3.9375,-5.4375,-3.75,-9.9375,-9.5625,-13.6875,-14.4375,-3.75,-0.1875,-9.375,-18.0,-8.25,-15.9375,-6.375,-12.1875,-3.0,-1.125,-2.8125,8.25,21.375,-6.9375,-7.3125,-10.125,-14.25,-16.3125
149,49.0,2.0,0.3039039184258683,-0.3125,-5.328125,-8.7890625,-3.812500000000014,-4.609375,-1.875,-6.5078125,-5.0625,-5.9296875,-8.265625,-6.03125,-18.0,-19.03125,-17.90625,-17.71875,-17.53125,-13.5,-26.15625,-20.71875,-21.5625,-16.40625,-5.0625,-10.3125,-11.4375,-16.59375,-17.15625,-13.125,-17.53125,-23.53125,-20.53125,-17.0625,-16.3125,-9.46875,-9.09375,-10.3125,-8.53125,-10.21875,-9.75,-13.21875,-11.90625,-18.375,-17.53125,-11.34375,-12.46875,-13.125,-18.28125,-13.03125,-17.34375,-11.15625,-15.65625,-5.0625,-2.625,-8.625,7.5,0.09375,-20.90625,-9.09375,-21.84375,-15.46875,-24.46875
150,50.0,0.0,0.3800150527680671,-5.578125,-9.28125,-5.203125,-4.625000000000014,-3.53125,-6.375,-8.171875,-6.6875,-10.921875,-6.40625,-18.1875,-21.75,-26.25,-18.1875,-22.125,-15.375,-28.875,-29.25,-32.25,-23.25,-6.9375,-11.625,-15.375,-21.1875,-18.75,-15.5625,-22.3125,-26.625,-24.9375,-19.3125,-17.625,-11.8125,-10.875,-11.0625,-13.125,-15.0,-15.75,-16.5,-14.25,-23.0625,-20.625,-18.9375,-24.75,-16.875,-18.5625,-17.8125,-18.75,-15.9375,-19.125,-7.125,-4.125,-14.4375,6.75,-21.1875,-34.875,-10.875,-33.5625,-16.6875,-32.625,-24.0
151,50.0,1.0,0.3171200463008821,-4.1875,-7.375,-2.203125,-3.812500000000014,0.53125,-6.28125,-1.375,-3.9375,-4.59375,-4.15625,-16.0625,-16.3125,-9.5625,-17.25,-12.9375,-11.625,-23.4375,-12.1875,-10.875,-9.5625,-3.1875,-9.0,-7.5,-12.0,-15.5625,-10.6875,-12.75,-20.4375,-16.125,-14.8125,-15.0,-7.125,-7.3125,-9.5625,-3.9375,-5.4375,-3.75,-9.9375,-9.5625,-13.6875,-14.4375,-3.75,-0.1875,-9.375,-18.0,-8.25,-15.9375,-6.375,-12.1875,-3.0,-1.125,-2.8125,8.25,21.375,-6.9375,-7.3125,-10.125,-14.25,-16.3125,-7.3125
152,50.0,2.0,0.3028649009310509,-4.8828125,-8.328125,-3.703125,-4.218750000000014,-1.5,-6.328125,-4.7734375,-5.3125,-7.7578125,-5.28125,-17.125,-19.03125,-17.90625,-17.71875,-17.53125,-13.5,-26.15625,-20.71875,-21.5625,-16.40625,-5.0625,-10.3125,-11.4375,-16.59375,-17.15625,-13.125,-17.53125,-23.53125,-20.53125,-17.0625,-16.3125,-9.46875,-9.09375,-10.3125,-8.53125,-10.21875,-9.75,-13.21875,-11.90625,-18.375,-17.53125,-11.34375,-12.46875,-13.125,-18.28125,-13.03125,-17.34375,-11.15625,-15.65625,-5.0625,-2.625,-8.625,7.5,0.09375,-20.90625,-9.09375,-21.84375,-15.46875,-24.46875,-15.65625
153,51.0,0.0,0.3333333333333333,-5.984375,1.34375,-0.234375,3.562499999999986,-4.0625,-5.90625,-4.875,-2.875,-2.765625,-16.625,-15.09375,-9.5625,-17.25,-12.9375,-15.375,-28.875,-12.1875,-10.875,-9.5625,-3.1875,-11.625,-15.375,-12.0,-15.5625,-15.5625,-22.3125,-20.4375,-16.125,-19.3125,-15.0,-11.8125,-7.3125,-11.0625,-13.125,-5.4375,-15.75,-16.5,-14.25,-23.0625,-14.4375,-18.9375,-24.75,-9.375,-18.5625,-17.8125,-15.9375,-15.9375,-12.1875,-7.125,-4.125,-14.4375,6.75,-21.1875,-34.875,-7.3125,-33.5625,-16.6875,-16.3125,-7.3125,-27.375
154,51.0,1.0,0.3333333333333333,-5.984375,1.34375,-0.234375,3.562499999999986,-4.0625,-5.90625,-4.875,-2.875,-2.765625,-16.625,-15.09375,-9.5625,-17.25,-12.9375,-15.375,-28.875,-12.1875,-10.875,-9.5625,-3.1875,-11.625,-15.375,-12.0,-15.5625,-15.5625,-22.3125,-20.4375,-16.125,-19.3125,-15.0,-11.8125,-7.3125,-11.0625,-13.125,-5.4375,-15.75,-16.5,-14.25,-23.0625,-14.4375,-18.9375,-24.75,-9.375,-18.5625,-17.8125,-15.9375,-15.9375,-12.1875,-7.125,-4.125,-14.4375,6.75,-21.1875,-34.875,-7.3125,-33.5625,-16.6875,-16.3125,-7.3125,-27.375
155,51.0,2.0,0.3333333333333333,-5.984375,1.34375,-0.234375,3.562499999999986,-4.0625,-5.90625,-4.875,-2.875,-2.765625,-16.625,-15.09375,-9.5625,-17.25,-12.9375,-15.375,-28.875,-12.1875,-10.875,-9.5625,-3.1875,-11.625,-15.375,-12.0,-15.5625,-15.5625,-22.3125,-20.4375,-16.125,-19.3125,-15.0,-11.8125,-7.3125,-11.0625,-13.125,-5.4375,-15.75,-16.5,-14.25,-23.0625,-14.4375,-18.9375,-24.75,-9.375,-18.5625,-17.8125,-15.9375,-15.9375,-12.1875,-7.125,-4.125,-14.4375,6.75,-21.1875,-34.875,-7.3125,-33.5625,-16.6875,-16.3125,-7.3125,-27.375
156,52.0,0.0,0.3333333333333333,7.40625,5.6875,8.765625,0.2499999999999858,-1.8125,-1.40625,0.328125,-0.0625,-13.921875,-12.90625,-8.140625,-17.25,-12.9375,-15.375,-28.875,-12.1875,-10.875,-9.5625,-3.1875,-11.625,-15.375,-12.0,-15.5625,-15.5625,-22.3125,-20.4375,-16.125,-19.3125,-15.0,-11.8125,-7.3125,-11.0625,-13.125,-5.4375,-15.75,-16.5,-14.25,-23.0625,-14.4375,-18.9375,-24.75,-9.375,-18.5625,-17.8125,-15.9375,-15.9375,-12.1875,-7.125,-4.125,-14.4375,6.75,-21.1875,-34.875,-7.3125,-33.5625,-16.6875,-16.3125,-7.3125,-27.375,18.5625
157,52.0,1.0,0.3333333333333333,7.40625,5.6875,8.765625,0.2499999999999858,-1.8125,-1.40625,0.328125,-0.0625,-13.921875,-12.90625,-8.140625,-17.25,-12.9375,-15.375,-28.875,-12.1875,-10.875,-9.5625,-3.1875,-11.625,-15.375,-12.0,-15.5625,-15.5625,-22.3125,-20.4375,-16.125,-19.3125,-15.0,-11.8125,-7.3125,-11.0625,-13.125,-5.4375,-15.75,-16.5,-14.25,-23.0625,-14.4375,-18.9375,-24.75,-9.375,-18.5625,-17.8125,-15.9375,-15.9375,-12.1875,-7.125,-4.125,-14.4375,6.75,-21.1875,-34.875,-7.3125,-33.5625,-16.6875,-16.3125,-7.3125,-27.375,18.5625
158,52.0,2.0,0.3333333333333333,7.40625,5.6875,8.765625,0.2499999999999858,-1.8125,-1.40625,0.328125,-0.0625,-13.921875,-12.90625,-8.140625,-17.25,-12.9375,-15.375,-28.875,-12.1875,-10.875,-9.5625,-3.1875,-11.625,-15.375,-12.0,-15.5625,-15.5625,-22.3125,-20.4375,-16.125,-19.3125,-15.0,-11.8125,-7.3125,-11.0625,-13.125,-5.4375,-15.75,-16.5,-14.25,-23.0625,-14.4375,-18.9375,-24.75,-9.375,-18.5625,-17.8125,-15.9375,-15.9375,-12.1875,-7.125,-4.125,-14.4375,6.75,-21.1875,-34.875,-7.3125,-33.5625,-16.6875,-16.3125,-7.3125,-27.375,18.5625
159,53.0,0.0,0.3333333333333333,-0.65625,2.90625,-5.296875,-6.375000000000014,-5.390625,-2.71875,-2.40625,-15.0625,-13.359375,-8.15625,-16.390625,-12.9375,-15.375,-28.875,-12.1875,-10.875,-9.5625,-3.1875,-11.625,-15.375,-12.0,-15.5625,-15.5625,-22.3125,-20.4375,-16.125,-19.3125,-15.0,-11.8125,-7.3125,-11.0625,-13.125,-5.4375,-15.75,-16.5,-14.25,-23.0625,-14.4375,-18.9375,-24.75,-9.375,-18.5625,-17.8125,-15.9375,-15.9375,-12.1875,-7.125,-4.125,-14.4375,6.75,-21.1875,-34.875,-7.3125,-33.5625,-16.6875,-16.3125,-7.3125,-27.375,18.5625,3.75
160,53.0,1.0,0.3333333333333333,-0.65625,2.90625,-5.296875,-6.375000000000014,-5.390625,-2.71875,-2.40625,-15.0625,-13.359375,-8.15625,-16.390625,-12.9375,-15.375,-28.875,-12.1875,-10.875,-9.5625,-3.1875,-11.625,-15.375,-12.0,-15.5625,-15.5625,-22.3125,-20.4375,-16.125,-19.3125,-15.0,-11.8125,-7.3125,-11.0625,-13.125,-5.4375,-15.75,-16.5,-14.25,-23.0625,-14.4375,-18.9375,-24.75,-9.375,-18.5625,-17.8125,-15.9375,-15.9375,-12.1875,-7.125,-4.125,-14.4375,6.75,-21.1875,-34.875,-7.3125,-33.5625,-16.6875,-16.3125,-7.3125,-27.375,18.5625,3.75
161,53.0,2.0,0.3333333333333333,-0.65625,2.90625,-5.296875,-6.375000000000014,-5.390625,-2.71875,-2.40625,-15.0625,-13.359375,-8.15625,-16.390625,-12.9375,-15.375,-28.875,-12.1875,-10.875,-9.5625,-3.1875,-11.625,-15.375,-12.0,-15.5625,-15.5625,-22.3125,-20.4375,-16.125,-19.3125,-15.0,-11.8125,-7.3125,-11.0625,-13.125,-5.4375,-15.75,-16.5,-14.25,-23.0625,-14.4375,-18.9375,-24.75,-9.375,-18.5625,-17.8125,-15.9375,-15.9375,-12.1875,-7.125,-4.125,-14.4375,6.75,-21.1875,-34.875,-7.3125,-33.5625,-16.6875,-16.3125,-7.3125,-27.375,18.5625,3.75
162,54.0,0.0,0.3333333333333333,3.34375,-5.25,-6.046875,-5.187500000000014,-2.28125,-1.96875,-14.125,-12.4375,-7.5,-15.5625,-12.5,-15.375,-28.875,-12.1875,-10.875,-9.5625,-3.1875,-11.625,-15.375,-12.0,-15.5625,-15.5625,-22.3125,-20.4375,-16.125,-19.3125,-15.0,-11.8125,-7.3125,-11.0625,-13.125,-5.4375,-15.75,-16.5,-14.25,-23.0625,-14.4375,-18.9375,-24.75,-9.375,-18.5625,-17.8125,-15.9375,-15.9375,-12.1875,-7.125,-4.125,-14.4375,6.75,-21.1875,-34.875,-7.3125,-33.5625,-16.6875,-16.3125,-7.3125,-27.375,18.5625,3.75,1.6875
163,54.0,1.0,0.3333333333333333,3.34375,-5.25,-6.046875,-5.187500000000014,-2.28125,-1.96875,-14.125,-12.4375,-7.5,-15.5625,-12.5,-15.375,-28.875,-12.1875,-10.875,-9.5625,-3.1875,-11.625,-15.375,-12.0,-15.5625,-15.5625,-22.3125,-20.4375,-16.125,-19.3125,-15.0,-11.8125,-7.3125,-11.0625,-13.125,-5.4375,-15.75,-16.5,-14.25,-23.0625,-14.4375,-18.9375,-24.75,-9.375,-18.5625,-17.8125,-15.9375,-15.9375,-12.1875,-7.125,-4.125,-14.4375,6.75,-21.1875,-34.875,-7.3125,-33.5625,-16.6875,-16.3125,-7.3125,-27.375,18.5625,3.75,1.6875
164,54.0,2.0,0.3333333333333333,3.34375,-5.25,-6.046875,-5.187500000000014,-2.28125,-1.96875,-14.125,-12.4375,-7.5,-15.5625,-12.5,-15.375,-28.875,-12.1875,-10.875,-9.5625,-3.1875,-11.625,-15.375,-12.0,-15.5625,-15.5625,-22.3125,-20.4375,-16.125,-19.3125,-15.0,-11.8125,-7.3125,-11.0625,-13.125,-5.4375,-15.75,-16.5,-14.25,-23.0625,-14.4375,-18.9375,-24.75,-9.375,-18.5625,-17.8125,-15.9375,-15.9375,-12.1875,-7.125,-4.125,-14.4375,6.75,-21.1875,-34.875,-7.3125,-33.5625,-16.6875,-16.3125,-7.3125,-27.375,18.5625,3.75,1.6875
165,55.0,0.0,0.3333333333333333,-8.671875,-8.875,-7.828125,-4.375000000000014,-3.75,-15.09375,-13.109375,-8.125,-15.703125,-12.71875,-14.53125,-28.875,-12.1875,-10.875,-9.5625,-3.1875,-11.625,-15.375,-12.0,-15.5625,-15.5625,-22.3125,-20.4375,-16.125,-19.3125,-15.0,-11.8125,-7.3125,-11.0625,-13.125,-5.4375,-15.75,-16.5,-14.25,-23.0625,-14.4375,-18.9375,-24.75,-9.375,-18.5625,-17.8125,-15.9375,-15.9375,-12.1875,-7.125,-4.125,-14.4375,6.75,-21.1875,-34.875,-7.3125,-33.5625,-16.6875,-16.3125,-7.3125,-27.375,18.5625,3.75,1.6875,-26.4375
166,55.0,1.0,0.3333333333333333,-8.671875,-8.875,-7.828125,-4.375000000000014,-3.75,-15.09375,-13.109375,-8.125,-15.703125,-12.71875,-14.53125,-28.875,-12.1875,-10.875,-9.5625,-3.1875,-11.625,-15.375,-12.0,-15.5625,-15.5625,-22.3125,-20.4375,-16.125,-19.3125,-15.0,-11.8125,-7.3125,-11.0625,-13.125,-5.4375,-15.75,-16.5,-14.25,-23.0625,-14.4375,-18.9375,-24.75,-9.375,-18.5625,-17.8125,-15.9375,-15.9375,-12.1875,-7.125,-4.125,-14.4375,6.75,-21.1875,-34.875,-7.3125,-33.5625,-16.6875,-16.3125,-7.3125,-27.375,18.5625,3.75,1.6875,-26.4375
167,55.0,2.0,0.3333333333333333,-8.671875,-8.875,-7.828125,-4.375000000000014,-3.75,-15.09375,-13.109375,-8.125,-15.703125,-12.71875,-14.53125,-28.875,-12.1875,-10.875,-9.5625,-3.1875,-11.625,-15.375,-12.0,-15.5625,-15.5625,-22.3125,-20.4375,-16.125,-19.3125,-15.0,-11.8125,-7.3125,-11.0625,-13.125,-5.4375,-15.75,-16.5,-14.25,-23.0625,-14.4375,-18.9375,-24.75,-9.375,-18.5625,-17.8125,-15.9375,-15.9375,-12.1875,-7.125,-4.125,-14.4375,6.75,-21.1875,-34.875,-7.3125,-33.5625,-16.6875,-16.3125,-7.3125,-27.375,18.5625,3.75,1.6875,-26.4375
