time,price
2021-03-18 00:00:00,0.40373000000000003
2021-03-18 00:10:00,0.40373000000000003
2021-03-18 00:20:00,0.40373000000000003
2021-03-18 00:30:00,0.40373000000000003
2021-03-18 00:40:00,0.40373000000000003
2021-03-18 00:50:00,0.40373000000000003
2021-03-18 01:00:00,0.39927999999999997
2021-03-18 01:10:00,0.39927999999999997
2021-03-18 01:20:00,0.39927999999999997
2021-03-18 01:30:00,0.39927999999999997
2021-03-18 01:40:00,0.39927999999999997
2021-03-18 01:50:00,0.39927999999999997
2021-03-18 02:00:00,0.39857
2021-03-18 02:10:00,0.39857
2021-03-18 02:20:00,0.39857
2021-03-18 02:30:00,0.39857
2021-03-18 02:40:00,0.39857
2021-03-18 02:50:00,0.39857
2021-03-18 03:00:00,0.39907
2021-03-18 03:10:00,0.39907
2021-03-18 03:20:00,0.39907
2021-03-18 03:30:00,0.39907
2021-03-18 03:40:00,0.39907
2021-03-18 03:50:00,0.39907
2021-03-18 04:00:00,0.40241000000000005
2021-03-18 04:10:00,0.40241000000000005
2021-03-18 04:20:00,0.40241000000000005
2021-03-18 04:30:00,0.40241000000000005
2021-03-18 04:40:00,0.40241000000000005
2021-03-18 04:50:00,0.40241000000000005
2021-03-18 05:00:00,0.42133
2021-03-18 05:10:00,0.42133
2021-03-18 05:20:00,0.42133
2021-03-18 05:30:00,0.42133
2021-03-18 05:40:00,0.42133
2021-03-18 05:50:00,0.42133
2021-03-18 06:00:00,0.44208
2021-03-18 06:10:00,0.44208
2021-03-18 06:20:00,0.44208
2021-03-18 06:30:00,0.44208
2021-03-18 06:40:00,0.44208
2021-03-18 06:50:00,0.44208
2021-03-18 07:00:00,0.5349700000000001
2021-03-18 07:10:00,0.5349700000000001
2021-03-18 07:20:00,0.5349700000000001
2021-03-18 07:30:00,0.5349700000000001
2021-03-18 07:40:00,0.5349700000000001
2021-03-18 07:50:00,0.5349700000000001
2021-03-18 08:00:00,0.76971
2021-03-18 08:10:00,0.76971
2021-03-18 08:20:00,0.76971
2021-03-18 08:30:00,0.76971
2021-03-18 08:40:00,0.76971
2021-03-18 08:50:00,0.76971
2021-03-18 09:00:00,0.51766
2021-03-18 09:10:00,0.51766
2021-03-18 09:20:00,0.51766
2021-03-18 09:30:00,0.51766
2021-03-18 09:40:00,0.51766
2021-03-18 09:50:00,0.51766
2021-03-18 10:00:00,0.49378
2021-03-18 10:10:00,0.49378
2021-03-18 10:20:00,0.49378
2021-03-18 10:30:00,0.49378
2021-03-18 10:40:00,0.49378
2021-03-18 10:50:00,0.49378
2021-03-18 11:00:00,0.45473
2021-03-18 11:10:00,0.45473
2021-03-18 11:20:00,0.45473
2021-03-18 11:30:00,0.45473
2021-03-18 11:40:00,0.45473
2021-03-18 11:50:00,0.45473
2021-03-18 12:00:00,0.45341000000000004
2021-03-18 12:10:00,0.45341000000000004
2021-03-18 12:20:00,0.45341000000000004
2021-03-18 12:30:00,0.45341000000000004
2021-03-18 12:40:00,0.45341000000000004
2021-03-18 12:50:00,0.45341000000000004
2021-03-18 13:00:00,0.44582
2021-03-18 13:10:00,0.44582
2021-03-18 13:20:00,0.44582
2021-03-18 13:30:00,0.44582
2021-03-18 13:40:00,0.44582
2021-03-18 13:50:00,0.44582
2021-03-18 14:00:00,0.43803
2021-03-18 14:10:00,0.43803
2021-03-18 14:20:00,0.43803
2021-03-18 14:30:00,0.43803
2021-03-18 14:40:00,0.43803
2021-03-18 14:50:00,0.43803
2021-03-18 15:00:00,0.43368
2021-03-18 15:10:00,0.43368
2021-03-18 15:20:00,0.43368
2021-03-18 15:30:00,0.43368
2021-03-18 15:40:00,0.43368
2021-03-18 15:50:00,0.43368
2021-03-18 16:00:00,0.44026
2021-03-18 16:10:00,0.44026
2021-03-18 16:20:00,0.44026
2021-03-18 16:30:00,0.44026
2021-03-18 16:40:00,0.44026
2021-03-18 16:50:00,0.44026
2021-03-18 17:00:00,0.44906
2021-03-18 17:10:00,0.44906
2021-03-18 17:20:00,0.44906
2021-03-18 17:30:00,0.44906
2021-03-18 17:40:00,0.44906
2021-03-18 17:50:00,0.44906
2021-03-18 18:00:00,0.45402
2021-03-18 18:10:00,0.45402
2021-03-18 18:20:00,0.45402
2021-03-18 18:30:00,0.45402
2021-03-18 18:40:00,0.45402
2021-03-18 18:50:00,0.45402
2021-03-18 19:00:00,0.45462
2021-03-18 19:10:00,0.45462
2021-03-18 19:20:00,0.45462
2021-03-18 19:30:00,0.45462
2021-03-18 19:40:00,0.45462
2021-03-18 19:50:00,0.45462
2021-03-18 20:00:00,0.43631
2021-03-18 20:10:00,0.43631
2021-03-18 20:20:00,0.43631
2021-03-18 20:30:00,0.43631
2021-03-18 20:40:00,0.43631
2021-03-18 20:50:00,0.43631
2021-03-18 21:00:00,0.42811
2021-03-18 21:10:00,0.42811
2021-03-18 21:20:00,0.42811
2021-03-18 21:30:00,0.42811
2021-03-18 21:40:00,0.42811
2021-03-18 21:50:00,0.42811
2021-03-18 22:00:00,0.41779
2021-03-18 22:10:00,0.41779
2021-03-18 22:20:00,0.41779
2021-03-18 22:30:00,0.41779
2021-03-18 22:40:00,0.41779
2021-03-18 22:50:00,0.41779
2021-03-18 23:00:00,0.40312
2021-03-18 23:10:00,0.40312
2021-03-18 23:20:00,0.40312
2021-03-18 23:30:00,0.40312
2021-03-18 23:40:00,0.40312
2021-03-18 23:50:00,0.40312
2021-03-19 00:00:00,0.41214999999999996
2021-03-19 00:10:00,0.41214999999999996
2021-03-19 00:20:00,0.41214999999999996
2021-03-19 00:30:00,0.41214999999999996
2021-03-19 00:40:00,0.41214999999999996
2021-03-19 00:50:00,0.41214999999999996
2021-03-19 01:00:00,0.4058
2021-03-19 01:10:00,0.4058
2021-03-19 01:20:00,0.4058
2021-03-19 01:30:00,0.4058
2021-03-19 01:40:00,0.4058
2021-03-19 01:50:00,0.4058
2021-03-19 02:00:00,0.4051
2021-03-19 02:10:00,0.4051
2021-03-19 02:20:00,0.4051
2021-03-19 02:30:00,0.4051
2021-03-19 02:40:00,0.4051
2021-03-19 02:50:00,0.4051
2021-03-19 03:00:00,0.4058
2021-03-19 03:10:00,0.4058
2021-03-19 03:20:00,0.4058
2021-03-19 03:30:00,0.4058
2021-03-19 03:40:00,0.4058
2021-03-19 03:50:00,0.4058
2021-03-19 04:00:00,0.41457
2021-03-19 04:10:00,0.41457
2021-03-19 04:20:00,0.41457
2021-03-19 04:30:00,0.41457
2021-03-19 04:40:00,0.41457
2021-03-19 04:50:00,0.41457
2021-03-19 05:00:00,0.42848
2021-03-19 05:10:00,0.42848
2021-03-19 05:20:00,0.42848
2021-03-19 05:30:00,0.42848
2021-03-19 05:40:00,0.42848
2021-03-19 05:50:00,0.42848
2021-03-19 06:00:00,0.43926
2021-03-19 06:10:00,0.43926
2021-03-19 06:20:00,0.43926
2021-03-19 06:30:00,0.43926
2021-03-19 06:40:00,0.43926
2021-03-19 06:50:00,0.43926
2021-03-19 07:00:00,0.44783
2021-03-19 07:10:00,0.44783
2021-03-19 07:20:00,0.44783
2021-03-19 07:30:00,0.44783
2021-03-19 07:40:00,0.44783
2021-03-19 07:50:00,0.44783
2021-03-19 08:00:00,0.45469
2021-03-19 08:10:00,0.45469
2021-03-19 08:20:00,0.45469
2021-03-19 08:30:00,0.45469
2021-03-19 08:40:00,0.45469
2021-03-19 08:50:00,0.45469
2021-03-19 09:00:00,0.44703
2021-03-19 09:10:00,0.44703
2021-03-19 09:20:00,0.44703
2021-03-19 09:30:00,0.44703
2021-03-19 09:40:00,0.44703
2021-03-19 09:50:00,0.44703
2021-03-19 10:00:00,0.44279
2021-03-19 10:10:00,0.44279
2021-03-19 10:20:00,0.44279
2021-03-19 10:30:00,0.44279
2021-03-19 10:40:00,0.44279
2021-03-19 10:50:00,0.44279
2021-03-19 11:00:00,0.43725
2021-03-19 11:10:00,0.43725
2021-03-19 11:20:00,0.43725
2021-03-19 11:30:00,0.43725
2021-03-19 11:40:00,0.43725
2021-03-19 11:50:00,0.43725
2021-03-19 12:00:00,0.43351999999999996
2021-03-19 12:10:00,0.43351999999999996
2021-03-19 12:20:00,0.43351999999999996
2021-03-19 12:30:00,0.43351999999999996
2021-03-19 12:40:00,0.43351999999999996
2021-03-19 12:50:00,0.43351999999999996
2021-03-19 13:00:00,0.42575999999999997
2021-03-19 13:10:00,0.42575999999999997
2021-03-19 13:20:00,0.42575999999999997
2021-03-19 13:30:00,0.42575999999999997
2021-03-19 13:40:00,0.42575999999999997
2021-03-19 13:50:00,0.42575999999999997
2021-03-19 14:00:00,0.42243
2021-03-19 14:10:00,0.42243
2021-03-19 14:20:00,0.42243
2021-03-19 14:30:00,0.42243
2021-03-19 14:40:00,0.42243
2021-03-19 14:50:00,0.42243
2021-03-19 15:00:00,0.42606
2021-03-19 15:10:00,0.42606
2021-03-19 15:20:00,0.42606
2021-03-19 15:30:00,0.42606
2021-03-19 15:40:00,0.42606
2021-03-19 15:50:00,0.42606
2021-03-19 16:00:00,0.43089999999999995
2021-03-19 16:10:00,0.43089999999999995
2021-03-19 16:20:00,0.43089999999999995
2021-03-19 16:30:00,0.43089999999999995
2021-03-19 16:40:00,0.43089999999999995
2021-03-19 16:50:00,0.43089999999999995
2021-03-19 17:00:00,0.43251
2021-03-19 17:10:00,0.43251
2021-03-19 17:20:00,0.43251
2021-03-19 17:30:00,0.43251
2021-03-19 17:40:00,0.43251
2021-03-19 17:50:00,0.43251
2021-03-19 18:00:00,0.43604000000000004
2021-03-19 18:10:00,0.43604000000000004
2021-03-19 18:20:00,0.43604000000000004
2021-03-19 18:30:00,0.43604000000000004
2021-03-19 18:40:00,0.43604000000000004
2021-03-19 18:50:00,0.43604000000000004
2021-03-19 19:00:00,0.43816000000000005
2021-03-19 19:10:00,0.43816000000000005
2021-03-19 19:20:00,0.43816000000000005
2021-03-19 19:30:00,0.43816000000000005
2021-03-19 19:40:00,0.43816000000000005
2021-03-19 19:50:00,0.43816000000000005
2021-03-19 20:00:00,0.43322000000000005
2021-03-19 20:10:00,0.43322000000000005
2021-03-19 20:20:00,0.43322000000000005
2021-03-19 20:30:00,0.43322000000000005
2021-03-19 20:40:00,0.43322000000000005
2021-03-19 20:50:00,0.43322000000000005
2021-03-19 21:00:00,0.43261
2021-03-19 21:10:00,0.43261
2021-03-19 21:20:00,0.43261
2021-03-19 21:30:00,0.43261
2021-03-19 21:40:00,0.43261
2021-03-19 21:50:00,0.43261
2021-03-19 22:00:00,0.41970999999999997
2021-03-19 22:10:00,0.41970999999999997
2021-03-19 22:20:00,0.41970999999999997
2021-03-19 22:30:00,0.41970999999999997
2021-03-19 22:40:00,0.41970999999999997
2021-03-19 22:50:00,0.41970999999999997
2021-03-19 23:00:00,0.40993
2021-03-19 23:10:00,0.40993
2021-03-19 23:20:00,0.40993
2021-03-19 23:30:00,0.40993
2021-03-19 23:40:00,0.40993
2021-03-19 23:50:00,0.40993
2021-03-20 00:00:00,0.4086
2021-03-20 00:10:00,0.4086
2021-03-20 00:20:00,0.4086
2021-03-20 00:30:00,0.4086
2021-03-20 00:40:00,0.4086
2021-03-20 00:50:00,0.4086
2021-03-20 01:00:00,0.40656
2021-03-20 01:10:00,0.40656
2021-03-20 01:20:00,0.40656
2021-03-20 01:30:00,0.40656
2021-03-20 01:40:00,0.40656
2021-03-20 01:50:00,0.40656
2021-03-20 02:00:00,0.40127999999999997
2021-03-20 02:10:00,0.40127999999999997
2021-03-20 02:20:00,0.40127999999999997
2021-03-20 02:30:00,0.40127999999999997
2021-03-20 02:40:00,0.40127999999999997
2021-03-20 02:50:00,0.40127999999999997
2021-03-20 03:00:00,0.39732
2021-03-20 03:10:00,0.39732
2021-03-20 03:20:00,0.39732
2021-03-20 03:30:00,0.39732
2021-03-20 03:40:00,0.39732
2021-03-20 03:50:00,0.39732
2021-03-20 04:00:00,0.3956
2021-03-20 04:10:00,0.3956
2021-03-20 04:20:00,0.3956
2021-03-20 04:30:00,0.3956
2021-03-20 04:40:00,0.3956
2021-03-20 04:50:00,0.3956
2021-03-20 05:00:00,0.3956
2021-03-20 05:10:00,0.3956
2021-03-20 05:20:00,0.3956
2021-03-20 05:30:00,0.3956
2021-03-20 05:40:00,0.3956
2021-03-20 05:50:00,0.3956
2021-03-20 06:00:00,0.3961
2021-03-20 06:10:00,0.3961
2021-03-20 06:20:00,0.3961
2021-03-20 06:30:00,0.3961
2021-03-20 06:40:00,0.3961
2021-03-20 06:50:00,0.3961
2021-03-20 07:00:00,0.40311
2021-03-20 07:10:00,0.40311
2021-03-20 07:20:00,0.40311
2021-03-20 07:30:00,0.40311
2021-03-20 07:40:00,0.40311
2021-03-20 07:50:00,0.40311
2021-03-20 08:00:00,0.40656
2021-03-20 08:10:00,0.40656
2021-03-20 08:20:00,0.40656
2021-03-20 08:30:00,0.40656
2021-03-20 08:40:00,0.40656
2021-03-20 08:50:00,0.40656
2021-03-20 09:00:00,0.4088
2021-03-20 09:10:00,0.4088
2021-03-20 09:20:00,0.4088
2021-03-20 09:30:00,0.4088
2021-03-20 09:40:00,0.4088
2021-03-20 09:50:00,0.4088
2021-03-20 10:00:00,0.40808999999999995
2021-03-20 10:10:00,0.40808999999999995
2021-03-20 10:20:00,0.40808999999999995
2021-03-20 10:30:00,0.40808999999999995
2021-03-20 10:40:00,0.40808999999999995
2021-03-20 10:50:00,0.40808999999999995
2021-03-20 11:00:00,0.40524
2021-03-20 11:10:00,0.40524
2021-03-20 11:20:00,0.40524
2021-03-20 11:30:00,0.40524
2021-03-20 11:40:00,0.40524
2021-03-20 11:50:00,0.40524
2021-03-20 12:00:00,0.40077999999999997
2021-03-20 12:10:00,0.40077999999999997
2021-03-20 12:20:00,0.40077999999999997
2021-03-20 12:30:00,0.40077999999999997
2021-03-20 12:40:00,0.40077999999999997
2021-03-20 12:50:00,0.40077999999999997
2021-03-20 13:00:00,0.39021
2021-03-20 13:10:00,0.39021
2021-03-20 13:20:00,0.39021
2021-03-20 13:30:00,0.39021
2021-03-20 13:40:00,0.39021
2021-03-20 13:50:00,0.39021
2021-03-20 14:00:00,0.37985
2021-03-20 14:10:00,0.37985
2021-03-20 14:20:00,0.37985
2021-03-20 14:30:00,0.37985
2021-03-20 14:40:00,0.37985
2021-03-20 14:50:00,0.37985
2021-03-20 15:00:00,0.37579
2021-03-20 15:10:00,0.37579
2021-03-20 15:20:00,0.37579
2021-03-20 15:30:00,0.37579
2021-03-20 15:40:00,0.37579
2021-03-20 15:50:00,0.37579
2021-03-20 16:00:00,0.37406
2021-03-20 16:10:00,0.37406
2021-03-20 16:20:00,0.37406
2021-03-20 16:30:00,0.37406
2021-03-20 16:40:00,0.37406
2021-03-20 16:50:00,0.37406
2021-03-20 17:00:00,0.36848000000000003
2021-03-20 17:10:00,0.36848000000000003
2021-03-20 17:20:00,0.36848000000000003
2021-03-20 17:30:00,0.36848000000000003
2021-03-20 17:40:00,0.36848000000000003
2021-03-20 17:50:00,0.36848000000000003
2021-03-20 18:00:00,0.3767
2021-03-20 18:10:00,0.3767
2021-03-20 18:20:00,0.3767
2021-03-20 18:30:00,0.3767
2021-03-20 18:40:00,0.3767
2021-03-20 18:50:00,0.3767
2021-03-20 19:00:00,0.36807
2021-03-20 19:10:00,0.36807
2021-03-20 19:20:00,0.36807
2021-03-20 19:30:00,0.36807
2021-03-20 19:40:00,0.36807
2021-03-20 19:50:00,0.36807
2021-03-20 20:00:00,0.35375
2021-03-20 20:10:00,0.35375
2021-03-20 20:20:00,0.35375
2021-03-20 20:30:00,0.35375
2021-03-20 20:40:00,0.35375
2021-03-20 20:50:00,0.35375
2021-03-20 21:00:00,0.34522
2021-03-20 21:10:00,0.34522
2021-03-20 21:20:00,0.34522
2021-03-20 21:30:00,0.34522
2021-03-20 21:40:00,0.34522
2021-03-20 21:50:00,0.34522
2021-03-20 22:00:00,0.34441000000000005
2021-03-20 22:10:00,0.34441000000000005
2021-03-20 22:20:00,0.34441000000000005
2021-03-20 22:30:00,0.34441000000000005
2021-03-20 22:40:00,0.34441000000000005
2021-03-20 22:50:00,0.34441000000000005
2021-03-20 23:00:00,0.33444999999999997
2021-03-20 23:10:00,0.33444999999999997
2021-03-20 23:20:00,0.33444999999999997
2021-03-20 23:30:00,0.33444999999999997
2021-03-20 23:40:00,0.33444999999999997
2021-03-20 23:50:00,0.33444999999999997
2021-03-21 00:00:00,0.35126999999999997
2021-03-21 00:10:00,0.35126999999999997
2021-03-21 00:20:00,0.35126999999999997
2021-03-21 00:30:00,0.35126999999999997
2021-03-21 00:40:00,0.35126999999999997
2021-03-21 00:50:00,0.35126999999999997
2021-03-21 01:00:00,0.35219
2021-03-21 01:10:00,0.35219
2021-03-21 01:20:00,0.35219
2021-03-21 01:30:00,0.35219
2021-03-21 01:40:00,0.35219
2021-03-21 01:50:00,0.35219
2021-03-21 02:00:00,0.35045
2021-03-21 02:10:00,0.35045
2021-03-21 02:20:00,0.35045
2021-03-21 02:30:00,0.35045
2021-03-21 02:40:00,0.35045
2021-03-21 02:50:00,0.35045
2021-03-21 03:00:00,0.34994
2021-03-21 03:10:00,0.34994
2021-03-21 03:20:00,0.34994
2021-03-21 03:30:00,0.34994
2021-03-21 03:40:00,0.34994
2021-03-21 03:50:00,0.34994
2021-03-21 04:00:00,0.3527
2021-03-21 04:10:00,0.3527
2021-03-21 04:20:00,0.3527
2021-03-21 04:30:00,0.3527
2021-03-21 04:40:00,0.3527
2021-03-21 04:50:00,0.3527
2021-03-21 05:00:00,0.35463
2021-03-21 05:10:00,0.35463
2021-03-21 05:20:00,0.35463
2021-03-21 05:30:00,0.35463
2021-03-21 05:40:00,0.35463
2021-03-21 05:50:00,0.35463
2021-03-21 06:00:00,0.36013999999999996
2021-03-21 06:10:00,0.36013999999999996
2021-03-21 06:20:00,0.36013999999999996
2021-03-21 06:30:00,0.36013999999999996
2021-03-21 06:40:00,0.36013999999999996
2021-03-21 06:50:00,0.36013999999999996
2021-03-21 07:00:00,0.36125999999999997
2021-03-21 07:10:00,0.36125999999999997
2021-03-21 07:20:00,0.36125999999999997
2021-03-21 07:30:00,0.36125999999999997
2021-03-21 07:40:00,0.36125999999999997
2021-03-21 07:50:00,0.36125999999999997
2021-03-21 08:00:00,0.36319999999999997
2021-03-21 08:10:00,0.36319999999999997
2021-03-21 08:20:00,0.36319999999999997
2021-03-21 08:30:00,0.36319999999999997
2021-03-21 08:40:00,0.36319999999999997
2021-03-21 08:50:00,0.36319999999999997
2021-03-21 09:00:00,0.36513999999999996
2021-03-21 09:10:00,0.36513999999999996
2021-03-21 09:20:00,0.36513999999999996
2021-03-21 09:30:00,0.36513999999999996
2021-03-21 09:40:00,0.36513999999999996
2021-03-21 09:50:00,0.36513999999999996
2021-03-21 10:00:00,0.36769
2021-03-21 10:10:00,0.36769
2021-03-21 10:20:00,0.36769
2021-03-21 10:30:00,0.36769
2021-03-21 10:40:00,0.36769
2021-03-21 10:50:00,0.36769
2021-03-21 11:00:00,0.36616000000000004
2021-03-21 11:10:00,0.36616000000000004
2021-03-21 11:20:00,0.36616000000000004
2021-03-21 11:30:00,0.36616000000000004
2021-03-21 11:40:00,0.36616000000000004
2021-03-21 11:50:00,0.36616000000000004
2021-03-21 12:00:00,0.36401999999999995
2021-03-21 12:10:00,0.36401999999999995
2021-03-21 12:20:00,0.36401999999999995
2021-03-21 12:30:00,0.36401999999999995
2021-03-21 12:40:00,0.36401999999999995
2021-03-21 12:50:00,0.36401999999999995
2021-03-21 13:00:00,0.36187
2021-03-21 13:10:00,0.36187
2021-03-21 13:20:00,0.36187
2021-03-21 13:30:00,0.36187
2021-03-21 13:40:00,0.36187
2021-03-21 13:50:00,0.36187
2021-03-21 14:00:00,0.36167
2021-03-21 14:10:00,0.36167
2021-03-21 14:20:00,0.36167
2021-03-21 14:30:00,0.36167
2021-03-21 14:40:00,0.36167
2021-03-21 14:50:00,0.36167
2021-03-21 15:00:00,0.37136
2021-03-21 15:10:00,0.37136
2021-03-21 15:20:00,0.37136
2021-03-21 15:30:00,0.37136
2021-03-21 15:40:00,0.37136
2021-03-21 15:50:00,0.37136
2021-03-21 16:00:00,0.37911
2021-03-21 16:10:00,0.37911
2021-03-21 16:20:00,0.37911
2021-03-21 16:30:00,0.37911
2021-03-21 16:40:00,0.37911
2021-03-21 16:50:00,0.37911
2021-03-21 17:00:00,0.39194999999999997
2021-03-21 17:10:00,0.39194999999999997
2021-03-21 17:20:00,0.39194999999999997
2021-03-21 17:30:00,0.39194999999999997
2021-03-21 17:40:00,0.39194999999999997
2021-03-21 17:50:00,0.39194999999999997
2021-03-21 18:00:00,0.4045
2021-03-21 18:10:00,0.4045
2021-03-21 18:20:00,0.4045
2021-03-21 18:30:00,0.4045
2021-03-21 18:40:00,0.4045
2021-03-21 18:50:00,0.4045
2021-03-21 19:00:00,0.41306
2021-03-21 19:10:00,0.41306
2021-03-21 19:20:00,0.41306
2021-03-21 19:30:00,0.41306
2021-03-21 19:40:00,0.41306
2021-03-21 19:50:00,0.41306
2021-03-21 20:00:00,0.41152999999999995
2021-03-21 20:10:00,0.41152999999999995
2021-03-21 20:20:00,0.41152999999999995
2021-03-21 20:30:00,0.41152999999999995
2021-03-21 20:40:00,0.41152999999999995
2021-03-21 20:50:00,0.41152999999999995
2021-03-21 21:00:00,0.41
2021-03-21 21:10:00,0.41
2021-03-21 21:20:00,0.41
2021-03-21 21:30:00,0.41
2021-03-21 21:40:00,0.41
2021-03-21 21:50:00,0.41
2021-03-21 22:00:00,0.40766
2021-03-21 22:10:00,0.40766
2021-03-21 22:20:00,0.40766
2021-03-21 22:30:00,0.40766
2021-03-21 22:40:00,0.40766
2021-03-21 22:50:00,0.40766
2021-03-21 23:00:00,0.40225
2021-03-21 23:10:00,0.40225
2021-03-21 23:20:00,0.40225
2021-03-21 23:30:00,0.40225
2021-03-21 23:40:00,0.40225
2021-03-21 23:50:00,0.40225
2021-03-22 00:00:00,0.40205
2021-03-22 00:10:00,0.40205
2021-03-22 00:20:00,0.40205
2021-03-22 00:30:00,0.40205
2021-03-22 00:40:00,0.40205
2021-03-22 00:50:00,0.40205
2021-03-22 01:00:00,0.40042
2021-03-22 01:10:00,0.40042
2021-03-22 01:20:00,0.40042
2021-03-22 01:30:00,0.40042
2021-03-22 01:40:00,0.40042
2021-03-22 01:50:00,0.40042
2021-03-22 02:00:00,0.40062000000000003
2021-03-22 02:10:00,0.40062000000000003
2021-03-22 02:20:00,0.40062000000000003
2021-03-22 02:30:00,0.40062000000000003
2021-03-22 02:40:00,0.40062000000000003
2021-03-22 02:50:00,0.40062000000000003
2021-03-22 03:00:00,0.40154
2021-03-22 03:10:00,0.40154
2021-03-22 03:20:00,0.40154
2021-03-22 03:30:00,0.40154
2021-03-22 03:40:00,0.40154
2021-03-22 03:50:00,0.40154
2021-03-22 04:00:00,0.40368
2021-03-22 04:10:00,0.40368
2021-03-22 04:20:00,0.40368
2021-03-22 04:30:00,0.40368
2021-03-22 04:40:00,0.40368
2021-03-22 04:50:00,0.40368
2021-03-22 05:00:00,0.41082
2021-03-22 05:10:00,0.41082
2021-03-22 05:20:00,0.41082
2021-03-22 05:30:00,0.41082
2021-03-22 05:40:00,0.41082
2021-03-22 05:50:00,0.41082
2021-03-22 06:00:00,0.43876
2021-03-22 06:10:00,0.43876
2021-03-22 06:20:00,0.43876
2021-03-22 06:30:00,0.43876
2021-03-22 06:40:00,0.43876
2021-03-22 06:50:00,0.43876
2021-03-22 07:00:00,0.50758
2021-03-22 07:10:00,0.50758
2021-03-22 07:20:00,0.50758
2021-03-22 07:30:00,0.50758
2021-03-22 07:40:00,0.50758
2021-03-22 07:50:00,0.50758
2021-03-22 08:00:00,0.57172
2021-03-22 08:10:00,0.57172
2021-03-22 08:20:00,0.57172
2021-03-22 08:30:00,0.57172
2021-03-22 08:40:00,0.57172
2021-03-22 08:50:00,0.57172
2021-03-22 09:00:00,0.46425
2021-03-22 09:10:00,0.46425
2021-03-22 09:20:00,0.46425
2021-03-22 09:30:00,0.46425
2021-03-22 09:40:00,0.46425
2021-03-22 09:50:00,0.46425
2021-03-22 10:00:00,0.45191000000000003
2021-03-22 10:10:00,0.45191000000000003
2021-03-22 10:20:00,0.45191000000000003
2021-03-22 10:30:00,0.45191000000000003
2021-03-22 10:40:00,0.45191000000000003
2021-03-22 10:50:00,0.45191000000000003
2021-03-22 11:00:00,0.43895999999999996
2021-03-22 11:10:00,0.43895999999999996
2021-03-22 11:20:00,0.43895999999999996
2021-03-22 11:30:00,0.43895999999999996
2021-03-22 11:40:00,0.43895999999999996
2021-03-22 11:50:00,0.43895999999999996
2021-03-22 12:00:00,0.43507999999999997
2021-03-22 12:10:00,0.43507999999999997
2021-03-22 12:20:00,0.43507999999999997
2021-03-22 12:30:00,0.43507999999999997
2021-03-22 12:40:00,0.43507999999999997
2021-03-22 12:50:00,0.43507999999999997
2021-03-22 13:00:00,0.42856
2021-03-22 13:10:00,0.42856
2021-03-22 13:20:00,0.42856
2021-03-22 13:30:00,0.42856
2021-03-22 13:40:00,0.42856
2021-03-22 13:50:00,0.42856
2021-03-22 14:00:00,0.4255
2021-03-22 14:10:00,0.4255
2021-03-22 14:20:00,0.4255
2021-03-22 14:30:00,0.4255
2021-03-22 14:40:00,0.4255
2021-03-22 14:50:00,0.4255
2021-03-22 15:00:00,0.42693000000000003
2021-03-22 15:10:00,0.42693000000000003
2021-03-22 15:20:00,0.42693000000000003
2021-03-22 15:30:00,0.42693000000000003
2021-03-22 15:40:00,0.42693000000000003
2021-03-22 15:50:00,0.42693000000000003
2021-03-22 16:00:00,0.43294
2021-03-22 16:10:00,0.43294
2021-03-22 16:20:00,0.43294
2021-03-22 16:30:00,0.43294
2021-03-22 16:40:00,0.43294
2021-03-22 16:50:00,0.43294
2021-03-22 17:00:00,0.43876
2021-03-22 17:10:00,0.43876
2021-03-22 17:20:00,0.43876
2021-03-22 17:30:00,0.43876
2021-03-22 17:40:00,0.43876
2021-03-22 17:50:00,0.43876
2021-03-22 18:00:00,0.45058
2021-03-22 18:10:00,0.45058
2021-03-22 18:20:00,0.45058
2021-03-22 18:30:00,0.45058
2021-03-22 18:40:00,0.45058
2021-03-22 18:50:00,0.45058
2021-03-22 19:00:00,0.45323
2021-03-22 19:10:00,0.45323
2021-03-22 19:20:00,0.45323
2021-03-22 19:30:00,0.45323
2021-03-22 19:40:00,0.45323
2021-03-22 19:50:00,0.45323
2021-03-22 20:00:00,0.42468
2021-03-22 20:10:00,0.42468
2021-03-22 20:20:00,0.42468
2021-03-22 20:30:00,0.42468
2021-03-22 20:40:00,0.42468
2021-03-22 20:50:00,0.42468
2021-03-22 21:00:00,0.42417
2021-03-22 21:10:00,0.42417
2021-03-22 21:20:00,0.42417
2021-03-22 21:30:00,0.42417
2021-03-22 21:40:00,0.42417
2021-03-22 21:50:00,0.42417
2021-03-22 22:00:00,0.40847
2021-03-22 22:10:00,0.40847
2021-03-22 22:20:00,0.40847
2021-03-22 22:30:00,0.40847
2021-03-22 22:40:00,0.40847
2021-03-22 22:50:00,0.40847
2021-03-22 23:00:00,0.39929000000000003
2021-03-22 23:10:00,0.39929000000000003
2021-03-22 23:20:00,0.39929000000000003
2021-03-22 23:30:00,0.39929000000000003
2021-03-22 23:40:00,0.39929000000000003
2021-03-22 23:50:00,0.39929000000000003
2021-03-23 00:00:00,0.4
2021-03-23 00:10:00,0.4
2021-03-23 00:20:00,0.4
2021-03-23 00:30:00,0.4
2021-03-23 00:40:00,0.4
2021-03-23 00:50:00,0.4
2021-03-23 01:00:00,0.39938999999999997
2021-03-23 01:10:00,0.39938999999999997
2021-03-23 01:20:00,0.39938999999999997
2021-03-23 01:30:00,0.39938999999999997
2021-03-23 01:40:00,0.39938999999999997
2021-03-23 01:50:00,0.39938999999999997
2021-03-23 02:00:00,0.39979000000000003
2021-03-23 02:10:00,0.39979000000000003
2021-03-23 02:20:00,0.39979000000000003
2021-03-23 02:30:00,0.39979000000000003
2021-03-23 02:40:00,0.39979000000000003
2021-03-23 02:50:00,0.39979000000000003
2021-03-23 03:00:00,0.4004
2021-03-23 03:10:00,0.4004
2021-03-23 03:20:00,0.4004
2021-03-23 03:30:00,0.4004
2021-03-23 03:40:00,0.4004
2021-03-23 03:50:00,0.4004
2021-03-23 04:00:00,0.40182
2021-03-23 04:10:00,0.40182
2021-03-23 04:20:00,0.40182
2021-03-23 04:30:00,0.40182
2021-03-23 04:40:00,0.40182
2021-03-23 04:50:00,0.40182
2021-03-23 05:00:00,0.41075
2021-03-23 05:10:00,0.41075
2021-03-23 05:20:00,0.41075
2021-03-23 05:30:00,0.41075
2021-03-23 05:40:00,0.41075
2021-03-23 05:50:00,0.41075
2021-03-23 06:00:00,0.42769999999999997
2021-03-23 06:10:00,0.42769999999999997
2021-03-23 06:20:00,0.42769999999999997
2021-03-23 06:30:00,0.42769999999999997
2021-03-23 06:40:00,0.42769999999999997
2021-03-23 06:50:00,0.42769999999999997
2021-03-23 07:00:00,0.5307200000000001
2021-03-23 07:10:00,0.5307200000000001
2021-03-23 07:20:00,0.5307200000000001
2021-03-23 07:30:00,0.5307200000000001
2021-03-23 07:40:00,0.5307200000000001
2021-03-23 07:50:00,0.5307200000000001
2021-03-23 08:00:00,0.74803
2021-03-23 08:10:00,0.74803
2021-03-23 08:20:00,0.74803
2021-03-23 08:30:00,0.74803
2021-03-23 08:40:00,0.74803
2021-03-23 08:50:00,0.74803
2021-03-23 09:00:00,0.45511
2021-03-23 09:10:00,0.45511
2021-03-23 09:20:00,0.45511
2021-03-23 09:30:00,0.45511
2021-03-23 09:40:00,0.45511
2021-03-23 09:50:00,0.45511
2021-03-23 10:00:00,0.44141
2021-03-23 10:10:00,0.44141
2021-03-23 10:20:00,0.44141
2021-03-23 10:30:00,0.44141
2021-03-23 10:40:00,0.44141
2021-03-23 10:50:00,0.44141
2021-03-23 11:00:00,0.4273
2021-03-23 11:10:00,0.4273
2021-03-23 11:20:00,0.4273
2021-03-23 11:30:00,0.4273
2021-03-23 11:40:00,0.4273
2021-03-23 11:50:00,0.4273
2021-03-23 12:00:00,0.42293000000000003
2021-03-23 12:10:00,0.42293000000000003
2021-03-23 12:20:00,0.42293000000000003
2021-03-23 12:30:00,0.42293000000000003
2021-03-23 12:40:00,0.42293000000000003
2021-03-23 12:50:00,0.42293000000000003
2021-03-23 13:00:00,0.41796
2021-03-23 13:10:00,0.41796
2021-03-23 13:20:00,0.41796
2021-03-23 13:30:00,0.41796
2021-03-23 13:40:00,0.41796
2021-03-23 13:50:00,0.41796
2021-03-23 14:00:00,0.41461000000000003
2021-03-23 14:10:00,0.41461000000000003
2021-03-23 14:20:00,0.41461000000000003
2021-03-23 14:30:00,0.41461000000000003
2021-03-23 14:40:00,0.41461000000000003
2021-03-23 14:50:00,0.41461000000000003
2021-03-23 15:00:00,0.4139
2021-03-23 15:10:00,0.4139
2021-03-23 15:20:00,0.4139
2021-03-23 15:30:00,0.4139
2021-03-23 15:40:00,0.4139
2021-03-23 15:50:00,0.4139
2021-03-23 16:00:00,0.41126
2021-03-23 16:10:00,0.41126
2021-03-23 16:20:00,0.41126
2021-03-23 16:30:00,0.41126
2021-03-23 16:40:00,0.41126
2021-03-23 16:50:00,0.41126
2021-03-23 17:00:00,0.41502
2021-03-23 17:10:00,0.41502
2021-03-23 17:20:00,0.41502
2021-03-23 17:30:00,0.41502
2021-03-23 17:40:00,0.41502
2021-03-23 17:50:00,0.41502
2021-03-23 18:00:00,0.42273
2021-03-23 18:10:00,0.42273
2021-03-23 18:20:00,0.42273
2021-03-23 18:30:00,0.42273
2021-03-23 18:40:00,0.42273
2021-03-23 18:50:00,0.42273
2021-03-23 19:00:00,0.40993999999999997
2021-03-23 19:10:00,0.40993999999999997
2021-03-23 19:20:00,0.40993999999999997
2021-03-23 19:30:00,0.40993999999999997
2021-03-23 19:40:00,0.40993999999999997
2021-03-23 19:50:00,0.40993999999999997
2021-03-23 20:00:00,0.40526999999999996
2021-03-23 20:10:00,0.40526999999999996
2021-03-23 20:20:00,0.40526999999999996
2021-03-23 20:30:00,0.40526999999999996
2021-03-23 20:40:00,0.40526999999999996
2021-03-23 20:50:00,0.40526999999999996
2021-03-23 21:00:00,0.41004
2021-03-23 21:10:00,0.41004
2021-03-23 21:20:00,0.41004
2021-03-23 21:30:00,0.41004
2021-03-23 21:40:00,0.41004
2021-03-23 21:50:00,0.41004
2021-03-23 22:00:00,0.40497000000000005
2021-03-23 22:10:00,0.40497000000000005
2021-03-23 22:20:00,0.40497000000000005
2021-03-23 22:30:00,0.40497000000000005
2021-03-23 22:40:00,0.40497000000000005
2021-03-23 22:50:00,0.40497000000000005
2021-03-23 23:00:00,0.39817
2021-03-23 23:10:00,0.39817
2021-03-23 23:20:00,0.39817
2021-03-23 23:30:00,0.39817
2021-03-23 23:40:00,0.39817
2021-03-23 23:50:00,0.39817
2021-03-24 00:00:00,0.39912000000000003
2021-03-24 00:10:00,0.39912000000000003
2021-03-24 00:20:00,0.39912000000000003
2021-03-24 00:30:00,0.39912000000000003
2021-03-24 00:40:00,0.39912000000000003
2021-03-24 00:50:00,0.39912000000000003
2021-03-24 01:00:00,0.38903
2021-03-24 01:10:00,0.38903
2021-03-24 01:20:00,0.38903
2021-03-24 01:30:00,0.38903
2021-03-24 01:40:00,0.38903
2021-03-24 01:50:00,0.38903
2021-03-24 02:00:00,0.38516
2021-03-24 02:10:00,0.38516
2021-03-24 02:20:00,0.38516
2021-03-24 02:30:00,0.38516
2021-03-24 02:40:00,0.38516
2021-03-24 02:50:00,0.38516
2021-03-24 03:00:00,0.38445
2021-03-24 03:10:00,0.38445
2021-03-24 03:20:00,0.38445
2021-03-24 03:30:00,0.38445
2021-03-24 03:40:00,0.38445
2021-03-24 03:50:00,0.38445
2021-03-24 04:00:00,0.38537
2021-03-24 04:10:00,0.38537
2021-03-24 04:20:00,0.38537
2021-03-24 04:30:00,0.38537
2021-03-24 04:40:00,0.38537
2021-03-24 04:50:00,0.38537
2021-03-24 05:00:00,0.3982
2021-03-24 05:10:00,0.3982
2021-03-24 05:20:00,0.3982
2021-03-24 05:30:00,0.3982
2021-03-24 05:40:00,0.3982
2021-03-24 05:50:00,0.3982
2021-03-24 06:00:00,0.40299
2021-03-24 06:10:00,0.40299
2021-03-24 06:20:00,0.40299
2021-03-24 06:30:00,0.40299
2021-03-24 06:40:00,0.40299
2021-03-24 06:50:00,0.40299
2021-03-24 07:00:00,0.40941000000000005
2021-03-24 07:10:00,0.40941000000000005
2021-03-24 07:20:00,0.40941000000000005
2021-03-24 07:30:00,0.40941000000000005
2021-03-24 07:40:00,0.40941000000000005
2021-03-24 07:50:00,0.40941000000000005
2021-03-24 08:00:00,0.41939
2021-03-24 08:10:00,0.41939
2021-03-24 08:20:00,0.41939
2021-03-24 08:30:00,0.41939
2021-03-24 08:40:00,0.41939
2021-03-24 08:50:00,0.41939
2021-03-24 09:00:00,0.41073000000000004
2021-03-24 09:10:00,0.41073000000000004
2021-03-24 09:20:00,0.41073000000000004
2021-03-24 09:30:00,0.41073000000000004
2021-03-24 09:40:00,0.41073000000000004
2021-03-24 09:50:00,0.41073000000000004
2021-03-24 10:00:00,0.40299
2021-03-24 10:10:00,0.40299
2021-03-24 10:20:00,0.40299
2021-03-24 10:30:00,0.40299
2021-03-24 10:40:00,0.40299
2021-03-24 10:50:00,0.40299
2021-03-24 11:00:00,0.40532999999999997
2021-03-24 11:10:00,0.40532999999999997
2021-03-24 11:20:00,0.40532999999999997
2021-03-24 11:30:00,0.40532999999999997
2021-03-24 11:40:00,0.40532999999999997
2021-03-24 11:50:00,0.40532999999999997
2021-03-24 12:00:00,0.40554
2021-03-24 12:10:00,0.40554
2021-03-24 12:20:00,0.40554
2021-03-24 12:30:00,0.40554
2021-03-24 12:40:00,0.40554
2021-03-24 12:50:00,0.40554
2021-03-24 13:00:00,0.40268
2021-03-24 13:10:00,0.40268
2021-03-24 13:20:00,0.40268
2021-03-24 13:30:00,0.40268
2021-03-24 13:40:00,0.40268
2021-03-24 13:50:00,0.40268
2021-03-24 14:00:00,0.40187
2021-03-24 14:10:00,0.40187
2021-03-24 14:20:00,0.40187
2021-03-24 14:30:00,0.40187
2021-03-24 14:40:00,0.40187
2021-03-24 14:50:00,0.40187
2021-03-24 15:00:00,0.40156000000000003
2021-03-24 15:10:00,0.40156000000000003
2021-03-24 15:20:00,0.40156000000000003
2021-03-24 15:30:00,0.40156000000000003
2021-03-24 15:40:00,0.40156000000000003
2021-03-24 15:50:00,0.40156000000000003
2021-03-24 16:00:00,0.40217
2021-03-24 16:10:00,0.40217
2021-03-24 16:20:00,0.40217
2021-03-24 16:30:00,0.40217
2021-03-24 16:40:00,0.40217
2021-03-24 16:50:00,0.40217
2021-03-24 17:00:00,0.40605
2021-03-24 17:10:00,0.40605
2021-03-24 17:20:00,0.40605
2021-03-24 17:30:00,0.40605
2021-03-24 17:40:00,0.40605
2021-03-24 17:50:00,0.40605
2021-03-24 18:00:00,0.41868
2021-03-24 18:10:00,0.41868
2021-03-24 18:20:00,0.41868
2021-03-24 18:30:00,0.41868
2021-03-24 18:40:00,0.41868
2021-03-24 18:50:00,0.41868
2021-03-24 19:00:00,0.40635000000000004
2021-03-24 19:10:00,0.40635000000000004
2021-03-24 19:20:00,0.40635000000000004
2021-03-24 19:30:00,0.40635000000000004
2021-03-24 19:40:00,0.40635000000000004
2021-03-24 19:50:00,0.40635000000000004
2021-03-24 20:00:00,0.4035
2021-03-24 20:10:00,0.4035
2021-03-24 20:20:00,0.4035
2021-03-24 20:30:00,0.4035
2021-03-24 20:40:00,0.4035
2021-03-24 20:50:00,0.4035
2021-03-24 21:00:00,0.40564
2021-03-24 21:10:00,0.40564
2021-03-24 21:20:00,0.40564
2021-03-24 21:30:00,0.40564
2021-03-24 21:40:00,0.40564
2021-03-24 21:50:00,0.40564
2021-03-24 22:00:00,0.40472
2021-03-24 22:10:00,0.40472
2021-03-24 22:20:00,0.40472
2021-03-24 22:30:00,0.40472
2021-03-24 22:40:00,0.40472
2021-03-24 22:50:00,0.40472
2021-03-24 23:00:00,0.40024
2021-03-24 23:10:00,0.40024
2021-03-24 23:20:00,0.40024
2021-03-24 23:30:00,0.40024
2021-03-24 23:40:00,0.40024
2021-03-24 23:50:00,0.40024
2021-03-25 00:00:00,0.399
2021-03-25 00:10:00,0.399
2021-03-25 00:20:00,0.399
2021-03-25 00:30:00,0.399
2021-03-25 00:40:00,0.399
2021-03-25 00:50:00,0.399
2021-03-25 01:00:00,0.39697000000000005
2021-03-25 01:10:00,0.39697000000000005
2021-03-25 01:20:00,0.39697000000000005
2021-03-25 01:30:00,0.39697000000000005
2021-03-25 01:40:00,0.39697000000000005
2021-03-25 01:50:00,0.39697000000000005
2021-03-25 02:00:00,0.39605
2021-03-25 02:10:00,0.39605
2021-03-25 02:20:00,0.39605
2021-03-25 02:30:00,0.39605
2021-03-25 02:40:00,0.39605
2021-03-25 02:50:00,0.39605
2021-03-25 03:00:00,0.39594999999999997
2021-03-25 03:10:00,0.39594999999999997
2021-03-25 03:20:00,0.39594999999999997
2021-03-25 03:30:00,0.39594999999999997
2021-03-25 03:40:00,0.39594999999999997
2021-03-25 03:50:00,0.39594999999999997
2021-03-25 04:00:00,0.39707
2021-03-25 04:10:00,0.39707
2021-03-25 04:20:00,0.39707
2021-03-25 04:30:00,0.39707
2021-03-25 04:40:00,0.39707
2021-03-25 04:50:00,0.39707
2021-03-25 05:00:00,0.40082
2021-03-25 05:10:00,0.40082
2021-03-25 05:20:00,0.40082
2021-03-25 05:30:00,0.40082
2021-03-25 05:40:00,0.40082
2021-03-25 05:50:00,0.40082
2021-03-25 06:00:00,0.40661
2021-03-25 06:10:00,0.40661
2021-03-25 06:20:00,0.40661
2021-03-25 06:30:00,0.40661
2021-03-25 06:40:00,0.40661
2021-03-25 06:50:00,0.40661
2021-03-25 07:00:00,0.42995
2021-03-25 07:10:00,0.42995
2021-03-25 07:20:00,0.42995
2021-03-25 07:30:00,0.42995
2021-03-25 07:40:00,0.42995
2021-03-25 07:50:00,0.42995
2021-03-25 08:00:00,0.44254000000000004
2021-03-25 08:10:00,0.44254000000000004
2021-03-25 08:20:00,0.44254000000000004
2021-03-25 08:30:00,0.44254000000000004
2021-03-25 08:40:00,0.44254000000000004
2021-03-25 08:50:00,0.44254000000000004
2021-03-25 09:00:00,0.43219
2021-03-25 09:10:00,0.43219
2021-03-25 09:20:00,0.43219
2021-03-25 09:30:00,0.43219
2021-03-25 09:40:00,0.43219
2021-03-25 09:50:00,0.43219
2021-03-25 10:00:00,0.43747
2021-03-25 10:10:00,0.43747
2021-03-25 10:20:00,0.43747
2021-03-25 10:30:00,0.43747
2021-03-25 10:40:00,0.43747
2021-03-25 10:50:00,0.43747
2021-03-25 11:00:00,0.41502999999999995
2021-03-25 11:10:00,0.41502999999999995
2021-03-25 11:20:00,0.41502999999999995
2021-03-25 11:30:00,0.41502999999999995
2021-03-25 11:40:00,0.41502999999999995
2021-03-25 11:50:00,0.41502999999999995
2021-03-25 12:00:00,0.40681
2021-03-25 12:10:00,0.40681
2021-03-25 12:20:00,0.40681
2021-03-25 12:30:00,0.40681
2021-03-25 12:40:00,0.40681
2021-03-25 12:50:00,0.40681
2021-03-25 13:00:00,0.40417000000000003
2021-03-25 13:10:00,0.40417000000000003
2021-03-25 13:20:00,0.40417000000000003
2021-03-25 13:30:00,0.40417000000000003
2021-03-25 13:40:00,0.40417000000000003
2021-03-25 13:50:00,0.40417000000000003
2021-03-25 14:00:00,0.39981
2021-03-25 14:10:00,0.39981
2021-03-25 14:20:00,0.39981
2021-03-25 14:30:00,0.39981
2021-03-25 14:40:00,0.39981
2021-03-25 14:50:00,0.39981
2021-03-25 15:00:00,0.40468
2021-03-25 15:10:00,0.40468
2021-03-25 15:20:00,0.40468
2021-03-25 15:30:00,0.40468
2021-03-25 15:40:00,0.40468
2021-03-25 15:50:00,0.40468
2021-03-25 16:00:00,0.40458
2021-03-25 16:10:00,0.40458
2021-03-25 16:20:00,0.40458
2021-03-25 16:30:00,0.40458
2021-03-25 16:40:00,0.40458
2021-03-25 16:50:00,0.40458
2021-03-25 17:00:00,0.41370999999999997
2021-03-25 17:10:00,0.41370999999999997
2021-03-25 17:20:00,0.41370999999999997
2021-03-25 17:30:00,0.41370999999999997
2021-03-25 17:40:00,0.41370999999999997
2021-03-25 17:50:00,0.41370999999999997
2021-03-25 18:00:00,0.41969999999999996
2021-03-25 18:10:00,0.41969999999999996
2021-03-25 18:20:00,0.41969999999999996
2021-03-25 18:30:00,0.41969999999999996
2021-03-25 18:40:00,0.41969999999999996
2021-03-25 18:50:00,0.41969999999999996
2021-03-25 19:00:00,0.41696
2021-03-25 19:10:00,0.41696
2021-03-25 19:20:00,0.41696
2021-03-25 19:30:00,0.41696
2021-03-25 19:40:00,0.41696
2021-03-25 19:50:00,0.41696
2021-03-25 20:00:00,0.40346
2021-03-25 20:10:00,0.40346
2021-03-25 20:20:00,0.40346
2021-03-25 20:30:00,0.40346
2021-03-25 20:40:00,0.40346
2021-03-25 20:50:00,0.40346
2021-03-25 21:00:00,0.40499
2021-03-25 21:10:00,0.40499
2021-03-25 21:20:00,0.40499
2021-03-25 21:30:00,0.40499
2021-03-25 21:40:00,0.40499
2021-03-25 21:50:00,0.40499
2021-03-25 22:00:00,0.40224
2021-03-25 22:10:00,0.40224
2021-03-25 22:20:00,0.40224
2021-03-25 22:30:00,0.40224
2021-03-25 22:40:00,0.40224
2021-03-25 22:50:00,0.40224
2021-03-25 23:00:00,0.39829000000000003
2021-03-25 23:10:00,0.39829000000000003
2021-03-25 23:20:00,0.39829000000000003
2021-03-25 23:30:00,0.39829000000000003
2021-03-25 23:40:00,0.39829000000000003
2021-03-25 23:50:00,0.39829000000000003
2021-03-26 00:00:00,0.39973000000000003
2021-03-26 00:10:00,0.39973000000000003
2021-03-26 00:20:00,0.39973000000000003
2021-03-26 00:30:00,0.39973000000000003
2021-03-26 00:40:00,0.39973000000000003
2021-03-26 00:50:00,0.39973000000000003
2021-03-26 01:00:00,0.39699
2021-03-26 01:10:00,0.39699
2021-03-26 01:20:00,0.39699
2021-03-26 01:30:00,0.39699
2021-03-26 01:40:00,0.39699
2021-03-26 01:50:00,0.39699
2021-03-26 02:00:00,0.39414
2021-03-26 02:10:00,0.39414
2021-03-26 02:20:00,0.39414
2021-03-26 02:30:00,0.39414
2021-03-26 02:40:00,0.39414
2021-03-26 02:50:00,0.39414
2021-03-26 03:00:00,0.39394
2021-03-26 03:10:00,0.39394
2021-03-26 03:20:00,0.39394
2021-03-26 03:30:00,0.39394
2021-03-26 03:40:00,0.39394
2021-03-26 03:50:00,0.39394
2021-03-26 04:00:00,0.39658
2021-03-26 04:10:00,0.39658
2021-03-26 04:20:00,0.39658
2021-03-26 04:30:00,0.39658
2021-03-26 04:40:00,0.39658
2021-03-26 04:50:00,0.39658
2021-03-26 05:00:00,0.398
2021-03-26 05:10:00,0.398
2021-03-26 05:20:00,0.398
2021-03-26 05:30:00,0.398
2021-03-26 05:40:00,0.398
2021-03-26 05:50:00,0.398
2021-03-26 06:00:00,0.40573000000000004
2021-03-26 06:10:00,0.40573000000000004
2021-03-26 06:20:00,0.40573000000000004
2021-03-26 06:30:00,0.40573000000000004
2021-03-26 06:40:00,0.40573000000000004
2021-03-26 06:50:00,0.40573000000000004
2021-03-26 07:00:00,0.42179
2021-03-26 07:10:00,0.42179
2021-03-26 07:20:00,0.42179
2021-03-26 07:30:00,0.42179
2021-03-26 07:40:00,0.42179
2021-03-26 07:50:00,0.42179
2021-03-26 08:00:00,0.42351
2021-03-26 08:10:00,0.42351
2021-03-26 08:20:00,0.42351
2021-03-26 08:30:00,0.42351
2021-03-26 08:40:00,0.42351
2021-03-26 08:50:00,0.42351
2021-03-26 09:00:00,0.40512
2021-03-26 09:10:00,0.40512
2021-03-26 09:20:00,0.40512
2021-03-26 09:30:00,0.40512
2021-03-26 09:40:00,0.40512
2021-03-26 09:50:00,0.40512
2021-03-26 10:00:00,0.40237
2021-03-26 10:10:00,0.40237
2021-03-26 10:20:00,0.40237
2021-03-26 10:30:00,0.40237
2021-03-26 10:40:00,0.40237
2021-03-26 10:50:00,0.40237
2021-03-26 11:00:00,0.38266
2021-03-26 11:10:00,0.38266
2021-03-26 11:20:00,0.38266
2021-03-26 11:30:00,0.38266
2021-03-26 11:40:00,0.38266
2021-03-26 11:50:00,0.38266
2021-03-26 12:00:00,0.3668
2021-03-26 12:10:00,0.3668
2021-03-26 12:20:00,0.3668
2021-03-26 12:30:00,0.3668
2021-03-26 12:40:00,0.3668
2021-03-26 12:50:00,0.3668
2021-03-26 13:00:00,0.36355
2021-03-26 13:10:00,0.36355
2021-03-26 13:20:00,0.36355
2021-03-26 13:30:00,0.36355
2021-03-26 13:40:00,0.36355
2021-03-26 13:50:00,0.36355
2021-03-26 14:00:00,0.36792
2021-03-26 14:10:00,0.36792
2021-03-26 14:20:00,0.36792
2021-03-26 14:30:00,0.36792
2021-03-26 14:40:00,0.36792
2021-03-26 14:50:00,0.36792
2021-03-26 15:00:00,0.38255
2021-03-26 15:10:00,0.38255
2021-03-26 15:20:00,0.38255
2021-03-26 15:30:00,0.38255
2021-03-26 15:40:00,0.38255
2021-03-26 15:50:00,0.38255
2021-03-26 16:00:00,0.39282
2021-03-26 16:10:00,0.39282
2021-03-26 16:20:00,0.39282
2021-03-26 16:30:00,0.39282
2021-03-26 16:40:00,0.39282
2021-03-26 16:50:00,0.39282
2021-03-26 17:00:00,0.40014
2021-03-26 17:10:00,0.40014
2021-03-26 17:20:00,0.40014
2021-03-26 17:30:00,0.40014
2021-03-26 17:40:00,0.40014
2021-03-26 17:50:00,0.40014
2021-03-26 18:00:00,0.40197000000000005
2021-03-26 18:10:00,0.40197000000000005
2021-03-26 18:20:00,0.40197000000000005
2021-03-26 18:30:00,0.40197000000000005
2021-03-26 18:40:00,0.40197000000000005
2021-03-26 18:50:00,0.40197000000000005
2021-03-26 19:00:00,0.39414
2021-03-26 19:10:00,0.39414
2021-03-26 19:20:00,0.39414
2021-03-26 19:30:00,0.39414
2021-03-26 19:40:00,0.39414
2021-03-26 19:50:00,0.39414
2021-03-26 20:00:00,0.39038
2021-03-26 20:10:00,0.39038
2021-03-26 20:20:00,0.39038
2021-03-26 20:30:00,0.39038
2021-03-26 20:40:00,0.39038
2021-03-26 20:50:00,0.39038
2021-03-26 21:00:00,0.39363
2021-03-26 21:10:00,0.39363
2021-03-26 21:20:00,0.39363
2021-03-26 21:30:00,0.39363
2021-03-26 21:40:00,0.39363
2021-03-26 21:50:00,0.39363
2021-03-26 22:00:00,0.38316
2021-03-26 22:10:00,0.38316
2021-03-26 22:20:00,0.38316
2021-03-26 22:30:00,0.38316
2021-03-26 22:40:00,0.38316
2021-03-26 22:50:00,0.38316
2021-03-26 23:00:00,0.36883
2021-03-26 23:10:00,0.36883
2021-03-26 23:20:00,0.36883
2021-03-26 23:30:00,0.36883
2021-03-26 23:40:00,0.36883
2021-03-26 23:50:00,0.36883
2021-03-27 00:00:00,0.38644
2021-03-27 00:10:00,0.38644
2021-03-27 00:20:00,0.38644
2021-03-27 00:30:00,0.38644
2021-03-27 00:40:00,0.38644
2021-03-27 00:50:00,0.38644
2021-03-27 01:00:00,0.38117
2021-03-27 01:10:00,0.38117
2021-03-27 01:20:00,0.38117
2021-03-27 01:30:00,0.38117
2021-03-27 01:40:00,0.38117
2021-03-27 01:50:00,0.38117
2021-03-27 02:00:00,0.37356
2021-03-27 02:10:00,0.37356
2021-03-27 02:20:00,0.37356
2021-03-27 02:30:00,0.37356
2021-03-27 02:40:00,0.37356
2021-03-27 02:50:00,0.37356
2021-03-27 03:00:00,0.36261
2021-03-27 03:10:00,0.36261
2021-03-27 03:20:00,0.36261
2021-03-27 03:30:00,0.36261
2021-03-27 03:40:00,0.36261
2021-03-27 03:50:00,0.36261
2021-03-27 04:00:00,0.35561000000000004
2021-03-27 04:10:00,0.35561000000000004
2021-03-27 04:20:00,0.35561000000000004
2021-03-27 04:30:00,0.35561000000000004
2021-03-27 04:40:00,0.35561000000000004
2021-03-27 04:50:00,0.35561000000000004
2021-03-27 05:00:00,0.35683
2021-03-27 05:10:00,0.35683
2021-03-27 05:20:00,0.35683
2021-03-27 05:30:00,0.35683
2021-03-27 05:40:00,0.35683
2021-03-27 05:50:00,0.35683
2021-03-27 06:00:00,0.35916000000000003
2021-03-27 06:10:00,0.35916000000000003
2021-03-27 06:20:00,0.35916000000000003
2021-03-27 06:30:00,0.35916000000000003
2021-03-27 06:40:00,0.35916000000000003
2021-03-27 06:50:00,0.35916000000000003
2021-03-27 07:00:00,0.35054
2021-03-27 07:10:00,0.35054
2021-03-27 07:20:00,0.35054
2021-03-27 07:30:00,0.35054
2021-03-27 07:40:00,0.35054
2021-03-27 07:50:00,0.35054
2021-03-27 08:00:00,0.35348
2021-03-27 08:10:00,0.35348
2021-03-27 08:20:00,0.35348
2021-03-27 08:30:00,0.35348
2021-03-27 08:40:00,0.35348
2021-03-27 08:50:00,0.35348
2021-03-27 09:00:00,0.36351999999999995
2021-03-27 09:10:00,0.36351999999999995
2021-03-27 09:20:00,0.36351999999999995
2021-03-27 09:30:00,0.36351999999999995
2021-03-27 09:40:00,0.36351999999999995
2021-03-27 09:50:00,0.36351999999999995
2021-03-27 10:00:00,0.36504000000000003
2021-03-27 10:10:00,0.36504000000000003
2021-03-27 10:20:00,0.36504000000000003
2021-03-27 10:30:00,0.36504000000000003
2021-03-27 10:40:00,0.36504000000000003
2021-03-27 10:50:00,0.36504000000000003
2021-03-27 11:00:00,0.36261
2021-03-27 11:10:00,0.36261
2021-03-27 11:20:00,0.36261
2021-03-27 11:30:00,0.36261
2021-03-27 11:40:00,0.36261
2021-03-27 11:50:00,0.36261
2021-03-27 12:00:00,0.36048
2021-03-27 12:10:00,0.36048
2021-03-27 12:20:00,0.36048
2021-03-27 12:30:00,0.36048
2021-03-27 12:40:00,0.36048
2021-03-27 12:50:00,0.36048
2021-03-27 13:00:00,0.35581
2021-03-27 13:10:00,0.35581
2021-03-27 13:20:00,0.35581
2021-03-27 13:30:00,0.35581
2021-03-27 13:40:00,0.35581
2021-03-27 13:50:00,0.35581
2021-03-27 14:00:00,0.35216000000000003
2021-03-27 14:10:00,0.35216000000000003
2021-03-27 14:20:00,0.35216000000000003
2021-03-27 14:30:00,0.35216000000000003
2021-03-27 14:40:00,0.35216000000000003
2021-03-27 14:50:00,0.35216000000000003
2021-03-27 15:00:00,0.3551
2021-03-27 15:10:00,0.3551
2021-03-27 15:20:00,0.3551
2021-03-27 15:30:00,0.3551
2021-03-27 15:40:00,0.3551
2021-03-27 15:50:00,0.3551
2021-03-27 16:00:00,0.36585
2021-03-27 16:10:00,0.36585
2021-03-27 16:20:00,0.36585
2021-03-27 16:30:00,0.36585
2021-03-27 16:40:00,0.36585
2021-03-27 16:50:00,0.36585
2021-03-27 17:00:00,0.38036000000000003
2021-03-27 17:10:00,0.38036000000000003
2021-03-27 17:20:00,0.38036000000000003
2021-03-27 17:30:00,0.38036000000000003
2021-03-27 17:40:00,0.38036000000000003
2021-03-27 17:50:00,0.38036000000000003
2021-03-27 18:00:00,0.39294
2021-03-27 18:10:00,0.39294
2021-03-27 18:20:00,0.39294
2021-03-27 18:30:00,0.39294
2021-03-27 18:40:00,0.39294
2021-03-27 18:50:00,0.39294
2021-03-27 19:00:00,0.41292
2021-03-27 19:10:00,0.41292
2021-03-27 19:20:00,0.41292
2021-03-27 19:30:00,0.41292
2021-03-27 19:40:00,0.41292
2021-03-27 19:50:00,0.41292
2021-03-27 20:00:00,0.40186
2021-03-27 20:10:00,0.40186
2021-03-27 20:20:00,0.40186
2021-03-27 20:30:00,0.40186
2021-03-27 20:40:00,0.40186
2021-03-27 20:50:00,0.40186
2021-03-27 21:00:00,0.39172
2021-03-27 21:10:00,0.39172
2021-03-27 21:20:00,0.39172
2021-03-27 21:30:00,0.39172
2021-03-27 21:40:00,0.39172
2021-03-27 21:50:00,0.39172
2021-03-27 22:00:00,0.38705
2021-03-27 22:10:00,0.38705
2021-03-27 22:20:00,0.38705
2021-03-27 22:30:00,0.38705
2021-03-27 22:40:00,0.38705
2021-03-27 22:50:00,0.38705
2021-03-27 23:00:00,0.38573
2021-03-27 23:10:00,0.38573
2021-03-27 23:20:00,0.38573
2021-03-27 23:30:00,0.38573
2021-03-27 23:40:00,0.38573
2021-03-27 23:50:00,0.38573
2021-03-28 00:00:00,0.40148
2021-03-28 00:10:00,0.40148
2021-03-28 00:20:00,0.40148
2021-03-28 00:30:00,0.40148
2021-03-28 00:40:00,0.40148
2021-03-28 00:50:00,0.40148
2021-03-28 01:00:00,0.39521
2021-03-28 01:10:00,0.39521
2021-03-28 01:20:00,0.39521
2021-03-28 01:30:00,0.39521
2021-03-28 01:40:00,0.39521
2021-03-28 01:50:00,0.39521
2021-03-28 02:00:00,0.37639
2021-03-28 02:10:00,0.37639
2021-03-28 02:20:00,0.37639
2021-03-28 02:30:00,0.37639
2021-03-28 02:40:00,0.37639
2021-03-28 02:50:00,0.37639
2021-03-28 03:00:00,0.37254000000000004
2021-03-28 03:10:00,0.37254000000000004
2021-03-28 03:20:00,0.37254000000000004
2021-03-28 03:30:00,0.37254000000000004
2021-03-28 03:40:00,0.37254000000000004
2021-03-28 03:50:00,0.37254000000000004
2021-03-28 04:00:00,0.37204000000000004
2021-03-28 04:10:00,0.37204000000000004
2021-03-28 04:20:00,0.37204000000000004
2021-03-28 04:30:00,0.37204000000000004
2021-03-28 04:40:00,0.37204000000000004
2021-03-28 04:50:00,0.37204000000000004
2021-03-28 05:00:00,0.37325
2021-03-28 05:10:00,0.37325
2021-03-28 05:20:00,0.37325
2021-03-28 05:30:00,0.37325
2021-03-28 05:40:00,0.37325
2021-03-28 05:50:00,0.37325
2021-03-28 06:00:00,0.37224
2021-03-28 06:10:00,0.37224
2021-03-28 06:20:00,0.37224
2021-03-28 06:30:00,0.37224
2021-03-28 06:40:00,0.37224
2021-03-28 06:50:00,0.37224
2021-03-28 07:00:00,0.37174
2021-03-28 07:10:00,0.37174
2021-03-28 07:20:00,0.37174
2021-03-28 07:30:00,0.37174
2021-03-28 07:40:00,0.37174
2021-03-28 07:50:00,0.37174
2021-03-28 08:00:00,0.37335
2021-03-28 08:10:00,0.37335
2021-03-28 08:20:00,0.37335
2021-03-28 08:30:00,0.37335
2021-03-28 08:40:00,0.37335
2021-03-28 08:50:00,0.37335
2021-03-28 09:00:00,0.37335
2021-03-28 09:10:00,0.37335
2021-03-28 09:20:00,0.37335
2021-03-28 09:30:00,0.37335
2021-03-28 09:40:00,0.37335
2021-03-28 09:50:00,0.37335
2021-03-28 10:00:00,0.37244
2021-03-28 10:10:00,0.37244
2021-03-28 10:20:00,0.37244
2021-03-28 10:30:00,0.37244
2021-03-28 10:40:00,0.37244
2021-03-28 10:50:00,0.37244
2021-03-28 11:00:00,0.37305
2021-03-28 11:10:00,0.37305
2021-03-28 11:20:00,0.37305
2021-03-28 11:30:00,0.37305
2021-03-28 11:40:00,0.37305
2021-03-28 11:50:00,0.37305
2021-03-28 12:00:00,0.37224
2021-03-28 12:10:00,0.37224
2021-03-28 12:20:00,0.37224
2021-03-28 12:30:00,0.37224
2021-03-28 12:40:00,0.37224
2021-03-28 12:50:00,0.37224
2021-03-28 13:00:00,0.37204000000000004
2021-03-28 13:10:00,0.37204000000000004
2021-03-28 13:20:00,0.37204000000000004
2021-03-28 13:30:00,0.37204000000000004
2021-03-28 13:40:00,0.37204000000000004
2021-03-28 13:50:00,0.37204000000000004
2021-03-28 14:00:00,0.37133
2021-03-28 14:10:00,0.37133
2021-03-28 14:20:00,0.37133
2021-03-28 14:30:00,0.37133
2021-03-28 14:40:00,0.37133
2021-03-28 14:50:00,0.37133
2021-03-28 15:00:00,0.37062
2021-03-28 15:10:00,0.37062
2021-03-28 15:20:00,0.37062
2021-03-28 15:30:00,0.37062
2021-03-28 15:40:00,0.37062
2021-03-28 15:50:00,0.37062
2021-03-28 16:00:00,0.37285
2021-03-28 16:10:00,0.37285
2021-03-28 16:20:00,0.37285
2021-03-28 16:30:00,0.37285
2021-03-28 16:40:00,0.37285
2021-03-28 16:50:00,0.37285
2021-03-28 17:00:00,0.37477
2021-03-28 17:10:00,0.37477
2021-03-28 17:20:00,0.37477
2021-03-28 17:30:00,0.37477
2021-03-28 17:40:00,0.37477
2021-03-28 17:50:00,0.37477
2021-03-28 18:00:00,0.39248
2021-03-28 18:10:00,0.39248
2021-03-28 18:20:00,0.39248
2021-03-28 18:30:00,0.39248
2021-03-28 18:40:00,0.39248
2021-03-28 18:50:00,0.39248
2021-03-28 19:00:00,0.39996
2021-03-28 19:10:00,0.39996
2021-03-28 19:20:00,0.39996
2021-03-28 19:30:00,0.39996
2021-03-28 19:40:00,0.39996
2021-03-28 19:50:00,0.39996
2021-03-28 20:00:00,0.40017
2021-03-28 20:10:00,0.40017
2021-03-28 20:20:00,0.40017
2021-03-28 20:30:00,0.40017
2021-03-28 20:40:00,0.40017
2021-03-28 20:50:00,0.40017
2021-03-28 21:00:00,0.39916
2021-03-28 21:10:00,0.39916
2021-03-28 21:20:00,0.39916
2021-03-28 21:30:00,0.39916
2021-03-28 21:40:00,0.39916
2021-03-28 21:50:00,0.39916
2021-03-28 22:00:00,0.39551
2021-03-28 22:10:00,0.39551
2021-03-28 22:20:00,0.39551
2021-03-28 22:30:00,0.39551
2021-03-28 22:40:00,0.39551
2021-03-28 22:50:00,0.39551
2021-03-28 23:00:00,0.37376
2021-03-28 23:10:00,0.37376
2021-03-28 23:20:00,0.37376
2021-03-28 23:30:00,0.37376
2021-03-28 23:40:00,0.37376
2021-03-28 23:50:00,0.37376
2021-03-29 00:00:00,0.36222000000000004
2021-03-29 00:10:00,0.36222000000000004
2021-03-29 00:20:00,0.36222000000000004
2021-03-29 00:30:00,0.36222000000000004
2021-03-29 00:40:00,0.36222000000000004
2021-03-29 00:50:00,0.36222000000000004
2021-03-29 01:00:00,0.36141
2021-03-29 01:10:00,0.36141
2021-03-29 01:20:00,0.36141
2021-03-29 01:30:00,0.36141
2021-03-29 01:40:00,0.36141
2021-03-29 01:50:00,0.36141
2021-03-29 02:00:00,0.36141
2021-03-29 02:10:00,0.36141
2021-03-29 02:20:00,0.36141
2021-03-29 02:30:00,0.36141
2021-03-29 02:40:00,0.36141
2021-03-29 02:50:00,0.36141
2021-03-29 03:00:00,0.36172000000000004
2021-03-29 03:10:00,0.36172000000000004
2021-03-29 03:20:00,0.36172000000000004
2021-03-29 03:30:00,0.36172000000000004
2021-03-29 03:40:00,0.36172000000000004
2021-03-29 03:50:00,0.36172000000000004
2021-03-29 04:00:00,0.36252999999999996
2021-03-29 04:10:00,0.36252999999999996
2021-03-29 04:20:00,0.36252999999999996
2021-03-29 04:30:00,0.36252999999999996
2021-03-29 04:40:00,0.36252999999999996
2021-03-29 04:50:00,0.36252999999999996
2021-03-29 05:00:00,0.36819
2021-03-29 05:10:00,0.36819
2021-03-29 05:20:00,0.36819
2021-03-29 05:30:00,0.36819
2021-03-29 05:40:00,0.36819
2021-03-29 05:50:00,0.36819
2021-03-29 06:00:00,0.38933999999999996
2021-03-29 06:10:00,0.38933999999999996
2021-03-29 06:20:00,0.38933999999999996
2021-03-29 06:30:00,0.38933999999999996
2021-03-29 06:40:00,0.38933999999999996
2021-03-29 06:50:00,0.38933999999999996
2021-03-29 07:00:00,0.39723
2021-03-29 07:10:00,0.39723
2021-03-29 07:20:00,0.39723
2021-03-29 07:30:00,0.39723
2021-03-29 07:40:00,0.39723
2021-03-29 07:50:00,0.39723
2021-03-29 08:00:00,0.39379000000000003
2021-03-29 08:10:00,0.39379000000000003
2021-03-29 08:20:00,0.39379000000000003
2021-03-29 08:30:00,0.39379000000000003
2021-03-29 08:40:00,0.39379000000000003
2021-03-29 08:50:00,0.39379000000000003
2021-03-29 09:00:00,0.37497
2021-03-29 09:10:00,0.37497
2021-03-29 09:20:00,0.37497
2021-03-29 09:30:00,0.37497
2021-03-29 09:40:00,0.37497
2021-03-29 09:50:00,0.37497
2021-03-29 10:00:00,0.36425
2021-03-29 10:10:00,0.36425
2021-03-29 10:20:00,0.36425
2021-03-29 10:30:00,0.36425
2021-03-29 10:40:00,0.36425
2021-03-29 10:50:00,0.36425
2021-03-29 11:00:00,0.36243000000000003
2021-03-29 11:10:00,0.36243000000000003
2021-03-29 11:20:00,0.36243000000000003
2021-03-29 11:30:00,0.36243000000000003
2021-03-29 11:40:00,0.36243000000000003
2021-03-29 11:50:00,0.36243000000000003
2021-03-29 12:00:00,0.36152
2021-03-29 12:10:00,0.36152
2021-03-29 12:20:00,0.36152
2021-03-29 12:30:00,0.36152
2021-03-29 12:40:00,0.36152
2021-03-29 12:50:00,0.36152
2021-03-29 13:00:00,0.3605
2021-03-29 13:10:00,0.3605
2021-03-29 13:20:00,0.3605
2021-03-29 13:30:00,0.3605
2021-03-29 13:40:00,0.3605
2021-03-29 13:50:00,0.3605
2021-03-29 14:00:00,0.35939
2021-03-29 14:10:00,0.35939
2021-03-29 14:20:00,0.35939
2021-03-29 14:30:00,0.35939
2021-03-29 14:40:00,0.35939
2021-03-29 14:50:00,0.35939
2021-03-29 15:00:00,0.36212
2021-03-29 15:10:00,0.36212
2021-03-29 15:20:00,0.36212
2021-03-29 15:30:00,0.36212
2021-03-29 15:40:00,0.36212
2021-03-29 15:50:00,0.36212
2021-03-29 16:00:00,0.36233
2021-03-29 16:10:00,0.36233
2021-03-29 16:20:00,0.36233
2021-03-29 16:30:00,0.36233
2021-03-29 16:40:00,0.36233
2021-03-29 16:50:00,0.36233
2021-03-29 17:00:00,0.37244
2021-03-29 17:10:00,0.37244
2021-03-29 17:20:00,0.37244
2021-03-29 17:30:00,0.37244
2021-03-29 17:40:00,0.37244
2021-03-29 17:50:00,0.37244
2021-03-29 18:00:00,0.37386
2021-03-29 18:10:00,0.37386
2021-03-29 18:20:00,0.37386
2021-03-29 18:30:00,0.37386
2021-03-29 18:40:00,0.37386
2021-03-29 18:50:00,0.37386
2021-03-29 19:00:00,0.37781
2021-03-29 19:10:00,0.37781
2021-03-29 19:20:00,0.37781
2021-03-29 19:30:00,0.37781
2021-03-29 19:40:00,0.37781
2021-03-29 19:50:00,0.37781
2021-03-29 20:00:00,0.37862
2021-03-29 20:10:00,0.37862
2021-03-29 20:20:00,0.37862
2021-03-29 20:30:00,0.37862
2021-03-29 20:40:00,0.37862
2021-03-29 20:50:00,0.37862
2021-03-29 21:00:00,0.36607
2021-03-29 21:10:00,0.36607
2021-03-29 21:20:00,0.36607
2021-03-29 21:30:00,0.36607
2021-03-29 21:40:00,0.36607
2021-03-29 21:50:00,0.36607
2021-03-29 22:00:00,0.35787
2021-03-29 22:10:00,0.35787
2021-03-29 22:20:00,0.35787
2021-03-29 22:30:00,0.35787
2021-03-29 22:40:00,0.35787
2021-03-29 22:50:00,0.35787
2021-03-29 23:00:00,0.35537
2021-03-29 23:10:00,0.35537
2021-03-29 23:20:00,0.35537
2021-03-29 23:30:00,0.35537
2021-03-29 23:40:00,0.35537
2021-03-29 23:50:00,0.35537
2021-03-30 00:00:00,0.35345
2021-03-30 00:10:00,0.35345
2021-03-30 00:20:00,0.35345
2021-03-30 00:30:00,0.35345
2021-03-30 00:40:00,0.35345
2021-03-30 00:50:00,0.35345
2021-03-30 01:00:00,0.35213
2021-03-30 01:10:00,0.35213
2021-03-30 01:20:00,0.35213
2021-03-30 01:30:00,0.35213
2021-03-30 01:40:00,0.35213
2021-03-30 01:50:00,0.35213
2021-03-30 02:00:00,0.35274
2021-03-30 02:10:00,0.35274
2021-03-30 02:20:00,0.35274
2021-03-30 02:30:00,0.35274
2021-03-30 02:40:00,0.35274
2021-03-30 02:50:00,0.35274
2021-03-30 03:00:00,0.35819
2021-03-30 03:10:00,0.35819
2021-03-30 03:20:00,0.35819
2021-03-30 03:30:00,0.35819
2021-03-30 03:40:00,0.35819
2021-03-30 03:50:00,0.35819
2021-03-30 04:00:00,0.36707999999999996
2021-03-30 04:10:00,0.36707999999999996
2021-03-30 04:20:00,0.36707999999999996
2021-03-30 04:30:00,0.36707999999999996
2021-03-30 04:40:00,0.36707999999999996
2021-03-30 04:50:00,0.36707999999999996
2021-03-30 05:00:00,0.37818
2021-03-30 05:10:00,0.37818
2021-03-30 05:20:00,0.37818
2021-03-30 05:30:00,0.37818
2021-03-30 05:40:00,0.37818
2021-03-30 05:50:00,0.37818
2021-03-30 06:00:00,0.40019
2021-03-30 06:10:00,0.40019
2021-03-30 06:20:00,0.40019
2021-03-30 06:30:00,0.40019
2021-03-30 06:40:00,0.40019
2021-03-30 06:50:00,0.40019
2021-03-30 07:00:00,0.41978
2021-03-30 07:10:00,0.41978
2021-03-30 07:20:00,0.41978
2021-03-30 07:30:00,0.41978
2021-03-30 07:40:00,0.41978
2021-03-30 07:50:00,0.41978
2021-03-30 08:00:00,0.41988
2021-03-30 08:10:00,0.41988
2021-03-30 08:20:00,0.41988
2021-03-30 08:30:00,0.41988
2021-03-30 08:40:00,0.41988
2021-03-30 08:50:00,0.41988
2021-03-30 09:00:00,0.41846
2021-03-30 09:10:00,0.41846
2021-03-30 09:20:00,0.41846
2021-03-30 09:30:00,0.41846
2021-03-30 09:40:00,0.41846
2021-03-30 09:50:00,0.41846
2021-03-30 10:00:00,0.40938
2021-03-30 10:10:00,0.40938
2021-03-30 10:20:00,0.40938
2021-03-30 10:30:00,0.40938
2021-03-30 10:40:00,0.40938
2021-03-30 10:50:00,0.40938
2021-03-30 11:00:00,0.39141000000000004
2021-03-30 11:10:00,0.39141000000000004
2021-03-30 11:20:00,0.39141000000000004
2021-03-30 11:30:00,0.39141000000000004
2021-03-30 11:40:00,0.39141000000000004
2021-03-30 11:50:00,0.39141000000000004
2021-03-30 12:00:00,0.37737
2021-03-30 12:10:00,0.37737
2021-03-30 12:20:00,0.37737
2021-03-30 12:30:00,0.37737
2021-03-30 12:40:00,0.37737
2021-03-30 12:50:00,0.37737
2021-03-30 13:00:00,0.37303
2021-03-30 13:10:00,0.37303
2021-03-30 13:20:00,0.37303
2021-03-30 13:30:00,0.37303
2021-03-30 13:40:00,0.37303
2021-03-30 13:50:00,0.37303
2021-03-30 14:00:00,0.37455
2021-03-30 14:10:00,0.37455
2021-03-30 14:20:00,0.37455
2021-03-30 14:30:00,0.37455
2021-03-30 14:40:00,0.37455
2021-03-30 14:50:00,0.37455
2021-03-30 15:00:00,0.38695999999999997
2021-03-30 15:10:00,0.38695999999999997
2021-03-30 15:20:00,0.38695999999999997
2021-03-30 15:30:00,0.38695999999999997
2021-03-30 15:40:00,0.38695999999999997
2021-03-30 15:50:00,0.38695999999999997
2021-03-30 16:00:00,0.39979000000000003
2021-03-30 16:10:00,0.39979000000000003
2021-03-30 16:20:00,0.39979000000000003
2021-03-30 16:30:00,0.39979000000000003
2021-03-30 16:40:00,0.39979000000000003
2021-03-30 16:50:00,0.39979000000000003
2021-03-30 17:00:00,0.40534
2021-03-30 17:10:00,0.40534
2021-03-30 17:20:00,0.40534
2021-03-30 17:30:00,0.40534
2021-03-30 17:40:00,0.40534
2021-03-30 17:50:00,0.40534
2021-03-30 18:00:00,0.40847
2021-03-30 18:10:00,0.40847
2021-03-30 18:20:00,0.40847
2021-03-30 18:30:00,0.40847
2021-03-30 18:40:00,0.40847
2021-03-30 18:50:00,0.40847
2021-03-30 19:00:00,0.40938
2021-03-30 19:10:00,0.40938
2021-03-30 19:20:00,0.40938
2021-03-30 19:30:00,0.40938
2021-03-30 19:40:00,0.40938
2021-03-30 19:50:00,0.40938
2021-03-30 20:00:00,0.41079000000000004
2021-03-30 20:10:00,0.41079000000000004
2021-03-30 20:20:00,0.41079000000000004
2021-03-30 20:30:00,0.41079000000000004
2021-03-30 20:40:00,0.41079000000000004
2021-03-30 20:50:00,0.41079000000000004
2021-03-30 21:00:00,0.40736
2021-03-30 21:10:00,0.40736
2021-03-30 21:20:00,0.40736
2021-03-30 21:30:00,0.40736
2021-03-30 21:40:00,0.40736
2021-03-30 21:50:00,0.40736
2021-03-30 22:00:00,0.40069
2021-03-30 22:10:00,0.40069
2021-03-30 22:20:00,0.40069
2021-03-30 22:30:00,0.40069
2021-03-30 22:40:00,0.40069
2021-03-30 22:50:00,0.40069
2021-03-30 23:00:00,0.38495
2021-03-30 23:10:00,0.38495
2021-03-30 23:20:00,0.38495
2021-03-30 23:30:00,0.38495
2021-03-30 23:40:00,0.38495
2021-03-30 23:50:00,0.38495
2021-03-31 00:00:00,0.37993
2021-03-31 00:10:00,0.37993
2021-03-31 00:20:00,0.37993
2021-03-31 00:30:00,0.37993
2021-03-31 00:40:00,0.37993
2021-03-31 00:50:00,0.37993
2021-03-31 01:00:00,0.37842000000000003
2021-03-31 01:10:00,0.37842000000000003
2021-03-31 01:20:00,0.37842000000000003
2021-03-31 01:30:00,0.37842000000000003
2021-03-31 01:40:00,0.37842000000000003
2021-03-31 01:50:00,0.37842000000000003
2021-03-31 02:00:00,0.38023
2021-03-31 02:10:00,0.38023
2021-03-31 02:20:00,0.38023
2021-03-31 02:30:00,0.38023
2021-03-31 02:40:00,0.38023
2021-03-31 02:50:00,0.38023
2021-03-31 03:00:00,0.38344
2021-03-31 03:10:00,0.38344
2021-03-31 03:20:00,0.38344
2021-03-31 03:30:00,0.38344
2021-03-31 03:40:00,0.38344
2021-03-31 03:50:00,0.38344
2021-03-31 04:00:00,0.38666
2021-03-31 04:10:00,0.38666
2021-03-31 04:20:00,0.38666
2021-03-31 04:30:00,0.38666
2021-03-31 04:40:00,0.38666
2021-03-31 04:50:00,0.38666
2021-03-31 05:00:00,0.39379000000000003
2021-03-31 05:10:00,0.39379000000000003
2021-03-31 05:20:00,0.39379000000000003
2021-03-31 05:30:00,0.39379000000000003
2021-03-31 05:40:00,0.39379000000000003
2021-03-31 05:50:00,0.39379000000000003
2021-03-31 06:00:00,0.41369
2021-03-31 06:10:00,0.41369
2021-03-31 06:20:00,0.41369
2021-03-31 06:30:00,0.41369
2021-03-31 06:40:00,0.41369
2021-03-31 06:50:00,0.41369
2021-03-31 07:00:00,0.42635
2021-03-31 07:10:00,0.42635
2021-03-31 07:20:00,0.42635
2021-03-31 07:30:00,0.42635
2021-03-31 07:40:00,0.42635
2021-03-31 07:50:00,0.42635
2021-03-31 08:00:00,0.41831
2021-03-31 08:10:00,0.41831
2021-03-31 08:20:00,0.41831
2021-03-31 08:30:00,0.41831
2021-03-31 08:40:00,0.41831
2021-03-31 08:50:00,0.41831
2021-03-31 09:00:00,0.41962
2021-03-31 09:10:00,0.41962
2021-03-31 09:20:00,0.41962
2021-03-31 09:30:00,0.41962
2021-03-31 09:40:00,0.41962
2021-03-31 09:50:00,0.41962
2021-03-31 10:00:00,0.41841
2021-03-31 10:10:00,0.41841
2021-03-31 10:20:00,0.41841
2021-03-31 10:30:00,0.41841
2021-03-31 10:40:00,0.41841
2021-03-31 10:50:00,0.41841
2021-03-31 11:00:00,0.41499
2021-03-31 11:10:00,0.41499
2021-03-31 11:20:00,0.41499
2021-03-31 11:30:00,0.41499
2021-03-31 11:40:00,0.41499
2021-03-31 11:50:00,0.41499
2021-03-31 12:00:00,0.40856
2021-03-31 12:10:00,0.40856
2021-03-31 12:20:00,0.40856
2021-03-31 12:30:00,0.40856
2021-03-31 12:40:00,0.40856
2021-03-31 12:50:00,0.40856
2021-03-31 13:00:00,0.41329000000000005
2021-03-31 13:10:00,0.41329000000000005
2021-03-31 13:20:00,0.41329000000000005
2021-03-31 13:30:00,0.41329000000000005
2021-03-31 13:40:00,0.41329000000000005
2021-03-31 13:50:00,0.41329000000000005
2021-03-31 14:00:00,0.41087
2021-03-31 14:10:00,0.41087
2021-03-31 14:20:00,0.41087
2021-03-31 14:30:00,0.41087
2021-03-31 14:40:00,0.41087
2021-03-31 14:50:00,0.41087
2021-03-31 15:00:00,0.40917000000000003
2021-03-31 15:10:00,0.40917000000000003
2021-03-31 15:20:00,0.40917000000000003
2021-03-31 15:30:00,0.40917000000000003
2021-03-31 15:40:00,0.40917000000000003
2021-03-31 15:50:00,0.40917000000000003
2021-03-31 16:00:00,0.41299
2021-03-31 16:10:00,0.41299
2021-03-31 16:20:00,0.41299
2021-03-31 16:30:00,0.41299
2021-03-31 16:40:00,0.41299
2021-03-31 16:50:00,0.41299
2021-03-31 17:00:00,0.41489
2021-03-31 17:10:00,0.41489
2021-03-31 17:20:00,0.41489
2021-03-31 17:30:00,0.41489
2021-03-31 17:40:00,0.41489
2021-03-31 17:50:00,0.41489
2021-03-31 18:00:00,0.41399
2021-03-31 18:10:00,0.41399
2021-03-31 18:20:00,0.41399
2021-03-31 18:30:00,0.41399
2021-03-31 18:40:00,0.41399
2021-03-31 18:50:00,0.41399
2021-03-31 19:00:00,0.39820999999999995
2021-03-31 19:10:00,0.39820999999999995
2021-03-31 19:20:00,0.39820999999999995
2021-03-31 19:30:00,0.39820999999999995
2021-03-31 19:40:00,0.39820999999999995
2021-03-31 19:50:00,0.39820999999999995
2021-03-31 20:00:00,0.39088
2021-03-31 20:10:00,0.39088
2021-03-31 20:20:00,0.39088
2021-03-31 20:30:00,0.39088
2021-03-31 20:40:00,0.39088
2021-03-31 20:50:00,0.39088
2021-03-31 21:00:00,0.38545
2021-03-31 21:10:00,0.38545
2021-03-31 21:20:00,0.38545
2021-03-31 21:30:00,0.38545
2021-03-31 21:40:00,0.38545
2021-03-31 21:50:00,0.38545
2021-03-31 22:00:00,0.38033
2021-03-31 22:10:00,0.38033
2021-03-31 22:20:00,0.38033
2021-03-31 22:30:00,0.38033
2021-03-31 22:40:00,0.38033
2021-03-31 22:50:00,0.38033
2021-03-31 23:00:00,0.39305
2021-03-31 23:10:00,0.39305
2021-03-31 23:20:00,0.39305
2021-03-31 23:30:00,0.39305
2021-03-31 23:40:00,0.39305
2021-03-31 23:50:00,0.39305
2021-04-01 00:00:00,0.39215
2021-04-01 00:10:00,0.39215
2021-04-01 00:20:00,0.39215
2021-04-01 00:30:00,0.39215
2021-04-01 00:40:00,0.39215
2021-04-01 00:50:00,0.39215
2021-04-01 01:00:00,0.39205
2021-04-01 01:10:00,0.39205
2021-04-01 01:20:00,0.39205
2021-04-01 01:30:00,0.39205
2021-04-01 01:40:00,0.39205
2021-04-01 01:50:00,0.39205
2021-04-01 02:00:00,0.38956
2021-04-01 02:10:00,0.38956
2021-04-01 02:20:00,0.38956
2021-04-01 02:30:00,0.38956
2021-04-01 02:40:00,0.38956
2021-04-01 02:50:00,0.38956
2021-04-01 03:00:00,0.38466
2021-04-01 03:10:00,0.38466
2021-04-01 03:20:00,0.38466
2021-04-01 03:30:00,0.38466
2021-04-01 03:40:00,0.38466
2021-04-01 03:50:00,0.38466
2021-04-01 04:00:00,0.38845999999999997
2021-04-01 04:10:00,0.38845999999999997
2021-04-01 04:20:00,0.38845999999999997
2021-04-01 04:30:00,0.38845999999999997
2021-04-01 04:40:00,0.38845999999999997
2021-04-01 04:50:00,0.38845999999999997
2021-04-01 05:00:00,0.40463
2021-04-01 05:10:00,0.40463
2021-04-01 05:20:00,0.40463
2021-04-01 05:30:00,0.40463
2021-04-01 05:40:00,0.40463
2021-04-01 05:50:00,0.40463
2021-04-01 06:00:00,0.41282
2021-04-01 06:10:00,0.41282
2021-04-01 06:20:00,0.41282
2021-04-01 06:30:00,0.41282
2021-04-01 06:40:00,0.41282
2021-04-01 06:50:00,0.41282
2021-04-01 07:00:00,0.4225
2021-04-01 07:10:00,0.4225
2021-04-01 07:20:00,0.4225
2021-04-01 07:30:00,0.4225
2021-04-01 07:40:00,0.4225
2021-04-01 07:50:00,0.4225
2021-04-01 08:00:00,0.426
2021-04-01 08:10:00,0.426
2021-04-01 08:20:00,0.426
2021-04-01 08:30:00,0.426
2021-04-01 08:40:00,0.426
2021-04-01 08:50:00,0.426
2021-04-01 09:00:00,0.42369999999999997
2021-04-01 09:10:00,0.42369999999999997
2021-04-01 09:20:00,0.42369999999999997
2021-04-01 09:30:00,0.42369999999999997
2021-04-01 09:40:00,0.42369999999999997
2021-04-01 09:50:00,0.42369999999999997
2021-04-01 10:00:00,0.41232
2021-04-01 10:10:00,0.41232
2021-04-01 10:20:00,0.41232
2021-04-01 10:30:00,0.41232
2021-04-01 10:40:00,0.41232
2021-04-01 10:50:00,0.41232
2021-04-01 11:00:00,0.39694
2021-04-01 11:10:00,0.39694
2021-04-01 11:20:00,0.39694
2021-04-01 11:30:00,0.39694
2021-04-01 11:40:00,0.39694
2021-04-01 11:50:00,0.39694
2021-04-01 12:00:00,0.37847000000000003
2021-04-01 12:10:00,0.37847000000000003
2021-04-01 12:20:00,0.37847000000000003
2021-04-01 12:30:00,0.37847000000000003
2021-04-01 12:40:00,0.37847000000000003
2021-04-01 12:50:00,0.37847000000000003
2021-04-01 13:00:00,0.35331999999999997
2021-04-01 13:10:00,0.35331999999999997
2021-04-01 13:20:00,0.35331999999999997
2021-04-01 13:30:00,0.35331999999999997
2021-04-01 13:40:00,0.35331999999999997
2021-04-01 13:50:00,0.35331999999999997
2021-04-01 14:00:00,0.37377999999999995
2021-04-01 14:10:00,0.37377999999999995
2021-04-01 14:20:00,0.37377999999999995
2021-04-01 14:30:00,0.37377999999999995
2021-04-01 14:40:00,0.37377999999999995
2021-04-01 14:50:00,0.37377999999999995
2021-04-01 15:00:00,0.39644
2021-04-01 15:10:00,0.39644
2021-04-01 15:20:00,0.39644
2021-04-01 15:30:00,0.39644
2021-04-01 15:40:00,0.39644
2021-04-01 15:50:00,0.39644
2021-04-01 16:00:00,0.39664
2021-04-01 16:10:00,0.39664
2021-04-01 16:20:00,0.39664
2021-04-01 16:30:00,0.39664
2021-04-01 16:40:00,0.39664
2021-04-01 16:50:00,0.39664
2021-04-01 17:00:00,0.39844
2021-04-01 17:10:00,0.39844
2021-04-01 17:20:00,0.39844
2021-04-01 17:30:00,0.39844
2021-04-01 17:40:00,0.39844
2021-04-01 17:50:00,0.39844
2021-04-01 18:00:00,0.40074
2021-04-01 18:10:00,0.40074
2021-04-01 18:20:00,0.40074
2021-04-01 18:30:00,0.40074
2021-04-01 18:40:00,0.40074
2021-04-01 18:50:00,0.40074
2021-04-01 19:00:00,0.39704
2021-04-01 19:10:00,0.39704
2021-04-01 19:20:00,0.39704
2021-04-01 19:30:00,0.39704
2021-04-01 19:40:00,0.39704
2021-04-01 19:50:00,0.39704
2021-04-01 20:00:00,0.39555
2021-04-01 20:10:00,0.39555
2021-04-01 20:20:00,0.39555
2021-04-01 20:30:00,0.39555
2021-04-01 20:40:00,0.39555
2021-04-01 20:50:00,0.39555
2021-04-01 21:00:00,0.39535000000000003
2021-04-01 21:10:00,0.39535000000000003
2021-04-01 21:20:00,0.39535000000000003
2021-04-01 21:30:00,0.39535000000000003
2021-04-01 21:40:00,0.39535000000000003
2021-04-01 21:50:00,0.39535000000000003
2021-04-01 22:00:00,0.39465
2021-04-01 22:10:00,0.39465
2021-04-01 22:20:00,0.39465
2021-04-01 22:30:00,0.39465
2021-04-01 22:40:00,0.39465
2021-04-01 22:50:00,0.39465
2021-04-01 23:00:00,0.39616
2021-04-01 23:10:00,0.39616
2021-04-01 23:20:00,0.39616
2021-04-01 23:30:00,0.39616
2021-04-01 23:40:00,0.39616
2021-04-01 23:50:00,0.39616
2021-04-02 00:00:00,0.39536
2021-04-02 00:10:00,0.39536
2021-04-02 00:20:00,0.39536
2021-04-02 00:30:00,0.39536
2021-04-02 00:40:00,0.39536
2021-04-02 00:50:00,0.39536
2021-04-02 01:00:00,0.39506
2021-04-02 01:10:00,0.39506
2021-04-02 01:20:00,0.39506
2021-04-02 01:30:00,0.39506
2021-04-02 01:40:00,0.39506
2021-04-02 01:50:00,0.39506
2021-04-02 02:00:00,0.39385000000000003
2021-04-02 02:10:00,0.39385000000000003
2021-04-02 02:20:00,0.39385000000000003
2021-04-02 02:30:00,0.39385000000000003
2021-04-02 02:40:00,0.39385000000000003
2021-04-02 02:50:00,0.39385000000000003
2021-04-02 03:00:00,0.39244
2021-04-02 03:10:00,0.39244
2021-04-02 03:20:00,0.39244
2021-04-02 03:30:00,0.39244
2021-04-02 03:40:00,0.39244
2021-04-02 03:50:00,0.39244
2021-04-02 04:00:00,0.39204
2021-04-02 04:10:00,0.39204
2021-04-02 04:20:00,0.39204
2021-04-02 04:30:00,0.39204
2021-04-02 04:40:00,0.39204
2021-04-02 04:50:00,0.39204
2021-04-02 05:00:00,0.39435000000000003
2021-04-02 05:10:00,0.39435000000000003
2021-04-02 05:20:00,0.39435000000000003
2021-04-02 05:30:00,0.39435000000000003
2021-04-02 05:40:00,0.39435000000000003
2021-04-02 05:50:00,0.39435000000000003
2021-04-02 06:00:00,0.39344999999999997
2021-04-02 06:10:00,0.39344999999999997
2021-04-02 06:20:00,0.39344999999999997
2021-04-02 06:30:00,0.39344999999999997
2021-04-02 06:40:00,0.39344999999999997
2021-04-02 06:50:00,0.39344999999999997
2021-04-02 07:00:00,0.38208
2021-04-02 07:10:00,0.38208
2021-04-02 07:20:00,0.38208
2021-04-02 07:30:00,0.38208
2021-04-02 07:40:00,0.38208
2021-04-02 07:50:00,0.38208
2021-04-02 08:00:00,0.37645
2021-04-02 08:10:00,0.37645
2021-04-02 08:20:00,0.37645
2021-04-02 08:30:00,0.37645
2021-04-02 08:40:00,0.37645
2021-04-02 08:50:00,0.37645
2021-04-02 09:00:00,0.35985
2021-04-02 09:10:00,0.35985
2021-04-02 09:20:00,0.35985
2021-04-02 09:30:00,0.35985
2021-04-02 09:40:00,0.35985
2021-04-02 09:50:00,0.35985
2021-04-02 10:00:00,0.33922
2021-04-02 10:10:00,0.33922
2021-04-02 10:20:00,0.33922
2021-04-02 10:30:00,0.33922
2021-04-02 10:40:00,0.33922
2021-04-02 10:50:00,0.33922
2021-04-02 11:00:00,0.30391
2021-04-02 11:10:00,0.30391
2021-04-02 11:20:00,0.30391
2021-04-02 11:30:00,0.30391
2021-04-02 11:40:00,0.30391
2021-04-02 11:50:00,0.30391
2021-04-02 12:00:00,0.24214
2021-04-02 12:10:00,0.24214
2021-04-02 12:20:00,0.24214
2021-04-02 12:30:00,0.24214
2021-04-02 12:40:00,0.24214
2021-04-02 12:50:00,0.24214
2021-04-02 13:00:00,0.11237
2021-04-02 13:10:00,0.11237
2021-04-02 13:20:00,0.11237
2021-04-02 13:30:00,0.11237
2021-04-02 13:40:00,0.11237
2021-04-02 13:50:00,0.11237
2021-04-02 14:00:00,0.08501
2021-04-02 14:10:00,0.08501
2021-04-02 14:20:00,0.08501
2021-04-02 14:30:00,0.08501
2021-04-02 14:40:00,0.08501
2021-04-02 14:50:00,0.08501
2021-04-02 15:00:00,0.12072
2021-04-02 15:10:00,0.12072
2021-04-02 15:20:00,0.12072
2021-04-02 15:30:00,0.12072
2021-04-02 15:40:00,0.12072
2021-04-02 15:50:00,0.12072
2021-04-02 16:00:00,0.28138
2021-04-02 16:10:00,0.28138
2021-04-02 16:20:00,0.28138
2021-04-02 16:30:00,0.28138
2021-04-02 16:40:00,0.28138
2021-04-02 16:50:00,0.28138
2021-04-02 17:00:00,0.33842
2021-04-02 17:10:00,0.33842
2021-04-02 17:20:00,0.33842
2021-04-02 17:30:00,0.33842
2021-04-02 17:40:00,0.33842
2021-04-02 17:50:00,0.33842
2021-04-02 18:00:00,0.35522000000000004
2021-04-02 18:10:00,0.35522000000000004
2021-04-02 18:20:00,0.35522000000000004
2021-04-02 18:30:00,0.35522000000000004
2021-04-02 18:40:00,0.35522000000000004
2021-04-02 18:50:00,0.35522000000000004
2021-04-02 19:00:00,0.37675
2021-04-02 19:10:00,0.37675
2021-04-02 19:20:00,0.37675
2021-04-02 19:30:00,0.37675
2021-04-02 19:40:00,0.37675
2021-04-02 19:50:00,0.37675
2021-04-02 20:00:00,0.39023
2021-04-02 20:10:00,0.39023
2021-04-02 20:20:00,0.39023
2021-04-02 20:30:00,0.39023
2021-04-02 20:40:00,0.39023
2021-04-02 20:50:00,0.39023
2021-04-02 21:00:00,0.38067
2021-04-02 21:10:00,0.38067
2021-04-02 21:20:00,0.38067
2021-04-02 21:30:00,0.38067
2021-04-02 21:40:00,0.38067
2021-04-02 21:50:00,0.38067
2021-04-02 22:00:00,0.37685
2021-04-02 22:10:00,0.37685
2021-04-02 22:20:00,0.37685
2021-04-02 22:30:00,0.37685
2021-04-02 22:40:00,0.37685
2021-04-02 22:50:00,0.37685
2021-04-02 23:00:00,0.39918
2021-04-02 23:10:00,0.39918
2021-04-02 23:20:00,0.39918
2021-04-02 23:30:00,0.39918
2021-04-02 23:40:00,0.39918
2021-04-02 23:50:00,0.39918
2021-04-03 00:00:00,0.37514
2021-04-03 00:10:00,0.37514
2021-04-03 00:20:00,0.37514
2021-04-03 00:30:00,0.37514
2021-04-03 00:40:00,0.37514
2021-04-03 00:50:00,0.37514
2021-04-03 01:00:00,0.36639
2021-04-03 01:10:00,0.36639
2021-04-03 01:20:00,0.36639
2021-04-03 01:30:00,0.36639
2021-04-03 01:40:00,0.36639
2021-04-03 01:50:00,0.36639
2021-04-03 02:00:00,0.36367
2021-04-03 02:10:00,0.36367
2021-04-03 02:20:00,0.36367
2021-04-03 02:30:00,0.36367
2021-04-03 02:40:00,0.36367
2021-04-03 02:50:00,0.36367
2021-04-03 03:00:00,0.36236
2021-04-03 03:10:00,0.36236
2021-04-03 03:20:00,0.36236
2021-04-03 03:30:00,0.36236
2021-04-03 03:40:00,0.36236
2021-04-03 03:50:00,0.36236
2021-04-03 04:00:00,0.37182
2021-04-03 04:10:00,0.37182
2021-04-03 04:20:00,0.37182
2021-04-03 04:30:00,0.37182
2021-04-03 04:40:00,0.37182
2021-04-03 04:50:00,0.37182
2021-04-03 05:00:00,0.39053
2021-04-03 05:10:00,0.39053
2021-04-03 05:20:00,0.39053
2021-04-03 05:30:00,0.39053
2021-04-03 05:40:00,0.39053
2021-04-03 05:50:00,0.39053
2021-04-03 06:00:00,0.40542
2021-04-03 06:10:00,0.40542
2021-04-03 06:20:00,0.40542
2021-04-03 06:30:00,0.40542
2021-04-03 06:40:00,0.40542
2021-04-03 06:50:00,0.40542
2021-04-03 07:00:00,0.40914
2021-04-03 07:10:00,0.40914
2021-04-03 07:20:00,0.40914
2021-04-03 07:30:00,0.40914
2021-04-03 07:40:00,0.40914
2021-04-03 07:50:00,0.40914
2021-04-03 08:00:00,0.40542
2021-04-03 08:10:00,0.40542
2021-04-03 08:20:00,0.40542
2021-04-03 08:30:00,0.40542
2021-04-03 08:40:00,0.40542
2021-04-03 08:50:00,0.40542
2021-04-03 09:00:00,0.39868000000000003
2021-04-03 09:10:00,0.39868000000000003
2021-04-03 09:20:00,0.39868000000000003
2021-04-03 09:30:00,0.39868000000000003
2021-04-03 09:40:00,0.39868000000000003
2021-04-03 09:50:00,0.39868000000000003
2021-04-03 10:00:00,0.37242000000000003
2021-04-03 10:10:00,0.37242000000000003
2021-04-03 10:20:00,0.37242000000000003
2021-04-03 10:30:00,0.37242000000000003
2021-04-03 10:40:00,0.37242000000000003
2021-04-03 10:50:00,0.37242000000000003
2021-04-03 11:00:00,0.35019
2021-04-03 11:10:00,0.35019
2021-04-03 11:20:00,0.35019
2021-04-03 11:30:00,0.35019
2021-04-03 11:40:00,0.35019
2021-04-03 11:50:00,0.35019
2021-04-03 12:00:00,0.30219999999999997
2021-04-03 12:10:00,0.30219999999999997
2021-04-03 12:20:00,0.30219999999999997
2021-04-03 12:30:00,0.30219999999999997
2021-04-03 12:40:00,0.30219999999999997
2021-04-03 12:50:00,0.30219999999999997
2021-04-03 13:00:00,0.23359
2021-04-03 13:10:00,0.23359
2021-04-03 13:20:00,0.23359
2021-04-03 13:30:00,0.23359
2021-04-03 13:40:00,0.23359
2021-04-03 13:50:00,0.23359
2021-04-03 14:00:00,0.27112
2021-04-03 14:10:00,0.27112
2021-04-03 14:20:00,0.27112
2021-04-03 14:30:00,0.27112
2021-04-03 14:40:00,0.27112
2021-04-03 14:50:00,0.27112
2021-04-03 15:00:00,0.32816
2021-04-03 15:10:00,0.32816
2021-04-03 15:20:00,0.32816
2021-04-03 15:30:00,0.32816
2021-04-03 15:40:00,0.32816
2021-04-03 15:50:00,0.32816
2021-04-03 16:00:00,0.36618
2021-04-03 16:10:00,0.36618
2021-04-03 16:20:00,0.36618
2021-04-03 16:30:00,0.36618
2021-04-03 16:40:00,0.36618
2021-04-03 16:50:00,0.36618
2021-04-03 17:00:00,0.38218
2021-04-03 17:10:00,0.38218
2021-04-03 17:20:00,0.38218
2021-04-03 17:30:00,0.38218
2021-04-03 17:40:00,0.38218
2021-04-03 17:50:00,0.38218
2021-04-03 18:00:00,0.4031
2021-04-03 18:10:00,0.4031
2021-04-03 18:20:00,0.4031
2021-04-03 18:30:00,0.4031
2021-04-03 18:40:00,0.4031
2021-04-03 18:50:00,0.4031
2021-04-03 19:00:00,0.40622
2021-04-03 19:10:00,0.40622
2021-04-03 19:20:00,0.40622
2021-04-03 19:30:00,0.40622
2021-04-03 19:40:00,0.40622
2021-04-03 19:50:00,0.40622
2021-04-03 20:00:00,0.40029000000000003
2021-04-03 20:10:00,0.40029000000000003
2021-04-03 20:20:00,0.40029000000000003
2021-04-03 20:30:00,0.40029000000000003
2021-04-03 20:40:00,0.40029000000000003
2021-04-03 20:50:00,0.40029000000000003
2021-04-03 21:00:00,0.39817
2021-04-03 21:10:00,0.39817
2021-04-03 21:20:00,0.39817
2021-04-03 21:30:00,0.39817
2021-04-03 21:40:00,0.39817
2021-04-03 21:50:00,0.39817
2021-04-03 22:00:00,0.39385000000000003
2021-04-03 22:10:00,0.39385000000000003
2021-04-03 22:20:00,0.39385000000000003
2021-04-03 22:30:00,0.39385000000000003
2021-04-03 22:40:00,0.39385000000000003
2021-04-03 22:50:00,0.39385000000000003
2021-04-03 23:00:00,0.40029000000000003
2021-04-03 23:10:00,0.40029000000000003
2021-04-03 23:20:00,0.40029000000000003
2021-04-03 23:30:00,0.40029000000000003
2021-04-03 23:40:00,0.40029000000000003
2021-04-03 23:50:00,0.40029000000000003
2021-04-04 00:00:00,0.39646
2021-04-04 00:10:00,0.39646
2021-04-04 00:20:00,0.39646
2021-04-04 00:30:00,0.39646
2021-04-04 00:40:00,0.39646
2021-04-04 00:50:00,0.39646
2021-04-04 01:00:00,0.38822
2021-04-04 01:10:00,0.38822
2021-04-04 01:20:00,0.38822
2021-04-04 01:30:00,0.38822
2021-04-04 01:40:00,0.38822
2021-04-04 01:50:00,0.38822
2021-04-04 02:00:00,0.38671
2021-04-04 02:10:00,0.38671
2021-04-04 02:20:00,0.38671
2021-04-04 02:30:00,0.38671
2021-04-04 02:40:00,0.38671
2021-04-04 02:50:00,0.38671
2021-04-04 03:00:00,0.37564
2021-04-04 03:10:00,0.37564
2021-04-04 03:20:00,0.37564
2021-04-04 03:30:00,0.37564
2021-04-04 03:40:00,0.37564
2021-04-04 03:50:00,0.37564
2021-04-04 04:00:00,0.36708999999999997
2021-04-04 04:10:00,0.36708999999999997
2021-04-04 04:20:00,0.36708999999999997
2021-04-04 04:30:00,0.36708999999999997
2021-04-04 04:40:00,0.36708999999999997
2021-04-04 04:50:00,0.36708999999999997
2021-04-04 05:00:00,0.35844
2021-04-04 05:10:00,0.35844
2021-04-04 05:20:00,0.35844
2021-04-04 05:30:00,0.35844
2021-04-04 05:40:00,0.35844
2021-04-04 05:50:00,0.35844
2021-04-04 06:00:00,0.35763
2021-04-04 06:10:00,0.35763
2021-04-04 06:20:00,0.35763
2021-04-04 06:30:00,0.35763
2021-04-04 06:40:00,0.35763
2021-04-04 06:50:00,0.35763
2021-04-04 07:00:00,0.34536
2021-04-04 07:10:00,0.34536
2021-04-04 07:20:00,0.34536
2021-04-04 07:30:00,0.34536
2021-04-04 07:40:00,0.34536
2021-04-04 07:50:00,0.34536
2021-04-04 08:00:00,0.32524000000000003
2021-04-04 08:10:00,0.32524000000000003
2021-04-04 08:20:00,0.32524000000000003
2021-04-04 08:30:00,0.32524000000000003
2021-04-04 08:40:00,0.32524000000000003
2021-04-04 08:50:00,0.32524000000000003
2021-04-04 09:00:00,0.30733
2021-04-04 09:10:00,0.30733
2021-04-04 09:20:00,0.30733
2021-04-04 09:30:00,0.30733
2021-04-04 09:40:00,0.30733
2021-04-04 09:50:00,0.30733
2021-04-04 10:00:00,0.25844
2021-04-04 10:10:00,0.25844
2021-04-04 10:20:00,0.25844
2021-04-04 10:30:00,0.25844
2021-04-04 10:40:00,0.25844
2021-04-04 10:50:00,0.25844
2021-04-04 11:00:00,0.22675
2021-04-04 11:10:00,0.22675
2021-04-04 11:20:00,0.22675
2021-04-04 11:30:00,0.22675
2021-04-04 11:40:00,0.22675
2021-04-04 11:50:00,0.22675
2021-04-04 12:00:00,0.10191
2021-04-04 12:10:00,0.10191
2021-04-04 12:20:00,0.10191
2021-04-04 12:30:00,0.10191
2021-04-04 12:40:00,0.10191
2021-04-04 12:50:00,0.10191
2021-04-04 13:00:00,0.02103
2021-04-04 13:10:00,0.02103
2021-04-04 13:20:00,0.02103
2021-04-04 13:30:00,0.02103
2021-04-04 13:40:00,0.02103
2021-04-04 13:50:00,0.02103
2021-04-04 14:00:00,0.01781
2021-04-04 14:10:00,0.01781
2021-04-04 14:20:00,0.01781
2021-04-04 14:30:00,0.01781
2021-04-04 14:40:00,0.01781
2021-04-04 14:50:00,0.01781
2021-04-04 15:00:00,0.02565
2021-04-04 15:10:00,0.02565
2021-04-04 15:20:00,0.02565
2021-04-04 15:30:00,0.02565
2021-04-04 15:40:00,0.02565
2021-04-04 15:50:00,0.02565
2021-04-04 16:00:00,0.1009
2021-04-04 16:10:00,0.1009
2021-04-04 16:20:00,0.1009
2021-04-04 16:30:00,0.1009
2021-04-04 16:40:00,0.1009
2021-04-04 16:50:00,0.1009
2021-04-04 17:00:00,0.30913999999999997
2021-04-04 17:10:00,0.30913999999999997
2021-04-04 17:20:00,0.30913999999999997
2021-04-04 17:30:00,0.30913999999999997
2021-04-04 17:40:00,0.30913999999999997
2021-04-04 17:50:00,0.30913999999999997
2021-04-04 18:00:00,0.34445
2021-04-04 18:10:00,0.34445
2021-04-04 18:20:00,0.34445
2021-04-04 18:30:00,0.34445
2021-04-04 18:40:00,0.34445
2021-04-04 18:50:00,0.34445
2021-04-04 19:00:00,0.34969
2021-04-04 19:10:00,0.34969
2021-04-04 19:20:00,0.34969
2021-04-04 19:30:00,0.34969
2021-04-04 19:40:00,0.34969
2021-04-04 19:50:00,0.34969
2021-04-04 20:00:00,0.34576
2021-04-04 20:10:00,0.34576
2021-04-04 20:20:00,0.34576
2021-04-04 20:30:00,0.34576
2021-04-04 20:40:00,0.34576
2021-04-04 20:50:00,0.34576
2021-04-04 21:00:00,0.32504
2021-04-04 21:10:00,0.32504
2021-04-04 21:20:00,0.32504
2021-04-04 21:30:00,0.32504
2021-04-04 21:40:00,0.32504
2021-04-04 21:50:00,0.32504
2021-04-04 22:00:00,0.24617
2021-04-04 22:10:00,0.24617
2021-04-04 22:20:00,0.24617
2021-04-04 22:30:00,0.24617
2021-04-04 22:40:00,0.24617
2021-04-04 22:50:00,0.24617
2021-04-04 23:00:00,0.15481999999999999
2021-04-04 23:10:00,0.15481999999999999
2021-04-04 23:20:00,0.15481999999999999
2021-04-04 23:30:00,0.15481999999999999
2021-04-04 23:40:00,0.15481999999999999
2021-04-04 23:50:00,0.15481999999999999
2021-04-05 00:00:00,0.19376
2021-04-05 00:10:00,0.19376
2021-04-05 00:20:00,0.19376
2021-04-05 00:30:00,0.19376
2021-04-05 00:40:00,0.19376
2021-04-05 00:50:00,0.19376
2021-04-05 01:00:00,0.13903000000000001
2021-04-05 01:10:00,0.13903000000000001
2021-04-05 01:20:00,0.13903000000000001
2021-04-05 01:30:00,0.13903000000000001
2021-04-05 01:40:00,0.13903000000000001
2021-04-05 01:50:00,0.13903000000000001
2021-04-05 02:00:00,0.15080000000000002
2021-04-05 02:10:00,0.15080000000000002
2021-04-05 02:20:00,0.15080000000000002
2021-04-05 02:30:00,0.15080000000000002
2021-04-05 02:40:00,0.15080000000000002
2021-04-05 02:50:00,0.15080000000000002
2021-04-05 03:00:00,0.08501
2021-04-05 03:10:00,0.08501
2021-04-05 03:20:00,0.08501
2021-04-05 03:30:00,0.08501
2021-04-05 03:40:00,0.08501
2021-04-05 03:50:00,0.08501
2021-04-05 04:00:00,0.02022
2021-04-05 04:10:00,0.02022
2021-04-05 04:20:00,0.02022
2021-04-05 04:30:00,0.02022
2021-04-05 04:40:00,0.02022
2021-04-05 04:50:00,0.02022
2021-04-05 05:00:00,0.0507
2021-04-05 05:10:00,0.0507
2021-04-05 05:20:00,0.0507
2021-04-05 05:30:00,0.0507
2021-04-05 05:40:00,0.0507
2021-04-05 05:50:00,0.0507
2021-04-05 06:00:00,0.11961
2021-04-05 06:10:00,0.11961
2021-04-05 06:20:00,0.11961
2021-04-05 06:30:00,0.11961
2021-04-05 06:40:00,0.11961
2021-04-05 06:50:00,0.11961
2021-04-05 07:00:00,0.21699000000000002
2021-04-05 07:10:00,0.21699000000000002
2021-04-05 07:20:00,0.21699000000000002
2021-04-05 07:30:00,0.21699000000000002
2021-04-05 07:40:00,0.21699000000000002
2021-04-05 07:50:00,0.21699000000000002
2021-04-05 08:00:00,0.30391
2021-04-05 08:10:00,0.30391
2021-04-05 08:20:00,0.30391
2021-04-05 08:30:00,0.30391
2021-04-05 08:40:00,0.30391
2021-04-05 08:50:00,0.30391
2021-04-05 09:00:00,0.26538
2021-04-05 09:10:00,0.26538
2021-04-05 09:20:00,0.26538
2021-04-05 09:30:00,0.26538
2021-04-05 09:40:00,0.26538
2021-04-05 09:50:00,0.26538
2021-04-05 10:00:00,0.25612999999999997
2021-04-05 10:10:00,0.25612999999999997
2021-04-05 10:20:00,0.25612999999999997
2021-04-05 10:30:00,0.25612999999999997
2021-04-05 10:40:00,0.25612999999999997
2021-04-05 10:50:00,0.25612999999999997
2021-04-05 11:00:00,0.24617
2021-04-05 11:10:00,0.24617
2021-04-05 11:20:00,0.24617
2021-04-05 11:30:00,0.24617
2021-04-05 11:40:00,0.24617
2021-04-05 11:50:00,0.24617
2021-04-05 12:00:00,0.08803
2021-04-05 12:10:00,0.08803
2021-04-05 12:20:00,0.08803
2021-04-05 12:30:00,0.08803
2021-04-05 12:40:00,0.08803
2021-04-05 12:50:00,0.08803
2021-04-05 13:00:00,0.0508
2021-04-05 13:10:00,0.0508
2021-04-05 13:20:00,0.0508
2021-04-05 13:30:00,0.0508
2021-04-05 13:40:00,0.0508
2021-04-05 13:50:00,0.0508
2021-04-05 14:00:00,0.04125
2021-04-05 14:10:00,0.04125
2021-04-05 14:20:00,0.04125
2021-04-05 14:30:00,0.04125
2021-04-05 14:40:00,0.04125
2021-04-05 14:50:00,0.04125
2021-04-05 15:00:00,0.04467
2021-04-05 15:10:00,0.04467
2021-04-05 15:20:00,0.04467
2021-04-05 15:30:00,0.04467
2021-04-05 15:40:00,0.04467
2021-04-05 15:50:00,0.04467
2021-04-05 16:00:00,0.05684
2021-04-05 16:10:00,0.05684
2021-04-05 16:20:00,0.05684
2021-04-05 16:30:00,0.05684
2021-04-05 16:40:00,0.05684
2021-04-05 16:50:00,0.05684
2021-04-05 17:00:00,0.25833999999999996
2021-04-05 17:10:00,0.25833999999999996
2021-04-05 17:20:00,0.25833999999999996
2021-04-05 17:30:00,0.25833999999999996
2021-04-05 17:40:00,0.25833999999999996
2021-04-05 17:50:00,0.25833999999999996
2021-04-05 18:00:00,0.3183
2021-04-05 18:10:00,0.3183
2021-04-05 18:20:00,0.3183
2021-04-05 18:30:00,0.3183
2021-04-05 18:40:00,0.3183
2021-04-05 18:50:00,0.3183
2021-04-05 19:00:00,0.32112
2021-04-05 19:10:00,0.32112
2021-04-05 19:20:00,0.32112
2021-04-05 19:30:00,0.32112
2021-04-05 19:40:00,0.32112
2021-04-05 19:50:00,0.32112
2021-04-05 20:00:00,0.32202
2021-04-05 20:10:00,0.32202
2021-04-05 20:20:00,0.32202
2021-04-05 20:30:00,0.32202
2021-04-05 20:40:00,0.32202
2021-04-05 20:50:00,0.32202
2021-04-05 21:00:00,0.31527999999999995
2021-04-05 21:10:00,0.31527999999999995
2021-04-05 21:20:00,0.31527999999999995
2021-04-05 21:30:00,0.31527999999999995
2021-04-05 21:40:00,0.31527999999999995
2021-04-05 21:50:00,0.31527999999999995
2021-04-05 22:00:00,0.29969
2021-04-05 22:10:00,0.29969
2021-04-05 22:20:00,0.29969
2021-04-05 22:30:00,0.29969
2021-04-05 22:40:00,0.29969
2021-04-05 22:50:00,0.29969
2021-04-05 23:00:00,0.28349
2021-04-05 23:10:00,0.28349
2021-04-05 23:20:00,0.28349
2021-04-05 23:30:00,0.28349
2021-04-05 23:40:00,0.28349
2021-04-05 23:50:00,0.28349
2021-04-06 00:00:00,0.18037999999999998
2021-04-06 00:10:00,0.18037999999999998
2021-04-06 00:20:00,0.18037999999999998
2021-04-06 00:30:00,0.18037999999999998
2021-04-06 00:40:00,0.18037999999999998
2021-04-06 00:50:00,0.18037999999999998
2021-04-06 01:00:00,0.16378
2021-04-06 01:10:00,0.16378
2021-04-06 01:20:00,0.16378
2021-04-06 01:30:00,0.16378
2021-04-06 01:40:00,0.16378
2021-04-06 01:50:00,0.16378
2021-04-06 02:00:00,0.25331
2021-04-06 02:10:00,0.25331
2021-04-06 02:20:00,0.25331
2021-04-06 02:30:00,0.25331
2021-04-06 02:40:00,0.25331
2021-04-06 02:50:00,0.25331
2021-04-06 03:00:00,0.29647
2021-04-06 03:10:00,0.29647
2021-04-06 03:20:00,0.29647
2021-04-06 03:30:00,0.29647
2021-04-06 03:40:00,0.29647
2021-04-06 03:50:00,0.29647
2021-04-06 04:00:00,0.34979000000000005
2021-04-06 04:10:00,0.34979000000000005
2021-04-06 04:20:00,0.34979000000000005
2021-04-06 04:30:00,0.34979000000000005
2021-04-06 04:40:00,0.34979000000000005
2021-04-06 04:50:00,0.34979000000000005
2021-04-06 05:00:00,0.41467000000000004
2021-04-06 05:10:00,0.41467000000000004
2021-04-06 05:20:00,0.41467000000000004
2021-04-06 05:30:00,0.41467000000000004
2021-04-06 05:40:00,0.41467000000000004
2021-04-06 05:50:00,0.41467000000000004
2021-04-06 06:00:00,0.44274
2021-04-06 06:10:00,0.44274
2021-04-06 06:20:00,0.44274
2021-04-06 06:30:00,0.44274
2021-04-06 06:40:00,0.44274
2021-04-06 06:50:00,0.44274
2021-04-06 07:00:00,0.54244
2021-04-06 07:10:00,0.54244
2021-04-06 07:20:00,0.54244
2021-04-06 07:30:00,0.54244
2021-04-06 07:40:00,0.54244
2021-04-06 07:50:00,0.54244
2021-04-06 08:00:00,0.40743
2021-04-06 08:10:00,0.40743
2021-04-06 08:20:00,0.40743
2021-04-06 08:30:00,0.40743
2021-04-06 08:40:00,0.40743
2021-04-06 08:50:00,0.40743
2021-04-06 09:00:00,0.40441000000000005
2021-04-06 09:10:00,0.40441000000000005
2021-04-06 09:20:00,0.40441000000000005
2021-04-06 09:30:00,0.40441000000000005
2021-04-06 09:40:00,0.40441000000000005
2021-04-06 09:50:00,0.40441000000000005
2021-04-06 10:00:00,0.4029
2021-04-06 10:10:00,0.4029
2021-04-06 10:20:00,0.4029
2021-04-06 10:30:00,0.4029
2021-04-06 10:40:00,0.4029
2021-04-06 10:50:00,0.4029
2021-04-06 11:00:00,0.39576
2021-04-06 11:10:00,0.39576
2021-04-06 11:20:00,0.39576
2021-04-06 11:30:00,0.39576
2021-04-06 11:40:00,0.39576
2021-04-06 11:50:00,0.39576
2021-04-06 12:00:00,0.37222000000000005
2021-04-06 12:10:00,0.37222000000000005
2021-04-06 12:20:00,0.37222000000000005
2021-04-06 12:30:00,0.37222000000000005
2021-04-06 12:40:00,0.37222000000000005
2021-04-06 12:50:00,0.37222000000000005
2021-04-06 13:00:00,0.36507999999999996
2021-04-06 13:10:00,0.36507999999999996
2021-04-06 13:20:00,0.36507999999999996
2021-04-06 13:30:00,0.36507999999999996
2021-04-06 13:40:00,0.36507999999999996
2021-04-06 13:50:00,0.36507999999999996
2021-04-06 14:00:00,0.36125
2021-04-06 14:10:00,0.36125
2021-04-06 14:20:00,0.36125
2021-04-06 14:30:00,0.36125
2021-04-06 14:40:00,0.36125
2021-04-06 14:50:00,0.36125
2021-04-06 15:00:00,0.35975
2021-04-06 15:10:00,0.35975
2021-04-06 15:20:00,0.35975
2021-04-06 15:30:00,0.35975
2021-04-06 15:40:00,0.35975
2021-04-06 15:50:00,0.35975
2021-04-06 16:00:00,0.38962
2021-04-06 16:10:00,0.38962
2021-04-06 16:20:00,0.38962
2021-04-06 16:30:00,0.38962
2021-04-06 16:40:00,0.38962
2021-04-06 16:50:00,0.38962
2021-04-06 17:00:00,0.42141
2021-04-06 17:10:00,0.42141
2021-04-06 17:20:00,0.42141
2021-04-06 17:30:00,0.42141
2021-04-06 17:40:00,0.42141
2021-04-06 17:50:00,0.42141
2021-04-06 18:00:00,0.43359
2021-04-06 18:10:00,0.43359
2021-04-06 18:20:00,0.43359
2021-04-06 18:30:00,0.43359
2021-04-06 18:40:00,0.43359
2021-04-06 18:50:00,0.43359
2021-04-06 19:00:00,0.41769
2021-04-06 19:10:00,0.41769
2021-04-06 19:20:00,0.41769
2021-04-06 19:30:00,0.41769
2021-04-06 19:40:00,0.41769
2021-04-06 19:50:00,0.41769
2021-04-06 20:00:00,0.40461
2021-04-06 20:10:00,0.40461
2021-04-06 20:20:00,0.40461
2021-04-06 20:30:00,0.40461
2021-04-06 20:40:00,0.40461
2021-04-06 20:50:00,0.40461
2021-04-06 21:00:00,0.39405
2021-04-06 21:10:00,0.39405
2021-04-06 21:20:00,0.39405
2021-04-06 21:30:00,0.39405
2021-04-06 21:40:00,0.39405
2021-04-06 21:50:00,0.39405
2021-04-06 22:00:00,0.39013
2021-04-06 22:10:00,0.39013
2021-04-06 22:20:00,0.39013
2021-04-06 22:30:00,0.39013
2021-04-06 22:40:00,0.39013
2021-04-06 22:50:00,0.39013
2021-04-06 23:00:00,0.38151999999999997
2021-04-06 23:10:00,0.38151999999999997
2021-04-06 23:20:00,0.38151999999999997
2021-04-06 23:30:00,0.38151999999999997
2021-04-06 23:40:00,0.38151999999999997
2021-04-06 23:50:00,0.38151999999999997
2021-04-07 00:00:00,0.38183
2021-04-07 00:10:00,0.38183
2021-04-07 00:20:00,0.38183
2021-04-07 00:30:00,0.38183
2021-04-07 00:40:00,0.38183
2021-04-07 00:50:00,0.38183
2021-04-07 01:00:00,0.38647000000000004
2021-04-07 01:10:00,0.38647000000000004
2021-04-07 01:20:00,0.38647000000000004
2021-04-07 01:30:00,0.38647000000000004
2021-04-07 01:40:00,0.38647000000000004
2021-04-07 01:50:00,0.38647000000000004
2021-04-07 02:00:00,0.39303
2021-04-07 02:10:00,0.39303
2021-04-07 02:20:00,0.39303
2021-04-07 02:30:00,0.39303
2021-04-07 02:40:00,0.39303
2021-04-07 02:50:00,0.39303
2021-04-07 03:00:00,0.38606
2021-04-07 03:10:00,0.38606
2021-04-07 03:20:00,0.38606
2021-04-07 03:30:00,0.38606
2021-04-07 03:40:00,0.38606
2021-04-07 03:50:00,0.38606
2021-04-07 04:00:00,0.39929000000000003
2021-04-07 04:10:00,0.39929000000000003
2021-04-07 04:20:00,0.39929000000000003
2021-04-07 04:30:00,0.39929000000000003
2021-04-07 04:40:00,0.39929000000000003
2021-04-07 04:50:00,0.39929000000000003
2021-04-07 05:00:00,0.57874
2021-04-07 05:10:00,0.57874
2021-04-07 05:20:00,0.57874
2021-04-07 05:30:00,0.57874
2021-04-07 05:40:00,0.57874
2021-04-07 05:50:00,0.57874
2021-04-07 06:00:00,0.78606
2021-04-07 06:10:00,0.78606
2021-04-07 06:20:00,0.78606
2021-04-07 06:30:00,0.78606
2021-04-07 06:40:00,0.78606
2021-04-07 06:50:00,0.78606
2021-04-07 07:00:00,0.83239
2021-04-07 07:10:00,0.83239
2021-04-07 07:20:00,0.83239
2021-04-07 07:30:00,0.83239
2021-04-07 07:40:00,0.83239
2021-04-07 07:50:00,0.83239
2021-04-07 08:00:00,0.65727
2021-04-07 08:10:00,0.65727
2021-04-07 08:20:00,0.65727
2021-04-07 08:30:00,0.65727
2021-04-07 08:40:00,0.65727
2021-04-07 08:50:00,0.65727
2021-04-07 09:00:00,0.5510900000000001
2021-04-07 09:10:00,0.5510900000000001
2021-04-07 09:20:00,0.5510900000000001
2021-04-07 09:30:00,0.5510900000000001
2021-04-07 09:40:00,0.5510900000000001
2021-04-07 09:50:00,0.5510900000000001
2021-04-07 10:00:00,0.51546
2021-04-07 10:10:00,0.51546
2021-04-07 10:20:00,0.51546
2021-04-07 10:30:00,0.51546
2021-04-07 10:40:00,0.51546
2021-04-07 10:50:00,0.51546
2021-04-07 11:00:00,0.41685
2021-04-07 11:10:00,0.41685
2021-04-07 11:20:00,0.41685
2021-04-07 11:30:00,0.41685
2021-04-07 11:40:00,0.41685
2021-04-07 11:50:00,0.41685
2021-04-07 12:00:00,0.41058999999999996
2021-04-07 12:10:00,0.41058999999999996
2021-04-07 12:20:00,0.41058999999999996
2021-04-07 12:30:00,0.41058999999999996
2021-04-07 12:40:00,0.41058999999999996
2021-04-07 12:50:00,0.41058999999999996
2021-04-07 13:00:00,0.40343
2021-04-07 13:10:00,0.40343
2021-04-07 13:20:00,0.40343
2021-04-07 13:30:00,0.40343
2021-04-07 13:40:00,0.40343
2021-04-07 13:50:00,0.40343
2021-04-07 14:00:00,0.40201
2021-04-07 14:10:00,0.40201
2021-04-07 14:20:00,0.40201
2021-04-07 14:30:00,0.40201
2021-04-07 14:40:00,0.40201
2021-04-07 14:50:00,0.40201
2021-04-07 15:00:00,0.40302
2021-04-07 15:10:00,0.40302
2021-04-07 15:20:00,0.40302
2021-04-07 15:30:00,0.40302
2021-04-07 15:40:00,0.40302
2021-04-07 15:50:00,0.40302
2021-04-07 16:00:00,0.40625
2021-04-07 16:10:00,0.40625
2021-04-07 16:20:00,0.40625
2021-04-07 16:30:00,0.40625
2021-04-07 16:40:00,0.40625
2021-04-07 16:50:00,0.40625
2021-04-07 17:00:00,0.46832
2021-04-07 17:10:00,0.46832
2021-04-07 17:20:00,0.46832
2021-04-07 17:30:00,0.46832
2021-04-07 17:40:00,0.46832
2021-04-07 17:50:00,0.46832
2021-04-07 18:00:00,0.56017
2021-04-07 18:10:00,0.56017
2021-04-07 18:20:00,0.56017
2021-04-07 18:30:00,0.56017
2021-04-07 18:40:00,0.56017
2021-04-07 18:50:00,0.56017
2021-04-07 19:00:00,0.48558
2021-04-07 19:10:00,0.48558
2021-04-07 19:20:00,0.48558
2021-04-07 19:30:00,0.48558
2021-04-07 19:40:00,0.48558
2021-04-07 19:50:00,0.48558
2021-04-07 20:00:00,0.42533
2021-04-07 20:10:00,0.42533
2021-04-07 20:20:00,0.42533
2021-04-07 20:30:00,0.42533
2021-04-07 20:40:00,0.42533
2021-04-07 20:50:00,0.42533
2021-04-07 21:00:00,0.41311000000000003
2021-04-07 21:10:00,0.41311000000000003
2021-04-07 21:20:00,0.41311000000000003
2021-04-07 21:30:00,0.41311000000000003
2021-04-07 21:40:00,0.41311000000000003
2021-04-07 21:50:00,0.41311000000000003
2021-04-07 22:00:00,0.39030000000000004
